precinct_key,name20,countyfp20,geoid20,vtdst20,district_num,area_weight,intersection_area,precinct_area
ADAMS - C 0001,Adams - C 0001,001,55001000001,000001,72,1.000000000000,4485742.000000,4485742.000000
ADAMS - C 0002,Adams - C 0002,001,55001000002,000002,72,1.000000000000,669564.000000,669564.000000
ADAMS - C 0003,Adams - C 0003,001,55001000003,000003,72,1.000000000000,1890000.000000,1890000.000000
ADAMS - C 0004,Adams - C 0004,001,55001000004,000004,72,1.000000000000,586539.000000,586539.000000
ADAMS - T 0001,ADAMS - T 0001,001,55001000005,000005,72,1.000000000000,111960759.000000,111960759.000000
ADAMS - T 0002,ADAMS - T 0002,001,55001000006,000006,72,1.000000000000,16049850.000000,16049850.000000
ADAMS - T 0003,ADAMS - T 0003,001,55001000007,000007,72,1.000000000000,2614006.000000,2614006.000000
BIG FLATS - T 0001,BIG FLATS - T 0001,001,55001000008,000008,72,1.000000000000,62419918.000000,62419918.000000
BIG FLATS - T 0002,BIG FLATS - T 0002,001,55001000009,000009,72,1.000000000000,62142422.000000,62142422.000000
COLBURN - T 0001,COLBURN - T 0001,001,55001000010,000010,57,1.000000000000,93002588.000000,93002588.000000
DELL PRAIRIE - T 0001,DELL PRAIRIE - T 0001,001,55001000011,000011,41,1.000000000000,34843090.000000,34843090.000000
DELL PRAIRIE - T 0003,DELL PRAIRIE - T 0003,001,55001000012,000012,41,1.000000000000,1866568.000000,1866568.000000
EASTON - T 0001,EASTON - T 0001,001,55001000013,000013,41,1.000000000000,57163473.000000,57163473.000000
EASTON - T 0002,EASTON - T 0002,001,55001000014,000014,41,1.000000000000,36454629.000000,36454629.000000
FRIENDSHIP - V 0001,Friendship - V 0001,001,55001000015,000015,72,1.000000000000,2445406.000000,2445406.000000
JACKSON - T 0001,JACKSON - T 0001,001,55001000016,000016,39,1.000000000000,44764075.000000,44764075.000000
JACKSON - T 0002,JACKSON - T 0002,001,55001000017,000017,39,1.000000000000,47651998.000000,47651998.000000
LEOLA - T 0001,LEOLA - T 0001,001,55001000018,000018,71,1.000000000000,96673545.000000,96673545.000000
LINCOLN - T 0001,LINCOLN - T 0001,001,55001000019,000019,39,1.000000000000,93572226.000000,93572226.000000
MONROE - T 0001,MONROE - T 0001,001,55001000020,000020,72,1.000000000000,97260720.000000,97260720.000000
NEW CHESTER - T 0001,NEW CHESTER - T 0001,001,55001000021,000021,39,1.000000000000,33334588.000000,33334588.000000
NEW CHESTER - T 0002,NEW CHESTER - T 0002,001,55001000022,000022,39,1.000000000000,42320463.000000,42320463.000000
NEW CHESTER - T 0003,NEW CHESTER - T 0003,001,55001000023,000023,39,1.000000000000,5631451.000000,5631451.000000
NEW HAVEN - T 0001,NEW HAVEN - T 0001,001,55001000024,000024,41,1.000000000000,78741653.000000,78741653.000000
PRESTON - T 0001,PRESTON - T 0001,001,55001000025,000025,72,1.000000000000,36118060.000000,36118060.000000
PRESTON - T 0002,PRESTON - T 0002,001,55001000026,000026,72,1.000000000000,56710426.000000,56710426.000000
QUINCY - T 0001,QUINCY - T 0001,001,55001000027,000027,72,1.000000000000,47043791.000000,47043791.000000
QUINCY - T 0002,QUINCY - T 0002,001,55001000028,000028,72,1.000000000000,41931958.000000,41931958.000000
QUINCY - T 0003,QUINCY - T 0003,001,55001000029,000029,72,1.000000000000,14803733.000000,14803733.000000
RICHFIELD - T 0001,RICHFIELD - T 0001,001,55001000030,000030,57,1.000000000000,92160396.000000,92160396.000000
ROME - T 0001,ROME - T 0001,001,55001000031,000031,72,1.000000000000,84755280.000000,84755280.000000
ROME - T 0002,ROME - T 0002,001,55001000032,000032,72,1.000000000000,9890451.000000,9890451.000000
ROME - T 0003,ROME - T 0003,001,55001000033,000033,72,1.000000000000,5430460.000000,5430460.000000
ROME - T 0004,ROME - T 0004,001,55001000034,000034,72,1.000000000000,10814653.000000,10814653.000000
ROME - T 0005,ROME - T 0005,001,55001000035,000035,72,1.000000000000,50280208.000000,50280208.000000
SPRINGVILLE - T 0001,SPRINGVILLE - T 0001,001,55001000036,000036,41,1.000000000000,18192592.000000,18192592.000000
SPRINGVILLE - T 0002,SPRINGVILLE - T 0002,001,55001000037,000037,41,1.000000000000,97270584.000000,97270584.000000
STRONGS PRAIRIE - T 0003,STRONGS PRAIRIE - T 0003,001,55001000038,000038,72,1.000000000000,9726391.000000,9726391.000000
WISCONSIN DELLS - C 0005,Wisconsin Dells - C 0005,001,55001000039,000039,41,1.000000000000,2967022.000000,2967022.000000
WISCONSIN DELLS - C 0005,Wisconsin Dells - C 0005,001,55001000040,000040,41,1.000000000000,994579.000000,994579.000000
WISCONSIN DELLS - C 0009,Wisconsin Dells - C 0009,001,55001000041,000041,41,1.000000000000,551379.000000,551379.000000
STRONGS PRAIRIE - T 0001,STRONGS PRAIRIE - T 0001,001,55001000042,000042,72,1.000000000000,62363344.000000,62363344.000000
STRONGS PRAIRIE - T 0002,STRONGS PRAIRIE - T 0002,001,55001000043,000043,72,1.000000000000,62475118.000000,62475118.000000
DELL PRAIRIE - T 0002,DELL PRAIRIE - T 0002,001,55001000044,000044,41,1.000000000000,47539338.000000,47539338.000000
AGENDA - T 0001,AGENDA - T 0001,003,55003000045,000045,74,1.000000000000,231779089.000000,231779089.000000
ASHLAND - C 0001,Ashland - C 0001,003,55003000046,000046,73,1.000000000000,8110828.000000,8110828.000000
ASHLAND - C 0002,Ashland - C 0002,003,55003000047,000047,73,1.000000000000,702721.000000,702721.000000
ASHLAND - C 0003,Ashland - C 0003,003,55003000048,000048,73,1.000000000000,2019797.000000,2019797.000000
ASHLAND - C 0004,Ashland - C 0004,003,55003000049,000049,73,1.000000000000,1300775.000000,1300775.000000
ASHLAND - C 0005,Ashland - C 0005,003,55003000050,000050,73,1.000000000000,381443.000000,381443.000000
ASHLAND - C 0006,Ashland - C 0006,003,55003000051,000051,73,1.000000000000,1206986.000000,1206986.000000
ASHLAND - C 0007,Ashland - C 0007,003,55003000052,000052,73,1.000000000000,3183271.000000,3183271.000000
ASHLAND - C 0008,Ashland - C 0008,003,55003000053,000053,73,1.000000000000,550819.000000,550819.000000
ASHLAND - C 0009,Ashland - C 0009,003,55003000054,000054,73,1.000000000000,1027713.000000,1027713.000000
ASHLAND - C 0010,Ashland - C 0010,003,55003000055,000055,73,1.000000000000,3928097.000000,3928097.000000
ASHLAND - C 0011,Ashland - C 0011,003,55003000056,000056,73,1.000000000000,13277495.000000,13277495.000000
ASHLAND - T 0001,ASHLAND - T 0001,003,55003000057,000057,74,1.000000000000,107071744.000000,107071744.000000
BUTTERNUT - V 0001,Butternut - V 0001,003,55003000058,000058,74,1.000000000000,1932227.000000,1932227.000000
BUTTERNUT - V 0002,Butternut - V 0002,003,55003000059,000059,74,1.000000000000,2159862.000000,2159862.000000
CHIPPEWA - T 0001,CHIPPEWA - T 0001,003,55003000060,000060,74,1.000000000000,325724738.000000,325724738.000000
GINGLES - T 0001,GINGLES - T 0001,003,55003000061,000061,73,1.000000000000,101063866.000000,101063866.000000
GORDON - T 0001,GORDON - T 0001,003,55003000062,000062,74,1.000000000000,146479407.000000,146479407.000000
GORDON - T 0002,GORDON - T 0002,003,55003000063,000063,74,1.000000000000,130926013.000000,130926013.000000
JACOBS - T 0001,JACOBS - T 0001,003,55003000064,000064,74,1.000000000000,132983000.000000,132983000.000000
LA POINTE - T 0001,LA POINTE - T 0001,003,55003000065,000065,73,1.000000000000,3293590161.000000,3293590161.000000
MARENGO - T 0001,MARENGO - T 0001,003,55003000066,000066,74,1.000000000000,103842582.000000,103842582.000000
MARENGO - T 0002,MARENGO - T 0002,003,55003000067,000067,74,1.000000000000,83248414.000000,83248414.000000
MELLEN - C 0001,Mellen - C 0001,003,55003000068,000068,74,1.000000000000,4876551.000000,4876551.000000
MORSE - T 0001,MORSE - T 0001,003,55003000069,000069,74,1.000000000000,228283805.000000,228283805.000000
MORSE - T 0002,MORSE - T 0002,003,55003000070,000070,74,1.000000000000,30729162.000000,30729162.000000
MORSE - T 0003,MORSE - T 0003,003,55003000071,000071,74,1.000000000000,11196240.000000,11196240.000000
PEEKSVILLE - T 0001,PEEKSVILLE - T 0001,003,55003000072,000072,74,1.000000000000,19475896.000000,19475896.000000
PEEKSVILLE - T 0002,PEEKSVILLE - T 0002,003,55003000073,000073,74,1.000000000000,76171239.000000,76171239.000000
SANBORN - T 0001,SANBORN - T 0001,003,55003000074,000074,73,1.000000000000,167657589.000000,167657589.000000
SANBORN - T 0002,SANBORN - T 0002,003,55003000075,000075,73,1.000000000000,355815154.000000,355815154.000000
SHANAGOLDEN - T 0001,SHANAGOLDEN - T 0001,003,55003000076,000076,74,1.000000000000,232056837.000000,232056837.000000
WHITE RIVER - T 0001,WHITE RIVER - T 0001,003,55003000077,000077,74,1.000000000000,93800404.000000,93800404.000000
WHITE RIVER - T 0002,WHITE RIVER - T 0002,003,55003000078,000078,74,1.000000000000,20633180.000000,20633180.000000
MAPLE PLAIN - T 0001,MAPLE PLAIN - T 0001,005,55005000079,000079,67,1.000000000000,92886304.000000,92886304.000000
LAKELAND - T 0001,LAKELAND - T 0001,005,55005000080,000080,67,1.000000000000,27569992.000000,27569992.000000
BEAR LAKE - T 0001,BEAR LAKE - T 0001,005,55005000081,000081,67,1.000000000000,91109204.000000,91109204.000000
HAUGEN - V 0001,Haugen - V 0001,005,55005000082,000082,67,1.000000000000,1320649.000000,1320649.000000
OAK GROVE - T 0002,OAK GROVE - T 0002,005,55005000083,000083,67,1.000000000000,48809754.000000,48809754.000000
OAK GROVE - T 0001,OAK GROVE - T 0001,005,55005000084,000084,67,1.000000000000,42263362.000000,42263362.000000
CEDAR LAKE - T 0001,CEDAR LAKE - T 0001,005,55005000085,000085,67,1.000000000000,91661015.000000,91661015.000000
CRYSTAL LAKE - T 0001,CRYSTAL LAKE - T 0001,005,55005000086,000086,67,1.000000000000,88412403.000000,88412403.000000
STANFOLD - T 0001,STANFOLD - T 0001,005,55005000087,000087,67,1.000000000000,93015115.000000,93015115.000000
RICE LAKE - T 0001,RICE LAKE - T 0001,005,55005000088,000088,67,1.000000000000,25193277.000000,25193277.000000
RICE LAKE - T 0002,RICE LAKE - T 0002,005,55005000089,000089,67,1.000000000000,33369031.000000,33369031.000000
DOYLE - T 0002,DOYLE - T 0002,005,55005000090,000090,67,1.000000000000,29674002.000000,29674002.000000
DOYLE - T 0001,DOYLE - T 0001,005,55005000091,000091,67,1.000000000000,62533600.000000,62533600.000000
SUMNER - T 0001,SUMNER - T 0001,005,55005000092,000092,67,1.000000000000,92391810.000000,92391810.000000
CHETEK - T 0002,CHETEK - T 0002,005,55005000093,000093,67,1.000000000000,52732044.000000,52732044.000000
CHETEK - T 0001,CHETEK - T 0001,005,55005000094,000094,67,1.000000000000,34208357.000000,34208357.000000
DOVRE - T 0001,DOVRE - T 0001,005,55005000095,000095,67,1.000000000000,91184711.000000,91184711.000000
SIOUX CREEK - T 0001,SIOUX CREEK - T 0001,005,55005000096,000096,67,1.000000000000,91315913.000000,91315913.000000
DALLAS - V 0001,Dallas - V 0001,005,55005000097,000097,67,1.000000000000,3845106.000000,3845106.000000
DALLAS - T 0001,DALLAS - T 0001,005,55005000098,000098,67,1.000000000000,87816995.000000,87816995.000000
PRAIRIE FARM - T 0001,PRAIRIE FARM - T 0001,005,55005000099,000099,67,1.000000000000,49833371.000000,49833371.000000
PRAIRIE FARM - T 0002,PRAIRIE FARM - T 0002,005,55005000100,000100,67,1.000000000000,39080090.000000,39080090.000000
PRAIRIE FARM - V 0001,Prairie Farm - V 0001,005,55005000101,000101,67,1.000000000000,2582240.000000,2582240.000000
VANCE CREEK - T 0001,VANCE CREEK - T 0001,005,55005000102,000102,67,1.000000000000,91803538.000000,91803538.000000
TURTLE LAKE - T 0001,TURTLE LAKE - T 0001,005,55005000103,000103,67,1.000000000000,92222905.000000,92222905.000000
ARLAND - T 0001,ARLAND - T 0001,005,55005000104,000104,67,1.000000000000,91626888.000000,91626888.000000
MAPLE GROVE - T 0001,MAPLE GROVE - T 0001,005,55005000105,000105,67,1.000000000000,58338926.000000,58338926.000000
MAPLE GROVE - T 0002,MAPLE GROVE - T 0002,005,55005000106,000106,67,1.000000000000,33574705.000000,33574705.000000
PRAIRIE LAKE - T 0002,PRAIRIE LAKE - T 0002,005,55005000107,000107,67,1.000000000000,71084706.000000,71084706.000000
PRAIRIE LAKE - T 0001,PRAIRIE LAKE - T 0001,005,55005000108,000108,67,1.000000000000,19478524.000000,19478524.000000
CLINTON - T 0001,CLINTON - T 0001,005,55005000109,000109,67,1.000000000000,91774617.000000,91774617.000000
BARRON - T 0001,BARRON - T 0001,005,55005000110,000110,67,1.000000000000,50244677.000000,50244677.000000
BARRON - T 0002,BARRON - T 0002,005,55005000111,000111,67,1.000000000000,34898139.000000,34898139.000000
ALMENA - T 0002,ALMENA - T 0002,005,55005000112,000112,67,1.000000000000,34435933.000000,34435933.000000
ALMENA - T 0001,ALMENA - T 0001,005,55005000113,000113,67,1.000000000000,49565643.000000,49565643.000000
TURTLE LAKE - V 0001,Turtle Lake - V 0001,005,55005000114,000114,67,1.000000000000,6060312.000000,6060312.000000
ALMENA - V 0001,Almena - V 0001,005,55005000115,000115,67,1.000000000000,2925144.000000,2925144.000000
NEW AUBURN - V 0002,New Auburn - V 0002,005,55005000116,000116,67,1.000000000000,501150.000000,501150.000000
CHETEK - C 0001,Chetek - C 0001,005,55005000117,000117,67,1.000000000000,3297791.000000,3297791.000000
CHETEK - C 0002,Chetek - C 0002,005,55005000118,000118,67,1.000000000000,1087302.000000,1087302.000000
CHETEK - C 0004,Chetek - C 0004,005,55005000119,000119,67,1.000000000000,1855964.000000,1855964.000000
CHETEK - C 0003,Chetek - C 0003,005,55005000120,000120,67,1.000000000000,1811922.000000,1811922.000000
BARRON - C 0001,Barron - C 0001,005,55005000121,000121,67,1.000000000000,1046888.000000,1046888.000000
BARRON - C 0002,Barron - C 0002,005,55005000122,000122,67,1.000000000000,1609912.000000,1609912.000000
BARRON - C 0003,Barron - C 0003,005,55005000123,000123,67,1.000000000000,2024588.000000,2024588.000000
BARRON - C 0004,Barron - C 0004,005,55005000124,000124,67,1.000000000000,876252.000000,876252.000000
BARRON - C 0005,Barron - C 0005,005,55005000125,000125,67,1.000000000000,1067014.000000,1067014.000000
BARRON - C 0006,Barron - C 0006,005,55005000126,000126,67,1.000000000000,93076.000000,93076.000000
BARRON - C 0007,Barron - C 0007,005,55005000127,000127,67,1.000000000000,1051584.000000,1051584.000000
STANLEY - T 0003,STANLEY - T 0003,005,55005000128,000128,67,1.000000000000,20596914.000000,20596914.000000
STANLEY - T 0004,STANLEY - T 0004,005,55005000129,000129,67,1.000000000000,18444855.000000,18444855.000000
STANLEY - T 0002,STANLEY - T 0002,005,55005000130,000130,67,1.000000000000,32888076.000000,32888076.000000
STANLEY - T 0001,STANLEY - T 0001,005,55005000131,000131,67,1.000000000000,9804567.000000,9804567.000000
CAMERON - V 0001,Cameron - V 0001,005,55005000132,000132,67,1.000000000000,2881802.000000,2881802.000000
CAMERON - V 0002,Cameron - V 0002,005,55005000133,000133,67,1.000000000000,2213051.000000,2213051.000000
CAMERON - V 0003,Cameron - V 0003,005,55005000134,000134,67,1.000000000000,1743185.000000,1743185.000000
RICE LAKE - C 0013,Rice Lake - C 0013,005,55005000135,000135,67,1.000000000000,7932048.000000,7932048.000000
RICE LAKE - T 0003,RICE LAKE - T 0003,005,55005000136,000136,67,1.000000000000,6376096.000000,6376096.000000
RICE LAKE - T 0004,RICE LAKE - T 0004,005,55005000137,000137,67,1.000000000000,6080198.000000,6080198.000000
RICE LAKE - C 0005,Rice Lake - C 0005,005,55005000138,000138,67,1.000000000000,3804108.000000,3804108.000000
RICE LAKE - C 0003,Rice Lake - C 0003,005,55005000139,000139,67,1.000000000000,2139584.000000,2139584.000000
RICE LAKE - C 0006,Rice Lake - C 0006,005,55005000140,000140,67,1.000000000000,1323746.000000,1323746.000000
RICE LAKE - C 0010,Rice Lake - C 0010,005,55005000141,000141,67,1.000000000000,1241374.000000,1241374.000000
RICE LAKE - C 0009,Rice Lake - C 0009,005,55005000142,000142,67,1.000000000000,1263793.000000,1263793.000000
RICE LAKE - C 0002,Rice Lake - C 0002,005,55005000143,000143,67,1.000000000000,1616581.000000,1616581.000000
RICE LAKE - C 0004,Rice Lake - C 0004,005,55005000144,000144,67,1.000000000000,467475.000000,467475.000000
RICE LAKE - C 0011,Rice Lake - C 0011,005,55005000145,000145,67,1.000000000000,1418214.000000,1418214.000000
RICE LAKE - C 0012,Rice Lake - C 0012,005,55005000146,000146,67,1.000000000000,2647092.000000,2647092.000000
RICE LAKE - C 0008,Rice Lake - C 0008,005,55005000147,000147,67,1.000000000000,377907.000000,377907.000000
RICE LAKE - C 0007,Rice Lake - C 0007,005,55005000148,000148,67,1.000000000000,449332.000000,449332.000000
RICE LAKE - C 0001,Rice Lake - C 0001,005,55005000149,000149,67,1.000000000000,566695.000000,566695.000000
CUMBERLAND - C 0002,Cumberland - C 0002,005,55005000150,000150,67,1.000000000000,3602081.000000,3602081.000000
CUMBERLAND - C 0001,Cumberland - C 0001,005,55005000151,000151,67,1.000000000000,4063092.000000,4063092.000000
CUMBERLAND - C 0003,Cumberland - C 0003,005,55005000152,000152,67,1.000000000000,2088770.000000,2088770.000000
CUMBERLAND - C 0004,Cumberland - C 0004,005,55005000153,000153,67,1.000000000000,1950549.000000,1950549.000000
NEW AUBURN - V 0003,New Auburn - V 0003,005,55005000154,000154,67,1.000000000000,196178.000000,196178.000000
LAKELAND - T 0002,LAKELAND - T 0002,005,55005000155,000155,67,1.000000000000,63693963.000000,63693963.000000
CUMBERLAND - T 0001,CUMBERLAND - T 0001,005,55005000156,000156,67,1.000000000000,85438155.000000,85438155.000000
KELLY - T 0001,KELLY - T 0001,007,55007000157,000157,74,1.000000000000,94990689.000000,94990689.000000
PORT WING - T 0001,PORT WING - T 0001,007,55007000158,000158,73,1.000000000000,126395202.000000,126395202.000000
ASHLAND - C 0012,Ashland - C 0012,007,55007000159,000159,73,1.000000000000,38264.000000,38264.000000
RUSSELL - T 0001,RUSSELL - T 0001,007,55007000160,000160,73,1.000000000000,228550893.000000,228550893.000000
MASON - T 0001,MASON - T 0001,007,55007000161,000161,74,1.000000000000,92760007.000000,92760007.000000
RUSSELL - T 0002,RUSSELL - T 0002,007,55007000162,000162,73,1.000000000000,30670179.000000,30670179.000000
LINCOLN - T 0001,LINCOLN - T 0001,007,55007000163,000163,74,1.000000000000,92858074.000000,92858074.000000
HUGHES - T 0001,HUGHES - T 0001,007,55007000164,000164,73,1.000000000000,138603099.000000,138603099.000000
OULU - T 0001,OULU - T 0001,007,55007000165,000165,73,1.000000000000,91722581.000000,91722581.000000
CABLE - T 0001,CABLE - T 0001,007,55007000166,000166,74,1.000000000000,184492776.000000,184492776.000000
BAYVIEW - T 0001,BAYVIEW - T 0001,007,55007000167,000167,73,1.000000000000,145847967.000000,145847967.000000
BAYFIELD - T 0001,BAYFIELD - T 0001,007,55007000168,000168,73,1.000000000000,591734047.000000,591734047.000000
DRUMMOND - T 0001,DRUMMOND - T 0001,007,55007000169,000169,74,1.000000000000,370670283.000000,370670283.000000
GRANDVIEW - T 0001,GRANDVIEW - T 0001,007,55007000170,000170,74,1.000000000000,276991748.000000,276991748.000000
TRIPP - T 0001,TRIPP - T 0001,007,55007000171,000171,73,1.000000000000,90182999.000000,90182999.000000
PILSEN - T 0001,PILSEN - T 0001,007,55007000172,000172,73,1.000000000000,90989401.000000,90989401.000000
IRON RIVER - T 0002,IRON RIVER - T 0002,007,55007000173,000173,73,1.000000000000,62270899.000000,62270899.000000
ORIENTA - T 0001,ORIENTA - T 0001,007,55007000174,000174,73,1.000000000000,487475275.000000,487475275.000000
IRON RIVER - T 0001,IRON RIVER - T 0001,007,55007000175,000175,73,1.000000000000,29680169.000000,29680169.000000
WASHBURN - T 0001,WASHBURN - T 0001,007,55007000176,000176,73,1.000000000000,220074898.000000,220074898.000000
CLOVER - T 0001,CLOVER - T 0001,007,55007000177,000177,73,1.000000000000,163755215.000000,163755215.000000
MASON - V 0001,Mason - V 0001,007,55007000178,000178,74,1.000000000000,1847227.000000,1847227.000000
DELTA - T 0001,DELTA - T 0001,007,55007000179,000179,73,0.000029583993,5514.000000,186384576.000000
DELTA - T 0001,DELTA - T 0001,007,55007000179,000179,74,0.999970416007,186379062.000000,186384576.000000
KEYSTONE - T 0001,KEYSTONE - T 0001,007,55007000180,000180,73,1.000000000000,92536865.000000,92536865.000000
BARNES - T 0001,BARNES - T 0001,007,55007000181,000181,74,1.000000000000,322691880.000000,322691880.000000
EILEEN - T 0001,EILEEN - T 0001,007,55007000182,000182,73,1.000000000000,63329858.000000,63329858.000000
NAMAKAGON - T 0001,NAMAKAGON - T 0001,007,55007000183,000183,74,1.000000000000,186869096.000000,186869096.000000
BARKSDALE - T 0001,BARKSDALE - T 0001,007,55007000184,000184,73,1.000000000000,172097734.000000,172097734.000000
BELL - T 0001,BELL - T 0001,007,55007000185,000185,73,1.000000000000,605154839.000000,605154839.000000
EILEEN - T 0002,EILEEN - T 0002,007,55007000186,000186,73,1.000000000000,28040414.000000,28040414.000000
WASHBURN - C 0003,Washburn - C 0003,007,55007000187,000187,73,1.000000000000,395051.000000,395051.000000
WASHBURN - C 0001,Washburn - C 0001,007,55007000188,000188,73,1.000000000000,7713469.000000,7713469.000000
BAYFIELD - C 0003,Bayfield - C 0003,007,55007000189,000189,73,1.000000000000,387515.000000,387515.000000
BAYFIELD - C 0004,Bayfield - C 0004,007,55007000190,000190,73,1.000000000000,327907.000000,327907.000000
BAYFIELD - C 0001,Bayfield - C 0001,007,55007000191,000191,73,1.000000000000,330863.000000,330863.000000
WASHBURN - C 0004,Washburn - C 0004,007,55007000192,000192,73,1.000000000000,6094913.000000,6094913.000000
BAYFIELD - C 0002,Bayfield - C 0002,007,55007000193,000193,73,1.000000000000,1206318.000000,1206318.000000
WASHBURN - C 0002,Washburn - C 0002,007,55007000194,000194,73,1.000000000000,1814783.000000,1814783.000000
SCOTT - T 0001,SCOTT - T 0001,009,55009000195,000195,1,1.000000000000,3877528.000000,3877528.000000
HOWARD - V 0008,Howard - V 0008,009,55009000196,000196,4,1.000000000000,2254003.000000,2254003.000000
ASHWAUBENON - V 0008,Ashwaubenon - V 0008,009,55009000197,000197,89,1.000000000000,1784115.000000,1784115.000000
GREEN BAY - C 0013,Green Bay - C 0013,009,55009000198,000198,90,1.000000000000,1139724.000000,1139724.000000
HOWARD - V 0007,Howard - V 0007,009,55009000199,000199,4,1.000000000000,2106435.000000,2106435.000000
ASHWAUBENON - V 0006,Ashwaubenon - V 0006,009,55009000200,000200,89,1.000000000000,799816.000000,799816.000000
LEDGEVIEW - T 0004,LEDGEVIEW - T 0004,009,55009000201,000201,2,1.000000000000,10494148.000000,10494148.000000
HOBART - V 0005,Hobart - V 0005,009,55009000202,000202,5,1.000000000000,8586346.000000,8586346.000000
GREEN BAY - C 0032,Green Bay - C 0032,009,55009000203,000203,89,1.000000000000,1355784.000000,1355784.000000
LEDGEVIEW - T 0010,LEDGEVIEW - T 0010,009,55009000204,000204,2,1.000000000000,5117074.000000,5117074.000000
MORRISON - T 0001,MORRISON - T 0001,009,55009000205,000205,2,1.000000000000,47374864.000000,47374864.000000
GREEN BAY - C 0014,Green Bay - C 0014,009,55009000206,000206,90,1.000000000000,1132753.000000,1132753.000000
GREEN BAY - C 0041,Green Bay - C 0041,009,55009000207,000207,89,1.000000000000,528654.000000,528654.000000
DE PERE - C 0013,De Pere - C 0013,009,55009000208,000208,88,1.000000000000,1537054.000000,1537054.000000
ALLOUEZ - V 0009,Allouez - V 0009,009,55009000209,000209,88,1.000000000000,288417.000000,288417.000000
ASHWAUBENON - V 0002,Ashwaubenon - V 0002,009,55009000210,000210,89,1.000000000000,1001087.000000,1001087.000000
ASHWAUBENON - V 0004,Ashwaubenon - V 0004,009,55009000211,000211,89,1.000000000000,1289212.000000,1289212.000000
LEDGEVIEW - T 0001,LEDGEVIEW - T 0001,009,55009000212,000212,2,1.000000000000,8201458.000000,8201458.000000
LEDGEVIEW - T 0002,LEDGEVIEW - T 0002,009,55009000213,000213,2,1.000000000000,11378565.000000,11378565.000000
SCOTT - T 0003,SCOTT - T 0003,009,55009000214,000214,1,1.000000000000,5271201.000000,5271201.000000
SUAMICO - V 0005,Suamico - V 0005,009,55009000215,000215,4,1.000000000000,17879034.000000,17879034.000000
GREEN BAY - C 0025,Green Bay - C 0025,009,55009000216,000216,89,1.000000000000,702871.000000,702871.000000
GREEN BAY - C 0011,Green Bay - C 0011,009,55009000217,000217,90,1.000000000000,1297921.000000,1297921.000000
BELLEVUE - V 0008,Bellevue - V 0008,009,55009000218,000218,88,1.000000000000,1590533.000000,1590533.000000
DE PERE - C 0001,De Pere - C 0001,009,55009000219,000219,88,1.000000000000,1273214.000000,1273214.000000
GREEN BAY - C 0026,Green Bay - C 0026,009,55009000220,000220,90,1.000000000000,1640627.000000,1640627.000000
DE PERE - C 0002,De Pere - C 0002,009,55009000221,000221,88,1.000000000000,1054086.000000,1054086.000000
PULASKI - V 0002,Pulaski - V 0002,009,55009000222,000222,6,1.000000000000,1832479.000000,1832479.000000
GREEN BAY - C 0045,Green Bay - C 0045,009,55009000223,000223,89,1.000000000000,5872244.000000,5872244.000000
GREEN BAY - C 0044,Green Bay - C 0044,009,55009000224,000224,89,1.000000000000,1882954.000000,1882954.000000
LEDGEVIEW - T 0007,LEDGEVIEW - T 0007,009,55009000225,000225,2,1.000000000000,607016.000000,607016.000000
HUMBOLDT - T 0002,HUMBOLDT - T 0002,009,55009000226,000226,1,1.000000000000,15722032.000000,15722032.000000
GREEN BAY - C 0019,Green Bay - C 0019,009,55009000227,000227,90,1.000000000000,1938965.000000,1938965.000000
LAWRENCE - T 0005,LAWRENCE - T 0005,009,55009000228,000228,5,1.000000000000,9251717.000000,9251717.000000
HOWARD - V 0009,Howard - V 0009,009,55009000229,000229,4,1.000000000000,740592.000000,740592.000000
GREEN BAY - C 0001,Green Bay - C 0001,009,55009000230,000230,1,1.000000000000,4193094.000000,4193094.000000
GREEN BAY - C 0012,Green Bay - C 0012,009,55009000231,000231,90,1.000000000000,1191133.000000,1191133.000000
ALLOUEZ - V 0007,Allouez - V 0007,009,55009000232,000232,88,1.000000000000,748420.000000,748420.000000
GREEN BAY - C 0002,Green Bay - C 0002,009,55009000233,000233,90,1.000000000000,4789906.000000,4789906.000000
GREEN BAY - C 0017,Green Bay - C 0017,009,55009000234,000234,90,1.000000000000,1140916.000000,1140916.000000
NEW DENMARK - T 0002,NEW DENMARK - T 0002,009,55009000235,000235,2,1.000000000000,39131111.000000,39131111.000000
DE PERE - C 0004,De Pere - C 0004,009,55009000236,000236,88,1.000000000000,660620.000000,660620.000000
GREEN BAY - C 0023,Green Bay - C 0023,009,55009000237,000237,90,1.000000000000,2720498.000000,2720498.000000
DENMARK - V 0003,Denmark - V 0003,009,55009000238,000238,2,1.000000000000,1734806.000000,1734806.000000
GREEN BAY - T 0002,GREEN BAY - T 0002,009,55009000239,000239,1,1.000000000000,11691793.000000,11691793.000000
EATON - T 0001,EATON - T 0001,009,55009000240,000240,1,1.000000000000,26230371.000000,26230371.000000
HOWARD - V 0018,Howard - V 0018,009,55009000241,000241,4,1.000000000000,378344.000000,378344.000000
GREEN BAY - C 0040,Green Bay - C 0040,009,55009000242,000242,89,1.000000000000,1011613.000000,1011613.000000
HOWARD - V 0010,Howard - V 0010,009,55009000243,000243,4,1.000000000000,1134082.000000,1134082.000000
GREEN BAY - C 0008,Green Bay - C 0008,009,55009000244,000244,90,1.000000000000,2835042.000000,2835042.000000
GREEN BAY - C 0018,Green Bay - C 0018,009,55009000245,000245,90,1.000000000000,1496211.000000,1496211.000000
HOWARD - V 0013,Howard - V 0013,009,55009000246,000246,4,1.000000000000,1036913.000000,1036913.000000
BELLEVUE - V 0009,Bellevue - V 0009,009,55009000247,000247,88,1.000000000000,1525936.000000,1525936.000000
HOWARD - V 0014,Howard - V 0014,009,55009000248,000248,4,1.000000000000,811031.000000,811031.000000
GREEN BAY - C 0022,Green Bay - C 0022,009,55009000249,000249,90,1.000000000000,1065508.000000,1065508.000000
SUAMICO - V 0006,Suamico - V 0006,009,55009000250,000250,4,1.000000000000,2269209.000000,2269209.000000
SUAMICO - V 0002,Suamico - V 0002,009,55009000251,000251,4,1.000000000000,3436450.000000,3436450.000000
GREEN BAY - C 0036,Green Bay - C 0036,009,55009000252,000252,89,1.000000000000,530052.000000,530052.000000
DE PERE - C 0010,De Pere - C 0010,009,55009000253,000253,5,0.000490305556,1618.000000,3299983.000000
DE PERE - C 0010,De Pere - C 0010,009,55009000253,000253,88,0.999509694444,3298365.000000,3299983.000000
GREEN BAY - C 0010,Green Bay - C 0010,009,55009000254,000254,90,1.000000000000,1359642.000000,1359642.000000
LEDGEVIEW - T 0005,LEDGEVIEW - T 0005,009,55009000255,000255,2,1.000000000000,1138675.000000,1138675.000000
HOWARD - V 0015,Howard - V 0015,009,55009000256,000256,4,0.995959452015,9938278.000000,9978597.000000
HOWARD - V 0015,Howard - V 0015,009,55009000256,000256,5,0.004040547985,40319.000000,9978597.000000
BELLEVUE - V 0007,Bellevue - V 0007,009,55009000257,000257,88,1.000000000000,3519676.000000,3519676.000000
DE PERE - C 0007,De Pere - C 0007,009,55009000258,000258,88,1.000000000000,938630.000000,938630.000000
GREEN BAY - C 0003,Green Bay - C 0003,009,55009000259,000259,90,1.000000000000,7040313.000000,7040313.000000
ALLOUEZ - V 0005,Allouez - V 0005,009,55009000260,000260,88,1.000000000000,1976023.000000,1976023.000000
GREEN BAY - C 0006,Green Bay - C 0006,009,55009000261,000261,90,1.000000000000,3630564.000000,3630564.000000
DE PERE - C 0003,De Pere - C 0003,009,55009000262,000262,88,1.000000000000,1270083.000000,1270083.000000
EATON - T 0002,EATON - T 0002,009,55009000263,000263,1,1.000000000000,36808675.000000,36808675.000000
GREEN BAY - C 0033,Green Bay - C 0033,009,55009000264,000264,89,1.000000000000,527180.000000,527180.000000
GREEN BAY - C 0007,Green Bay - C 0007,009,55009000265,000265,90,1.000000000000,5592928.000000,5592928.000000
HUMBOLDT - T 0001,HUMBOLDT - T 0001,009,55009000266,000266,1,1.000000000000,46529014.000000,46529014.000000
DE PERE - C 0006,De Pere - C 0006,009,55009000267,000267,88,1.000000000000,1424602.000000,1424602.000000
HOBART - V 0004,Hobart - V 0004,009,55009000268,000268,5,1.000000000000,2631123.000000,2631123.000000
BELLEVUE - V 0010,Bellevue - V 0010,009,55009000269,000269,88,1.000000000000,11204523.000000,11204523.000000
GREEN BAY - C 0047,Green Bay - C 0047,009,55009000270,000270,4,1.000000000000,5520684.000000,5520684.000000
HOBART - V 0001,Hobart - V 0001,009,55009000271,000271,5,1.000000000000,12584360.000000,12584360.000000
PULASKI - V 0001,Pulaski - V 0001,009,55009000272,000272,6,1.000000000000,1639384.000000,1639384.000000
LAWRENCE - T 0002,LAWRENCE - T 0002,009,55009000273,000273,5,1.000000000000,785862.000000,785862.000000
DENMARK - V 0002,Denmark - V 0002,009,55009000274,000274,2,1.000000000000,775832.000000,775832.000000
GREEN BAY - T 0003,GREEN BAY - T 0003,009,55009000275,000275,1,1.000000000000,31373313.000000,31373313.000000
BELLEVUE - V 0006,Bellevue - V 0006,009,55009000276,000276,88,1.000000000000,3555056.000000,3555056.000000
GREEN BAY - C 0046,Green Bay - C 0046,009,55009000277,000277,89,1.000000000000,2122269.000000,2122269.000000
LAWRENCE - T 0004,LAWRENCE - T 0004,009,55009000278,000278,5,1.000000000000,8302632.000000,8302632.000000
HOWARD - V 0011,Howard - V 0011,009,55009000279,000279,4,1.000000000000,3055032.000000,3055032.000000
PITTSFIELD - T 0003,PITTSFIELD - T 0003,009,55009000280,000280,6,1.000000000000,12626853.000000,12626853.000000
ASHWAUBENON - V 0003,Ashwaubenon - V 0003,009,55009000281,000281,89,1.000000000000,1774638.000000,1774638.000000
MORRISON - T 0002,MORRISON - T 0002,009,55009000282,000282,2,1.000000000000,46975953.000000,46975953.000000
SUAMICO - V 0003,Suamico - V 0003,009,55009000283,000283,4,1.000000000000,5337227.000000,5337227.000000
ASHWAUBENON - V 0011,Ashwaubenon - V 0011,009,55009000284,000284,89,1.000000000000,3448781.000000,3448781.000000
HOLLAND - T 0002,HOLLAND - T 0002,009,55009000285,000285,2,1.000000000000,83076999.000000,83076999.000000
HOWARD - V 0005,Howard - V 0005,009,55009000286,000286,4,1.000000000000,617413.000000,617413.000000
BELLEVUE - V 0002,Bellevue - V 0002,009,55009000287,000287,88,1.000000000000,601398.000000,601398.000000
GREEN BAY - C 0038,Green Bay - C 0038,009,55009000288,000288,89,1.000000000000,1088335.000000,1088335.000000
NEW DENMARK - T 0001,NEW DENMARK - T 0001,009,55009000289,000289,2,1.000000000000,26915254.000000,26915254.000000
HOWARD - V 0012,Howard - V 0012,009,55009000290,000290,4,1.000000000000,2120728.000000,2120728.000000
PITTSFIELD - T 0002,PITTSFIELD - T 0002,009,55009000291,000291,6,1.000000000000,15313967.000000,15313967.000000
WRIGHTSTOWN - T 0003,WRIGHTSTOWN - T 0003,009,55009000292,000292,2,1.000000000000,9223573.000000,9223573.000000
GREEN BAY - C 0029,Green Bay - C 0029,009,55009000293,000293,89,1.000000000000,1307448.000000,1307448.000000
GREEN BAY - C 0020,Green Bay - C 0020,009,55009000294,000294,90,1.000000000000,1532867.000000,1532867.000000
HOWARD - V 0016,Howard - V 0016,009,55009000295,000295,4,1.000000000000,3747204.000000,3747204.000000
LEDGEVIEW - T 0008,LEDGEVIEW - T 0008,009,55009000296,000296,2,1.000000000000,1010969.000000,1010969.000000
GREEN BAY - C 0030,Green Bay - C 0030,009,55009000297,000297,89,1.000000000000,1443108.000000,1443108.000000
GREEN BAY - C 0005,Green Bay - C 0005,009,55009000298,000298,90,1.000000000000,1012313.000000,1012313.000000
BELLEVUE - V 0004,Bellevue - V 0004,009,55009000299,000299,88,1.000000000000,1935507.000000,1935507.000000
PULASKI - V 0006,Pulaski - V 0006,009,55009000300,000300,6,1.000000000000,1553876.000000,1553876.000000
HOBART - V 0002,Hobart - V 0002,009,55009000301,000301,5,1.000000000000,4445796.000000,4445796.000000
GREEN BAY - C 0015,Green Bay - C 0015,009,55009000302,000302,90,1.000000000000,1329256.000000,1329256.000000
SUAMICO - V 0008,Suamico - V 0008,009,55009000303,000303,4,1.000000000000,11161750.000000,11161750.000000
SUAMICO - V 0007,Suamico - V 0007,009,55009000304,000304,4,1.000000000000,7195857.000000,7195857.000000
GREEN BAY - C 0035,Green Bay - C 0035,009,55009000305,000305,89,1.000000000000,1082731.000000,1082731.000000
LEDGEVIEW - T 0003,LEDGEVIEW - T 0003,009,55009000306,000306,2,1.000000000000,3290777.000000,3290777.000000
GREEN BAY - C 0034,Green Bay - C 0034,009,55009000307,000307,89,1.000000000000,1323707.000000,1323707.000000
DE PERE - C 0011,De Pere - C 0011,009,55009000308,000308,88,1.000000000000,900946.000000,900946.000000
ALLOUEZ - V 0003,Allouez - V 0003,009,55009000309,000309,88,1.000000000000,592457.000000,592457.000000
GREEN BAY - C 0016,Green Bay - C 0016,009,55009000310,000310,90,1.000000000000,1340662.000000,1340662.000000
ASHWAUBENON - V 0009,Ashwaubenon - V 0009,009,55009000311,000311,89,1.000000000000,4541232.000000,4541232.000000
BELLEVUE - V 0003,Bellevue - V 0003,009,55009000312,000312,88,1.000000000000,1596773.000000,1596773.000000
GREEN BAY - C 0009,Green Bay - C 0009,009,55009000313,000313,88,1.000000000000,1153424.000000,1153424.000000
ASHWAUBENON - V 0007,Ashwaubenon - V 0007,009,55009000314,000314,89,1.000000000000,1265551.000000,1265551.000000
ASHWAUBENON - V 0005,Ashwaubenon - V 0005,009,55009000315,000315,89,1.000000000000,1227068.000000,1227068.000000
GLENMORE - T 0002,GLENMORE - T 0002,009,55009000316,000316,2,1.000000000000,28647495.000000,28647495.000000
HOBART - V 0003,Hobart - V 0003,009,55009000317,000317,5,1.000000000000,2136407.000000,2136407.000000
WRIGHTSTOWN - T 0002,WRIGHTSTOWN - T 0002,009,55009000318,000318,2,1.000000000000,34153521.000000,34153521.000000
LEDGEVIEW - T 0009,LEDGEVIEW - T 0009,009,55009000319,000319,2,1.000000000000,774518.000000,774518.000000
GREEN BAY - C 0027,Green Bay - C 0027,009,55009000320,000320,90,1.000000000000,1164930.000000,1164930.000000
PULASKI - V 0003,Pulaski - V 0003,009,55009000321,000321,6,1.000000000000,964784.000000,964784.000000
DE PERE - C 0017,De Pere - C 0017,009,55009000322,000322,88,1.000000000000,96462.000000,96462.000000
DE PERE - C 0016,De Pere - C 0016,009,55009000323,000323,88,1.000000000000,130324.000000,130324.000000
WRIGHTSTOWN - V 0002,Wrightstown - V 0002,009,55009000324,000324,2,1.000000000000,1031033.000000,1031033.000000
GREEN BAY - C 0004,Green Bay - C 0004,009,55009000327,000327,90,1.000000000000,14280975.000000,14280975.000000
SUAMICO - V 0001,Suamico - V 0001,009,55009000328,000328,4,1.000000000000,48748176.000000,48748176.000000
GREEN BAY - C 0024,Green Bay - C 0024,009,55009000329,000329,90,1.000000000000,3156270.000000,3156270.000000
GREEN BAY - C 0021,Green Bay - C 0021,009,55009000330,000330,90,1.000000000000,24888583.000000,24888583.000000
SCOTT - T 0004,SCOTT - T 0004,009,55009000331,000331,1,0.967055236127,77685576.000000,80332098.000000
SCOTT - T 0004,SCOTT - T 0004,009,55009000331,000331,4,0.032944763873,2646522.000000,80332098.000000
HOBART - V 0006,Hobart - V 0006,009,55009000332,000332,5,1.000000000000,11149991.000000,11149991.000000
GREEN BAY - T 0001,GREEN BAY - T 0001,009,55009000333,000333,1,1.000000000000,36894828.000000,36894828.000000
SCOTT - T 0002,SCOTT - T 0002,009,55009000334,000334,1,0.905017452035,42629390.000000,47103390.000000
SCOTT - T 0002,SCOTT - T 0002,009,55009000334,000334,4,0.094982547965,4474000.000000,47103390.000000
WRIGHTSTOWN - V 0003,Wrightstown - V 0003,009,55009000335,000335,2,1.000000000000,6311439.000000,6311439.000000
DE PERE - C 0009,De Pere - C 0009,009,55009000337,000337,88,1.000000000000,134572.000000,134572.000000
GREEN BAY - C 0042,Green Bay - C 0042,009,55009000338,000338,89,1.000000000000,1023000.000000,1023000.000000
HOLLAND - T 0001,HOLLAND - T 0001,009,55009000339,000339,2,1.000000000000,10124065.000000,10124065.000000
GREEN BAY - C 0043,Green Bay - C 0043,009,55009000340,000340,89,1.000000000000,3926355.000000,3926355.000000
WRIGHTSTOWN - V 0001,Wrightstown - V 0001,009,55009000341,000341,2,1.000000000000,1565297.000000,1565297.000000
DENMARK - V 0004,Denmark - V 0004,009,55009000345,000345,2,1.000000000000,38580.000000,38580.000000
DE PERE - C 0005,De Pere - C 0005,009,55009000347,000347,88,1.000000000000,1172116.000000,1172116.000000
WRIGHTSTOWN - T 0001,WRIGHTSTOWN - T 0001,009,55009000348,000348,2,1.000000000000,42002248.000000,42002248.000000
DE PERE - C 0008,De Pere - C 0008,009,55009000349,000349,88,1.000000000000,852720.000000,852720.000000
DE PERE - C 0012,De Pere - C 0012,009,55009000350,000350,5,0.001866510305,3683.000000,1973201.000000
DE PERE - C 0012,De Pere - C 0012,009,55009000350,000350,88,0.998133489695,1969518.000000,1973201.000000
LAWRENCE - T 0001,LAWRENCE - T 0001,009,55009000351,000351,5,1.000000000000,2702677.000000,2702677.000000
ROCKLAND - T 0002,ROCKLAND - T 0002,009,55009000352,000352,88,1.000000000000,15958064.000000,15958064.000000
DENMARK - V 0001,Denmark - V 0001,009,55009000354,000354,2,1.000000000000,2553310.000000,2553310.000000
NEW DENMARK - T 0003,NEW DENMARK - T 0003,009,55009000355,000355,2,1.000000000000,22927743.000000,22927743.000000
PITTSFIELD - T 0001,PITTSFIELD - T 0001,009,55009000356,000356,6,1.000000000000,55012724.000000,55012724.000000
LEDGEVIEW - T 0006,LEDGEVIEW - T 0006,009,55009000357,000357,88,1.000000000000,2576923.000000,2576923.000000
DE PERE - C 0018,De Pere - C 0018,009,55009000359,000359,88,1.000000000000,881423.000000,881423.000000
ASHWAUBENON - V 0012,Ashwaubenon - V 0012,009,55009000363,000363,89,1.000000000000,7344755.000000,7344755.000000
HOBART - V 0008,Hobart - V 0008,009,55009000364,000364,5,1.000000000000,28989262.000000,28989262.000000
HOWARD - V 0003,Howard - V 0003,009,55009000366,000366,4,1.000000000000,543144.000000,543144.000000
GREEN BAY - C 0037,Green Bay - C 0037,009,55009000367,000367,89,1.000000000000,1514496.000000,1514496.000000
GREEN BAY - C 0039,Green Bay - C 0039,009,55009000368,000368,89,1.000000000000,1835110.000000,1835110.000000
HOWARD - V 0004,Howard - V 0004,009,55009000369,000369,4,1.000000000000,1222925.000000,1222925.000000
HOWARD - V 0001,Howard - V 0001,009,55009000370,000370,4,1.000000000000,818890.000000,818890.000000
GREEN BAY - C 0028,Green Bay - C 0028,009,55009000371,000371,90,1.000000000000,11825180.000000,11825180.000000
HOWARD - V 0006,Howard - V 0006,009,55009000372,000372,4,1.000000000000,25681701.000000,25681701.000000
HOWARD - V 0002,Howard - V 0002,009,55009000373,000373,4,1.000000000000,3405002.000000,3405002.000000
HOBART - V 0009,Hobart - V 0009,009,55009000374,000374,5,1.000000000000,135369.000000,135369.000000
ASHWAUBENON - V 0010,Ashwaubenon - V 0010,009,55009000375,000375,89,1.000000000000,1659814.000000,1659814.000000
HOBART - V 0007,Hobart - V 0007,009,55009000376,000376,5,0.999724535231,15133882.000000,15138052.000000
HOBART - V 0007,Hobart - V 0007,009,55009000376,000376,89,0.000275464769,4170.000000,15138052.000000
LAWRENCE - T 0003,LAWRENCE - T 0003,009,55009000377,000377,5,1.000000000000,2245787.000000,2245787.000000
ROCKLAND - T 0001,ROCKLAND - T 0001,009,55009000378,000378,88,1.000000000000,8965634.000000,8965634.000000
DE PERE - C 0009,De Pere - C 0009,009,55009000379,000379,88,1.000000000000,5047560.000000,5047560.000000
ALLOUEZ - V 0004,Allouez - V 0004,009,55009000382,000382,88,1.000000000000,2536950.000000,2536950.000000
ALLOUEZ - V 0002,Allouez - V 0002,009,55009000383,000383,88,1.000000000000,2986256.000000,2986256.000000
BELLEVUE - V 0005,Bellevue - V 0005,009,55009000384,000384,88,1.000000000000,6904113.000000,6904113.000000
ALLOUEZ - V 0006,Allouez - V 0006,009,55009000385,000385,88,1.000000000000,1937920.000000,1937920.000000
ALLOUEZ - V 0008,Allouez - V 0008,009,55009000386,000386,88,1.000000000000,1528921.000000,1528921.000000
ALLOUEZ - V 0001,Allouez - V 0001,009,55009000387,000387,88,1.000000000000,858031.000000,858031.000000
BELLEVUE - V 0001,Bellevue - V 0001,009,55009000388,000388,88,1.000000000000,4814006.000000,4814006.000000
DE PERE - C 0014,De Pere - C 0014,009,55009000389,000389,88,1.000000000000,6963342.000000,6963342.000000
ROCKLAND - T 0003,ROCKLAND - T 0003,009,55009000390,000390,2,0.999823517025,31408251.000000,31413795.000000
ROCKLAND - T 0003,ROCKLAND - T 0003,009,55009000390,000390,88,0.000176482975,5544.000000,31413795.000000
DE PERE - C 0015,De Pere - C 0015,009,55009000391,000391,88,1.000000000000,3471545.000000,3471545.000000
GLENMORE - T 0001,GLENMORE - T 0001,009,55009000392,000392,2,1.000000000000,56420805.000000,56420805.000000
LAWRENCE - T 0006,LAWRENCE - T 0006,009,55009000393,000393,5,0.999807991549,18006166.000000,18009624.000000
LAWRENCE - T 0006,LAWRENCE - T 0006,009,55009000393,000393,88,0.000192008451,3458.000000,18009624.000000
ASHWAUBENON - V 0001,Ashwaubenon - V 0001,009,55009000394,000394,89,1.000000000000,7096780.000000,7096780.000000
GREEN BAY - C 0031,Green Bay - C 0031,009,55009000395,000395,88,0.007441494050,29396.000000,3950282.000000
GREEN BAY - C 0031,Green Bay - C 0031,009,55009000395,000395,89,0.992558505950,3920886.000000,3950282.000000
SUAMICO - V 0004,Suamico - V 0004,009,55009000396,000396,4,1.000000000000,57822201.000000,57822201.000000
CANTON - T 0001,CANTON - T 0001,011,55011000397,000397,29,1.000000000000,92695042.000000,92695042.000000
COCHRANE - V 0001,Cochrane - V 0001,011,55011000398,000398,29,1.000000000000,2031486.000000,2031486.000000
GILMANTON - T 0001,GILMANTON - T 0001,011,55011000399,000399,29,1.000000000000,94151928.000000,94151928.000000
LINCOLN - T 0001,LINCOLN - T 0001,011,55011000400,000400,29,1.000000000000,95342839.000000,95342839.000000
MAXVILLE - T 0001,MAXVILLE - T 0001,011,55011000401,000401,29,1.000000000000,110665426.000000,110665426.000000
MILTON - T 0001,MILTON - T 0001,011,55011000402,000402,29,1.000000000000,76503189.000000,76503189.000000
MODENA - T 0001,MODENA - T 0001,011,55011000403,000403,29,1.000000000000,93599080.000000,93599080.000000
MONDOVI - T 0001,MONDOVI - T 0001,011,55011000404,000404,29,1.000000000000,83518163.000000,83518163.000000
NELSON - V 0001,Nelson - V 0001,011,55011000405,000405,29,1.000000000000,3765493.000000,3765493.000000
WAUMANDEE - T 0001,WAUMANDEE - T 0001,011,55011000406,000406,29,1.000000000000,113416889.000000,113416889.000000
BUFFALO CITY - C 0001,Buffalo City - C 0001,011,55011000407,000407,29,1.000000000000,10351335.000000,10351335.000000
BUFFALO - T 0001,BUFFALO - T 0001,011,55011000408,000408,29,1.000000000000,88682786.000000,88682786.000000
CROSS - T 0001,CROSS - T 0001,011,55011000409,000409,29,1.000000000000,97651324.000000,97651324.000000
DOVER - T 0001,DOVER - T 0001,011,55011000410,000410,29,1.000000000000,93930418.000000,93930418.000000
GLENCOE - T 0001,GLENCOE - T 0001,011,55011000411,000411,29,1.000000000000,115633936.000000,115633936.000000
MONTANA - T 0001,MONTANA - T 0001,011,55011000412,000412,29,1.000000000000,122321109.000000,122321109.000000
NAPLES - T 0001,NAPLES - T 0001,011,55011000413,000413,29,1.000000000000,91825700.000000,91825700.000000
ALMA - C 0001,Alma - C 0001,011,55011000414,000414,29,1.000000000000,7033173.000000,7033173.000000
NELSON - T 0001,NELSON - T 0001,011,55011000415,000415,29,1.000000000000,201054119.000000,201054119.000000
BELVIDERE - T 0001,BELVIDERE - T 0001,011,55011000416,000416,29,1.000000000000,94757599.000000,94757599.000000
MONDOVI - C 0002,Mondovi - C 0002,011,55011000417,000417,29,1.000000000000,4248403.000000,4248403.000000
MONDOVI - C 0001,Mondovi - C 0001,011,55011000418,000418,29,1.000000000000,2196273.000000,2196273.000000
MONDOVI - C 0003,Mondovi - C 0003,011,55011000419,000419,29,1.000000000000,3867553.000000,3867553.000000
ALMA - C 0002,Alma - C 0002,011,55011000420,000420,29,1.000000000000,13437084.000000,13437084.000000
FOUNTAIN CITY - C 0002,Fountain City - C 0002,011,55011000421,000421,29,1.000000000000,1838200.000000,1838200.000000
FOUNTAIN CITY - C 0001,Fountain City - C 0001,011,55011000422,000422,29,1.000000000000,12461069.000000,12461069.000000
ALMA - T 0001,ALMA - T 0001,011,55011000423,000423,29,1.000000000000,110860731.000000,110860731.000000
SCOTT - T 0001,SCOTT - T 0001,013,55013000424,000424,75,1.000000000000,67603741.000000,67603741.000000
GRANTSBURG - T 0001,GRANTSBURG - T 0001,013,55013000425,000425,75,1.000000000000,21971833.000000,21971833.000000
SAND LAKE - T 0001,SAND LAKE - T 0001,013,55013000426,000426,75,1.000000000000,93730477.000000,93730477.000000
RUSK - T 0001,RUSK - T 0001,013,55013000427,000427,75,1.000000000000,89883660.000000,89883660.000000
SIREN - T 0002,SIREN - T 0002,013,55013000428,000428,75,1.000000000000,37867198.000000,37867198.000000
WEBSTER - V 0001,Webster - V 0001,013,55013000429,000429,75,1.000000000000,2344601.000000,2344601.000000
OAKLAND - T 0001,OAKLAND - T 0001,013,55013000430,000430,75,1.000000000000,34226932.000000,34226932.000000
WEBB LAKE - T 0001,WEBB LAKE - T 0001,013,55013000431,000431,74,1.000000000000,93681778.000000,93681778.000000
TRADE LAKE - T 0001,TRADE LAKE - T 0001,013,55013000432,000432,75,1.000000000000,86014535.000000,86014535.000000
MEENON - T 0002,MEENON - T 0002,013,55013000433,000433,75,1.000000000000,34220587.000000,34220587.000000
WOOD RIVER - T 0001,WOOD RIVER - T 0001,013,55013000434,000434,75,1.000000000000,71253735.000000,71253735.000000
LINCOLN - T 0001,LINCOLN - T 0001,013,55013000435,000435,75,1.000000000000,91106306.000000,91106306.000000
SIREN - V 0002,Siren - V 0002,013,55013000436,000436,75,1.000000000000,933188.000000,933188.000000
GRANTSBURG - V 0003,Grantsburg - V 0003,013,55013000437,000437,75,1.000000000000,2084233.000000,2084233.000000
ROOSEVELT - T 0001,ROOSEVELT - T 0001,013,55013000438,000438,75,1.000000000000,91530423.000000,91530423.000000
WEST MARSHLAND - T 0002,WEST MARSHLAND - T 0002,013,55013000439,000439,75,1.000000000000,3904632.000000,3904632.000000
DEWEY - T 0001,DEWEY - T 0001,013,55013000440,000440,75,1.000000000000,95353803.000000,95353803.000000
SIREN - T 0001,SIREN - T 0001,013,55013000441,000441,75,1.000000000000,55066940.000000,55066940.000000
SWISS - T 0002,SWISS - T 0002,013,55013000442,000442,74,1.000000000000,37954672.000000,37954672.000000
MEENON - T 0003,MEENON - T 0003,013,55013000443,000443,75,1.000000000000,28306250.000000,28306250.000000
GRANTSBURG - T 0002,GRANTSBURG - T 0002,013,55013000444,000444,75,1.000000000000,39816583.000000,39816583.000000
OAKLAND - T 0002,OAKLAND - T 0002,013,55013000445,000445,75,1.000000000000,50960420.000000,50960420.000000
MEENON - T 0001,MEENON - T 0001,013,55013000446,000446,75,1.000000000000,23677633.000000,23677633.000000
GRANTSBURG - T 0003,GRANTSBURG - T 0003,013,55013000447,000447,75,1.000000000000,32490283.000000,32490283.000000
TRADE LAKE - T 0002,TRADE LAKE - T 0002,013,55013000448,000448,75,1.000000000000,5883755.000000,5883755.000000
ANDERSON - T 0001,ANDERSON - T 0001,013,55013000449,000449,75,1.000000000000,165716160.000000,165716160.000000
UNION - T 0001,UNION - T 0001,013,55013000450,000450,75,1.000000000000,98039792.000000,98039792.000000
WEBSTER - V 0002,Webster - V 0002,013,55013000451,000451,75,1.000000000000,2195857.000000,2195857.000000
GRANTSBURG - V 0002,Grantsburg - V 0002,013,55013000452,000452,75,1.000000000000,2738981.000000,2738981.000000
BLAINE - T 0001,BLAINE - T 0001,013,55013000453,000453,74,1.000000000000,182075375.000000,182075375.000000
WEST MARSHLAND - T 0001,WEST MARSHLAND - T 0001,013,55013000454,000454,75,1.000000000000,186263707.000000,186263707.000000
JACKSON - T 0001,JACKSON - T 0001,013,55013000455,000455,75,1.000000000000,90518160.000000,90518160.000000
LA FOLLETTE - T 0001,LA FOLLETTE - T 0001,013,55013000456,000456,75,1.000000000000,96301927.000000,96301927.000000
WOOD RIVER - T 0002,WOOD RIVER - T 0002,013,55013000457,000457,75,1.000000000000,15871198.000000,15871198.000000
SWISS - T 0001,SWISS - T 0001,013,55013000458,000458,74,1.000000000000,119349506.000000,119349506.000000
WOOD RIVER - T 0003,WOOD RIVER - T 0003,013,55013000459,000459,75,1.000000000000,5292663.000000,5292663.000000
DANIELS - T 0001,DANIELS - T 0001,013,55013000460,000460,75,1.000000000000,92621668.000000,92621668.000000
GRANTSBURG - V 0001,Grantsburg - V 0001,013,55013000461,000461,75,1.000000000000,2999482.000000,2999482.000000
LA FOLLETTE - T 0002,LA FOLLETTE - T 0002,013,55013000462,000462,75,1.000000000000,4737568.000000,4737568.000000
SCOTT - T 0002,SCOTT - T 0002,013,55013000463,000463,75,1.000000000000,20928320.000000,20928320.000000
SIREN - V 0001,Siren - V 0001,013,55013000464,000464,75,1.000000000000,2250186.000000,2250186.000000
GRANTSBURG - T 0003,GRANTSBURG - T 0003,013,55013000465,000465,75,1.000000000000,2178.000000,2178.000000
POTTER - V 0001,Potter - V 0001,015,55015000466,000466,3,1.000000000000,1343194.000000,1343194.000000
STOCKBRIDGE - V 0001,Stockbridge - V 0001,015,55015000467,000467,3,1.000000000000,8443195.000000,8443195.000000
STOCKBRIDGE - T 0001,STOCKBRIDGE - T 0001,015,55015000468,000468,3,1.000000000000,71771470.000000,71771470.000000
BROTHERTOWN - T 0001,BROTHERTOWN - T 0001,015,55015000469,000469,3,1.000000000000,76967485.000000,76967485.000000
BROTHERTOWN - T 0002,BROTHERTOWN - T 0002,015,55015000470,000470,3,1.000000000000,64405318.000000,64405318.000000
CHILTON - T 0002,CHILTON - T 0002,015,55015000471,000471,3,1.000000000000,54040280.000000,54040280.000000
CHILTON - T 0003,CHILTON - T 0003,015,55015000472,000472,3,1.000000000000,8597216.000000,8597216.000000
CHILTON - T 0001,CHILTON - T 0001,015,55015000473,000473,3,1.000000000000,21774906.000000,21774906.000000
CHARLESTOWN - T 0001,CHARLESTOWN - T 0001,015,55015000474,000474,3,1.000000000000,82071192.000000,82071192.000000
NEW HOLSTEIN - T 0001,NEW HOLSTEIN - T 0001,015,55015000475,000475,3,1.000000000000,26080527.000000,26080527.000000
NEW HOLSTEIN - T 0002,NEW HOLSTEIN - T 0002,015,55015000476,000476,3,1.000000000000,24277081.000000,24277081.000000
NEW HOLSTEIN - T 0003,NEW HOLSTEIN - T 0003,015,55015000477,000477,3,1.000000000000,31610724.000000,31610724.000000
HARRISON - V 0010,Harrison - V 0010,015,55015000478,000478,3,1.000000000000,886058.000000,886058.000000
HARRISON - V 0007,Harrison - V 0007,015,55015000479,000479,3,1.000000000000,658331.000000,658331.000000
HARRISON - V 0003,Harrison - V 0003,015,55015000480,000480,3,1.000000000000,947528.000000,947528.000000
HARRISON - V 0005,Harrison - V 0005,015,55015000481,000481,3,1.000000000000,1156792.000000,1156792.000000
HARRISON - V 0012,Harrison - V 0012,015,55015000482,000482,3,1.000000000000,4886468.000000,4886468.000000
HARRISON - V 0016,Harrison - V 0016,015,55015000483,000483,3,1.000000000000,55441255.000000,55441255.000000
BRILLION - T 0001,BRILLION - T 0001,015,55015000484,000484,3,1.000000000000,45994720.000000,45994720.000000
APPLETON - C 0046,Appleton - C 0046,015,55015000485,000485,3,1.000000000000,104834.000000,104834.000000
APPLETON - C 0044,Appleton - C 0044,015,55015000486,000486,3,1.000000000000,1165350.000000,1165350.000000
APPLETON - C 0026,Appleton - C 0026,015,55015000487,000487,3,1.000000000000,1164320.000000,1164320.000000
APPLETON - C 0013,Appleton - C 0013,015,55015000488,000488,3,1.000000000000,840286.000000,840286.000000
APPLETON - C 0045,Appleton - C 0045,015,55015000489,000489,3,1.000000000000,1471784.000000,1471784.000000
APPLETON - C 0014,Appleton - C 0014,015,55015000490,000490,3,1.000000000000,1231335.000000,1231335.000000
NEW HOLSTEIN - C 0002,New Holstein - C 0002,015,55015000491,000491,3,1.000000000000,418882.000000,418882.000000
NEW HOLSTEIN - C 0004,New Holstein - C 0004,015,55015000492,000492,3,1.000000000000,2487904.000000,2487904.000000
NEW HOLSTEIN - C 0001,New Holstein - C 0001,015,55015000493,000493,3,1.000000000000,756290.000000,756290.000000
NEW HOLSTEIN - C 0005,New Holstein - C 0005,015,55015000494,000494,3,1.000000000000,610461.000000,610461.000000
NEW HOLSTEIN - C 0003,New Holstein - C 0003,015,55015000495,000495,3,1.000000000000,2230208.000000,2230208.000000
BRILLION - C 0003,Brillion - C 0003,015,55015000496,000496,3,1.000000000000,1377303.000000,1377303.000000
BRILLION - C 0001,Brillion - C 0001,015,55015000497,000497,3,1.000000000000,3325477.000000,3325477.000000
BRILLION - C 0002,Brillion - C 0002,015,55015000498,000498,3,1.000000000000,1629551.000000,1629551.000000
BRILLION - C 0004,Brillion - C 0004,015,55015000499,000499,3,1.000000000000,960219.000000,960219.000000
KIEL - C 0007,Kiel - C 0007,015,55015000500,000500,27,1.000000000000,1079496.000000,1079496.000000
SHERWOOD - V 0002,Sherwood - V 0002,015,55015000501,000501,3,1.000000000000,2089454.000000,2089454.000000
SHERWOOD - V 0004,Sherwood - V 0004,015,55015000502,000502,3,1.000000000000,1431879.000000,1431879.000000
SHERWOOD - V 0001,Sherwood - V 0001,015,55015000503,000503,3,1.000000000000,2983085.000000,2983085.000000
SHERWOOD - V 0003,Sherwood - V 0003,015,55015000504,000504,3,1.000000000000,2603099.000000,2603099.000000
HILBERT - V 0001,Hilbert - V 0001,015,55015000505,000505,3,1.000000000000,2475671.000000,2475671.000000
CHILTON - C 0005,Chilton - C 0005,015,55015000506,000506,3,1.000000000000,1757485.000000,1757485.000000
CHILTON - C 0001,Chilton - C 0001,015,55015000507,000507,3,1.000000000000,2614197.000000,2614197.000000
CHILTON - C 0002,Chilton - C 0002,015,55015000508,000508,3,1.000000000000,2596043.000000,2596043.000000
CHILTON - C 0003,Chilton - C 0003,015,55015000509,000509,3,1.000000000000,1743391.000000,1743391.000000
CHILTON - C 0004,Chilton - C 0004,015,55015000510,000510,3,1.000000000000,1706606.000000,1706606.000000
KAUKAUNA - C 0011,Kaukauna - C 0011,015,55015000511,000511,3,1.000000000000,38345.000000,38345.000000
APPLETON - C 0047,Appleton - C 0047,015,55015000512,000512,3,1.000000000000,4745.000000,4745.000000
MENASHA - C 0016,Menasha - C 0016,015,55015000513,000513,3,1.000000000000,1140218.000000,1140218.000000
MENASHA - C 0017,Menasha - C 0017,015,55015000514,000514,3,1.000000000000,2984372.000000,2984372.000000
STOCKBRIDGE - T 0002,STOCKBRIDGE - T 0002,015,55015000515,000515,3,1.000000000000,87963742.000000,87963742.000000
STOCKBRIDGE - T 0003,STOCKBRIDGE - T 0003,015,55015000516,000516,3,1.000000000000,13711570.000000,13711570.000000
RANTOUL - T 0001,RANTOUL - T 0001,015,55015000517,000517,3,1.000000000000,83877939.000000,83877939.000000
HARRISON - V 0014,Harrison - V 0014,015,55015000518,000518,3,1.000000000000,45887033.000000,45887033.000000
HARRISON - V 0015,Harrison - V 0015,015,55015000519,000519,3,1.000000000000,19993991.000000,19993991.000000
BRILLION - T 0002,BRILLION - T 0002,015,55015000520,000520,3,1.000000000000,39684299.000000,39684299.000000
HILBERT - V 0002,Hilbert - V 0002,015,55015000521,000521,3,1.000000000000,1177526.000000,1177526.000000
APPLETON - C 0012,Appleton - C 0012,015,55015000522,000522,3,1.000000000000,2625486.000000,2625486.000000
HARRISON - V 0013,Harrison - V 0013,015,55015000523,000523,3,1.000000000000,13403031.000000,13403031.000000
WOODVILLE - T 0001,WOODVILLE - T 0001,015,55015000524,000524,3,1.000000000000,84575257.000000,84575257.000000
MENASHA - C 0018,Menasha - C 0018,015,55015000527,000527,3,1.000000000000,3965.000000,3965.000000
HARRISON - V 0006,Harrison - V 0006,015,55015000528,000528,3,1.000000000000,381815.000000,381815.000000
HARRISON - V 0008,Harrison - V 0008,015,55015000529,000529,3,1.000000000000,1054401.000000,1054401.000000
HARRISON - V 0009,Harrison - V 0009,015,55015000530,000530,3,1.000000000000,1214321.000000,1214321.000000
HARRISON - V 0011,Harrison - V 0011,015,55015000531,000531,3,1.000000000000,384898.000000,384898.000000
HARRISON - V 0018,Harrison - V 0018,015,55015000532,000532,3,1.000000000000,1157343.000000,1157343.000000
HARRISON - V 0017,Harrison - V 0017,015,55015000533,000533,3,1.000000000000,767736.000000,767736.000000
SHERWOOD - V 0005,Sherwood - V 0005,015,55015000534,000534,3,1.000000000000,2227.000000,2227.000000
HARRISON - V 0004,Harrison - V 0004,015,55015000535,000535,3,1.000000000000,1865252.000000,1865252.000000
HARRISON - T 0010,HARRISON - T 0010,015,55015000536,000536,3,1.000000000000,24739.000000,24739.000000
HILBERT - V 0003,Hilbert - V 0003,015,55015000537,000537,3,1.000000000000,163810.000000,163810.000000
KIEL C - 0010,Kiel C - 0010,015,55015003000,003000,27,1.000000000000,2695.000000,2695.000000
BRILLION - C 0005,Brillion - C 0005,015,55015003031,003031,3,1.000000000000,121363.000000,121363.000000
MENASHA - C 0019,Menasha - C 0019,015,55015008000,008000,3,1.000000000000,3194.000000,3194.000000
MENASHA - C 0020,Menasha - C 0020,015,55015008001,008001,3,1.000000000000,1468.000000,1468.000000
SAMPSON - T 0001,SAMPSON - T 0001,017,55017000538,000538,68,1.000000000000,176631094.000000,176631094.000000
COLBURN - T 0001,COLBURN - T 0001,017,55017000539,000539,68,1.000000000000,171984327.000000,171984327.000000
CLEVELAND - T 0001,CLEVELAND - T 0001,017,55017000540,000540,68,1.000000000000,146064753.000000,146064753.000000
RUBY - T 0001,RUBY - T 0001,017,55017000541,000541,68,1.000000000000,138934541.000000,138934541.000000
BIRCH CREEK - T 0001,BIRCH CREEK - T 0001,017,55017000542,000542,68,1.000000000000,120619226.000000,120619226.000000
ARTHUR - T 0001,ARTHUR - T 0001,017,55017000543,000543,68,1.000000000000,111401993.000000,111401993.000000
DELMAR - T 0001,DELMAR - T 0001,017,55017000544,000544,69,1.000000000000,109420060.000000,109420060.000000
BLOOMER - T 0002,BLOOMER - T 0002,017,55017000545,000545,68,1.000000000000,102689249.000000,102689249.000000
EAGLE POINT - T 0004,EAGLE POINT - T 0004,017,55017000546,000546,68,1.000000000000,93365987.000000,93365987.000000
HOWARD - T 0001,HOWARD - T 0001,017,55017000547,000547,68,1.000000000000,92788869.000000,92788869.000000
AUBURN - T 0001,AUBURN - T 0001,017,55017000548,000548,67,1.000000000000,92601363.000000,92601363.000000
COOKS VALLEY - T 0001,COOKS VALLEY - T 0001,017,55017000549,000549,68,1.000000000000,88788294.000000,88788294.000000
EDSON - T 0002,EDSON - T 0002,017,55017000550,000550,91,1.000000000000,85445866.000000,85445866.000000
ESTELLA - T 0001,ESTELLA - T 0001,017,55017000551,000551,68,1.000000000000,83138591.000000,83138591.000000
WHEATON - T 0001,WHEATON - T 0001,017,55017000552,000552,92,1.000000000000,63199582.000000,63199582.000000
SIGEL - T 0002,SIGEL - T 0002,017,55017000553,000553,91,1.000000000000,60882331.000000,60882331.000000
WOODMOHR - T 0002,WOODMOHR - T 0002,017,55017000554,000554,68,1.000000000000,60221581.000000,60221581.000000
ANSON - T 0001,ANSON - T 0001,017,55017000555,000555,68,1.000000000000,58140810.000000,58140810.000000
EDSON - T 0001,EDSON - T 0001,017,55017000556,000556,91,1.000000000000,54265428.000000,54265428.000000
TILDEN - T 0001,TILDEN - T 0001,017,55017000557,000557,68,1.000000000000,49741575.000000,49741575.000000
LAKE HOLCOMBE - T 0002,LAKE HOLCOMBE - T 0002,017,55017000558,000558,68,1.000000000000,46474556.000000,46474556.000000
GOETZ - T 0001,GOETZ - T 0001,017,55017000559,000559,68,1.000000000000,45936213.000000,45936213.000000
WHEATON - T 0003,WHEATON - T 0003,017,55017000560,000560,92,1.000000000000,42181275.000000,42181275.000000
EAGLE POINT - T 0002,EAGLE POINT - T 0002,017,55017000561,000561,68,1.000000000000,37704788.000000,37704788.000000
WHEATON - T 0002,WHEATON - T 0002,017,55017000562,000562,92,1.000000000000,36792253.000000,36792253.000000
TILDEN - T 0002,TILDEN - T 0002,017,55017000563,000563,68,1.000000000000,36194326.000000,36194326.000000
LAKE HOLCOMBE - T 0001,LAKE HOLCOMBE - T 0001,017,55017000564,000564,68,1.000000000000,32399448.000000,32399448.000000
SIGEL - T 0001,SIGEL - T 0001,017,55017000565,000565,91,1.000000000000,31965337.000000,31965337.000000
LAFAYETTE - T 0006,LAFAYETTE - T 0006,017,55017000566,000566,92,1.000000000000,30842440.000000,30842440.000000
GOETZ - T 0002,GOETZ - T 0002,017,55017000567,000567,68,1.000000000000,29688758.000000,29688758.000000
WOODMOHR - T 0001,WOODMOHR - T 0001,017,55017000568,000568,68,1.000000000000,30428678.000000,30428678.000000
ANSON - T 0002,ANSON - T 0002,017,55017000569,000569,68,1.000000000000,22428098.000000,22428098.000000
LAFAYETTE - T 0004,LAFAYETTE - T 0004,017,55017000570,000570,92,1.000000000000,21760066.000000,21760066.000000
BLOOMER - T 0001,BLOOMER - T 0001,017,55017000571,000571,68,1.000000000000,21389246.000000,21389246.000000
ANSON - T 0003,ANSON - T 0003,017,55017000572,000572,68,1.000000000000,19658557.000000,19658557.000000
HALLIE - T 0001,HALLIE - T 0001,017,55017000573,000573,92,1.000000000000,19246670.000000,19246670.000000
EAGLE POINT - T 0003,EAGLE POINT - T 0003,017,55017000574,000574,68,1.000000000000,18642691.000000,18642691.000000
EAGLE POINT - T 0001,EAGLE POINT - T 0001,017,55017000575,000575,68,1.000000000000,12899128.000000,12899128.000000
LAFAYETTE - T 0002,LAFAYETTE - T 0002,017,55017000576,000576,92,1.000000000000,12659800.000000,12659800.000000
LAFAYETTE - T 0003,LAFAYETTE - T 0003,017,55017000577,000577,92,1.000000000000,10881125.000000,10881125.000000
EAU CLAIRE - C 0016,Eau Claire - C 0016,017,55017000578,000578,92,1.000000000000,9652511.000000,9652511.000000
EAGLE POINT - T 0005,EAGLE POINT - T 0005,017,55017000579,000579,92,1.000000000000,9305710.000000,9305710.000000
LAKE HALLIE - V 0008,Lake Hallie - V 0008,017,55017000580,000580,92,1.000000000000,8888893.000000,8888893.000000
NEW AUBURN - V 0001,New Auburn - V 0001,017,55017000581,000581,67,1.000000000000,8117762.000000,8117762.000000
LAFAYETTE - T 0001,LAFAYETTE - T 0001,017,55017000582,000582,92,1.000000000000,8062732.000000,8062732.000000
LAFAYETTE - T 0008,LAFAYETTE - T 0008,017,55017000583,000583,92,1.000000000000,7809910.000000,7809910.000000
CHIPPEWA FALLS - C 0007,Chippewa Falls - C 0007,017,55017000584,000584,92,1.000000000000,7482808.000000,7482808.000000
TILDEN - T 0003,TILDEN - T 0003,017,55017000585,000585,68,1.000000000000,6808073.000000,6808073.000000
CHIPPEWA FALLS - C 0006,Chippewa Falls - C 0006,017,55017000586,000586,92,1.000000000000,6324086.000000,6324086.000000
LAKE HALLIE - V 0005,Lake Hallie - V 0005,017,55017000587,000587,92,1.000000000000,6093635.000000,6093635.000000
LAKE HALLIE - V 0007,Lake Hallie - V 0007,017,55017000588,000588,92,1.000000000000,5988588.000000,5988588.000000
LAKE HALLIE - V 0001,Lake Hallie - V 0001,017,55017000590,000590,92,1.000000000000,5831316.000000,5831316.000000
CADOTT - V 0001,Cadott - V 0001,017,55017000591,000591,91,1.000000000000,5141276.000000,5141276.000000
BOYD - V 0001,Boyd - V 0001,017,55017000592,000592,69,1.000000000000,4798542.000000,4798542.000000
LAKE HALLIE - V 0006,Lake Hallie - V 0006,017,55017000593,000593,92,1.000000000000,4744419.000000,4744419.000000
CHIPPEWA FALLS - C 0005,Chippewa Falls - C 0005,017,55017000594,000594,68,0.002522351879,11937.000000,4732488.000000
CHIPPEWA FALLS - C 0005,Chippewa Falls - C 0005,017,55017000594,000594,92,0.997477648121,4720551.000000,4732488.000000
LAKE HALLIE - V 0004,Lake Hallie - V 0004,017,55017000595,000595,92,1.000000000000,4460207.000000,4460207.000000
LAFAYETTE - T 0005,LAFAYETTE - T 0005,017,55017000596,000596,92,1.000000000000,4314207.000000,4314207.000000
CHIPPEWA FALLS - C 0002,Chippewa Falls - C 0002,017,55017000597,000597,92,1.000000000000,4100800.000000,4100800.000000
CHIPPEWA FALLS - C 0001,Chippewa Falls - C 0001,017,55017000598,000598,92,1.000000000000,3669721.000000,3669721.000000
CADOTT - V 0002,Cadott - V 0002,017,55017000599,000599,91,1.000000000000,3651341.000000,3651341.000000
STANLEY - C 0003,Stanley - C 0003,017,55017000600,000600,69,1.000000000000,3502270.000000,3502270.000000
CORNELL - C 0003,Cornell - C 0003,017,55017000601,000601,68,1.000000000000,3411013.000000,3411013.000000
CORNELL - C 0004,Cornell - C 0004,017,55017000602,000602,68,1.000000000000,3301953.000000,3301953.000000
STANLEY - C 0004,Stanley - C 0004,017,55017000603,000603,69,1.000000000000,3280591.000000,3280591.000000
CHIPPEWA FALLS - C 0003,Chippewa Falls - C 0003,017,55017000604,000604,92,1.000000000000,3102131.000000,3102131.000000
ANSON - T 0004,ANSON - T 0004,017,55017000605,000605,68,1.000000000000,2845457.000000,2845457.000000
LAFAYETTE - T 0009,LAFAYETTE - T 0009,017,55017000606,000606,92,1.000000000000,2556068.000000,2556068.000000
CORNELL - C 0002,Cornell - C 0002,017,55017000607,000607,68,1.000000000000,2516168.000000,2516168.000000
BLOOMER - C 0003,Bloomer - C 0003,017,55017000608,000608,68,1.000000000000,2412792.000000,2412792.000000
BLOOMER - C 0001,Bloomer - C 0001,017,55017000609,000609,68,1.000000000000,2273721.000000,2273721.000000
LAFAYETTE - T 0007,LAFAYETTE - T 0007,017,55017000610,000610,92,1.000000000000,1878587.000000,1878587.000000
BLOOMER - C 0004,Bloomer - C 0004,017,55017000611,000611,68,1.000000000000,1861513.000000,1861513.000000
GOETZ - T 0003,GOETZ - T 0003,017,55017000612,000612,68,1.000000000000,1619088.000000,1619088.000000
BLOOMER - C 0002,Bloomer - C 0002,017,55017000613,000613,68,1.000000000000,1481340.000000,1481340.000000
CORNELL - C 0001,Cornell - C 0001,017,55017000614,000614,68,1.000000000000,1359479.000000,1359479.000000
CHIPPEWA FALLS - C 0004,Chippewa Falls - C 0004,017,55017000615,000615,92,1.000000000000,1263632.000000,1263632.000000
STANLEY - C 0001,Stanley - C 0001,017,55017000616,000616,69,1.000000000000,1197065.000000,1197065.000000
STANLEY - C 0007,Stanley - C 0007,017,55017000617,000617,69,1.000000000000,1088278.000000,1088278.000000
DELMAR - T 0001,DELMAR - T 0001,017,55017000618,000618,69,1.000000000000,1049637.000000,1049637.000000
LAKE HALLIE - V 0003,Lake Hallie - V 0003,017,55017000619,000619,92,1.000000000000,913334.000000,913334.000000
LAKE HALLIE - V 0002,Lake Hallie - V 0002,017,55017000620,000620,92,1.000000000000,847347.000000,847347.000000
EAU CLAIRE - C 0040,Eau Claire - C 0040,017,55017000621,000621,92,1.000000000000,661154.000000,661154.000000
CORNELL - C 0001,Cornell - C 0001,017,55017000622,000622,68,1.000000000000,614083.000000,614083.000000
STANLEY - C 0002,Stanley - C 0002,017,55017000623,000623,69,1.000000000000,550329.000000,550329.000000
STANLEY - C 0006,Stanley - C 0006,017,55017000625,000625,69,1.000000000000,299581.000000,299581.000000
EAU CLAIRE - C 0041,Eau Claire - C 0041,017,55017000627,000627,92,1.000000000000,217386.000000,217386.000000
CADOTT - V 0003,Cadott - V 0003,017,55017000628,000628,91,1.000000000000,215400.000000,215400.000000
CHIPPEWA FALLS - C 007A,Chippewa Falls - C 007a,017,55017000630,000630,92,1.000000000000,60433.000000,60433.000000
TILDEN - T 0003,TILDEN - T 0003,017,55017000636,000636,92,1.000000000000,144.000000,144.000000
CHIPPEWA FALLS - C 003B,Chippewa Falls - C 003b,017,55017008002,008002,92,1.000000000000,2579.000000,2579.000000
CHIPPEWA FALLS - C 003A,Chippewa Falls - C 003a,017,55017008003,008003,92,1.000000000000,1259.000000,1259.000000
HEWETT - T 0002,HEWETT - T 0002,019,55019000637,000637,69,1.000000000000,46336583.000000,46336583.000000
MEAD - T 0001,MEAD - T 0001,019,55019000638,000638,69,1.000000000000,92361155.000000,92361155.000000
LOYAL - T 0002,LOYAL - T 0002,019,55019000639,000639,69,1.000000000000,74716159.000000,74716159.000000
ABBOTSFORD - C 0003,Abbotsford - C 0003,019,55019000640,000640,69,1.000000000000,499886.000000,499886.000000
PINE VALLEY - T 0001,PINE VALLEY - T 0001,019,55019000641,000641,69,1.000000000000,36928211.000000,36928211.000000
DORCHESTER - V 0001,Dorchester - V 0001,019,55019000642,000642,69,1.000000000000,3443260.000000,3443260.000000
RESEBURG - T 0002,RESEBURG - T 0002,019,55019000643,000643,69,1.000000000000,7901244.000000,7901244.000000
NEILLSVILLE - C 0002,Neillsville - C 0002,019,55019000644,000644,69,1.000000000000,1694996.000000,1694996.000000
WESTON - T 0002,WESTON - T 0002,019,55019000645,000645,69,1.000000000000,49311287.000000,49311287.000000
COLBY - C 0004,Colby - C 0004,019,55019000646,000646,69,1.000000000000,706295.000000,706295.000000
LOYAL - T 0001,LOYAL - T 0001,019,55019000647,000647,69,1.000000000000,15271202.000000,15271202.000000
LOYAL - C 0002,Loyal - C 0002,019,55019000648,000648,69,1.000000000000,1554241.000000,1554241.000000
HIXON - T 0002,HIXON - T 0002,019,55019000649,000649,69,1.000000000000,16562948.000000,16562948.000000
FREMONT - T 0001,FREMONT - T 0001,019,55019000650,000650,69,1.000000000000,52979480.000000,52979480.000000
HENDREN - T 0001,HENDREN - T 0001,019,55019000651,000651,69,1.000000000000,93009033.000000,93009033.000000
HIXON - T 0001,HIXON - T 0001,019,55019000652,000652,69,1.000000000000,70832754.000000,70832754.000000
UNITY - T 0001,UNITY - T 0001,019,55019000653,000653,69,1.000000000000,90031019.000000,90031019.000000
WARNER - T 0002,WARNER - T 0002,019,55019000654,000654,69,1.000000000000,6847638.000000,6847638.000000
COLBY - T 0003,COLBY - T 0003,019,55019000655,000655,69,1.000000000000,21790966.000000,21790966.000000
GRANT - T 0002,GRANT - T 0002,019,55019000656,000656,69,1.000000000000,15075038.000000,15075038.000000
CURTISS - V 0001,Curtiss - V 0001,019,55019000657,000657,69,1.000000000000,1778354.000000,1778354.000000
OWEN - C 0003,Owen - C 0003,019,55019000658,000658,69,1.000000000000,2071838.000000,2071838.000000
LYNN - T 0001,LYNN - T 0001,019,55019000659,000659,69,1.000000000000,23006933.000000,23006933.000000
GREENWOOD - C 0001,Greenwood - C 0001,019,55019000660,000660,69,1.000000000000,3795499.000000,3795499.000000
MAYVILLE - T 0002,MAYVILLE - T 0002,019,55019000661,000661,69,1.000000000000,56331447.000000,56331447.000000
SHERMAN - T 0001,SHERMAN - T 0001,019,55019000662,000662,69,1.000000000000,18587221.000000,18587221.000000
NEILLSVILLE - C 0001,Neillsville - C 0001,019,55019000663,000663,69,1.000000000000,1444477.000000,1444477.000000
LEVIS - T 0001,LEVIS - T 0001,019,55019000664,000664,69,1.000000000000,46731877.000000,46731877.000000
WITHEE - V 0001,Withee - V 0001,019,55019000665,000665,69,1.000000000000,2155669.000000,2155669.000000
OWEN - C 0002,Owen - C 0002,019,55019000666,000666,69,1.000000000000,1065745.000000,1065745.000000
NEILLSVILLE - C 0005,Neillsville - C 0005,019,55019000667,000667,69,1.000000000000,1242200.000000,1242200.000000
GRANTON - V 0001,Granton - V 0001,019,55019000668,000668,69,1.000000000000,1419105.000000,1419105.000000
EATON - T 0001,EATON - T 0001,019,55019000669,000669,69,1.000000000000,75296351.000000,75296351.000000
DEWHURST - T 0001,DEWHURST - T 0001,019,55019000670,000670,69,1.000000000000,93509908.000000,93509908.000000
LONGWOOD - T 0002,LONGWOOD - T 0002,019,55019000671,000671,69,1.000000000000,63493062.000000,63493062.000000
SHERMAN - T 0002,SHERMAN - T 0002,019,55019000672,000672,69,1.000000000000,71926850.000000,71926850.000000
YORK - T 0001,YORK - T 0001,019,55019000673,000673,69,1.000000000000,62330038.000000,62330038.000000
GREEN GROVE - T 0001,GREEN GROVE - T 0001,019,55019000674,000674,69,1.000000000000,78293738.000000,78293738.000000
ABBOTSFORD - C 0004,Abbotsford - C 0004,019,55019000675,000675,69,1.000000000000,1121179.000000,1121179.000000
EATON - T 0002,EATON - T 0002,019,55019000676,000676,69,1.000000000000,12597926.000000,12597926.000000
THORP - T 0001,THORP - T 0001,019,55019000677,000677,69,1.000000000000,89680346.000000,89680346.000000
WASHBURN - T 0001,WASHBURN - T 0001,019,55019000678,000678,69,1.000000000000,94068082.000000,94068082.000000
LYNN - T 0002,LYNN - T 0002,019,55019000679,000679,69,1.000000000000,69213946.000000,69213946.000000
THORP - C 0004,Thorp - C 0004,019,55019000680,000680,69,1.000000000000,1157208.000000,1157208.000000
GREENWOOD - C 0002,Greenwood - C 0002,019,55019000681,000681,69,1.000000000000,3353795.000000,3353795.000000
COLBY - C 0003,Colby - C 0003,019,55019000682,000682,69,1.000000000000,465980.000000,465980.000000
NEILLSVILLE - C 0004,Neillsville - C 0004,019,55019000683,000683,69,1.000000000000,1265021.000000,1265021.000000
OWEN - C 0001,Owen - C 0001,019,55019000684,000684,69,1.000000000000,3102973.000000,3102973.000000
WORDEN - T 0001,WORDEN - T 0001,019,55019000685,000685,69,1.000000000000,93430795.000000,93430795.000000
FOSTER - T 0001,FOSTER - T 0001,019,55019000686,000686,69,1.000000000000,185893763.000000,185893763.000000
GRANT - T 0001,GRANT - T 0001,019,55019000687,000687,69,1.000000000000,77292331.000000,77292331.000000
SEIF - T 0001,SEIF - T 0001,019,55019000688,000688,69,1.000000000000,93344770.000000,93344770.000000
LOYAL - C 0001,Loyal - C 0001,019,55019000689,000689,69,1.000000000000,1902692.000000,1902692.000000
YORK - T 0002,YORK - T 0002,019,55019000690,000690,69,1.000000000000,31127504.000000,31127504.000000
WARNER - T 0001,WARNER - T 0001,019,55019000691,000691,69,1.000000000000,83738163.000000,83738163.000000
RESEBURG - T 0001,RESEBURG - T 0001,019,55019000692,000692,69,1.000000000000,85111602.000000,85111602.000000
BUTLER - T 0001,BUTLER - T 0001,019,55019000693,000693,69,1.000000000000,92839109.000000,92839109.000000
PINE VALLEY - T 0002,PINE VALLEY - T 0002,019,55019000694,000694,69,1.000000000000,49822349.000000,49822349.000000
LEVIS - T 0002,LEVIS - T 0002,019,55019000695,000695,69,1.000000000000,46952032.000000,46952032.000000
WESTON - T 0001,WESTON - T 0001,019,55019000696,000696,69,1.000000000000,44514149.000000,44514149.000000
NEILLSVILLE - C 0003,Neillsville - C 0003,019,55019000697,000697,69,1.000000000000,1722524.000000,1722524.000000
HOARD - T 0002,HOARD - T 0002,019,55019000698,000698,69,1.000000000000,45411988.000000,45411988.000000
BEAVER - T 0001,BEAVER - T 0001,019,55019000699,000699,69,1.000000000000,93690999.000000,93690999.000000
HOARD - T 0001,HOARD - T 0001,019,55019000700,000700,69,1.000000000000,45718105.000000,45718105.000000
ABBOTSFORD - C 0002,Abbotsford - C 0002,019,55019000701,000701,69,1.000000000000,798799.000000,798799.000000
COLBY - C 0002,Colby - C 0002,019,55019000702,000702,69,1.000000000000,812485.000000,812485.000000
MAYVILLE - T 0001,MAYVILLE - T 0001,019,55019000703,000703,69,1.000000000000,28023206.000000,28023206.000000
THORP - C 0003,Thorp - C 0003,019,55019000704,000704,69,1.000000000000,1099699.000000,1099699.000000
HEWETT - T 0001,HEWETT - T 0001,019,55019000705,000705,69,1.000000000000,46598379.000000,46598379.000000
GREEN GROVE - T 0002,GREEN GROVE - T 0002,019,55019000706,000706,69,1.000000000000,15061708.000000,15061708.000000
MENTOR - T 0001,MENTOR - T 0001,019,55019000707,000707,69,1.000000000000,92554815.000000,92554815.000000
FREMONT - T 0002,FREMONT - T 0002,019,55019000708,000708,69,1.000000000000,38294015.000000,38294015.000000
SHERWOOD - T 0001,SHERWOOD - T 0001,019,55019000709,000709,69,1.000000000000,93084466.000000,93084466.000000
LONGWOOD - T 0001,LONGWOOD - T 0001,019,55019000710,000710,69,1.000000000000,28631002.000000,28631002.000000
STANLEY - C 0005,Stanley - C 0005,019,55019000711,000711,69,1.000000000000,1003991.000000,1003991.000000
STANLEY - C 0008,Stanley - C 0008,019,55019000712,000712,69,1.000000000000,302798.000000,302798.000000
THORP - C 0001,Thorp - C 0001,019,55019000713,000713,69,1.000000000000,970353.000000,970353.000000
COLBY - T 0001,COLBY - T 0001,019,55019000714,000714,69,1.000000000000,1940867.000000,1940867.000000
THORP - C 0002,Thorp - C 0002,019,55019000715,000715,69,1.000000000000,604723.000000,604723.000000
UNITY - V 0002,Unity - V 0002,019,55019000716,000716,69,1.000000000000,857531.000000,857531.000000
ABBOTSFORD - C 0005,Abbotsford - C 0005,019,55019000717,000717,69,1.000000000000,1035881.000000,1035881.000000
WITHEE - T 0001,WITHEE - T 0001,019,55019000718,000718,69,1.000000000000,90979074.000000,90979074.000000
COLBY - T 0002,COLBY - T 0002,019,55019000719,000719,69,1.000000000000,62519933.000000,62519933.000000
ABBOTSFORD - C 0007,Abbotsford - C 0007,019,55019000720,000720,69,1.000000000000,294237.000000,294237.000000
LEEDS - T 0002,LEEDS - T 0002,021,55021000721,000721,42,1.000000000000,45422394.000000,45422394.000000
WEST POINT - T 0003,WEST POINT - T 0003,021,55021000722,000722,42,1.000000000000,28219329.000000,28219329.000000
WEST POINT - T 0002,WEST POINT - T 0002,021,55021000723,000723,42,1.000000000000,14231951.000000,14231951.000000
LODI - T 0003,LODI - T 0003,021,55021000724,000724,42,1.000000000000,7282846.000000,7282846.000000
LODI - T 0002,LODI - T 0002,021,55021000725,000725,42,1.000000000000,10213777.000000,10213777.000000
LODI - T 0001,LODI - T 0001,021,55021000726,000726,42,1.000000000000,1407197.000000,1407197.000000
DEKORRA - T 0002,DEKORRA - T 0002,021,55021000727,000727,42,1.000000000000,24416234.000000,24416234.000000
LOWVILLE - T 0002,LOWVILLE - T 0002,021,55021000728,000728,42,1.000000000000,80465559.000000,80465559.000000
LOWVILLE - T 0001,LOWVILLE - T 0001,021,55021000729,000729,42,1.000000000000,12373283.000000,12373283.000000
SPRINGVALE - T 0002,SPRINGVALE - T 0002,021,55021000730,000730,42,1.000000000000,39679435.000000,39679435.000000
WYOCENA - T 0002,WYOCENA - T 0002,021,55021000731,000731,40,1.000000000000,45009662.000000,45009662.000000
MARCELLON - T 0002,MARCELLON - T 0002,021,55021000732,000732,40,1.000000000000,43854122.000000,43854122.000000
SCOTT - T 0001,SCOTT - T 0001,021,55021000733,000733,39,1.000000000000,92745940.000000,92745940.000000
FRIESLAND - V 0001,Friesland - V 0001,021,55021000734,000734,39,1.000000000000,2619104.000000,2619104.000000
SPRINGVALE - T 0001,SPRINGVALE - T 0001,021,55021000735,000735,42,1.000000000000,66983818.000000,66983818.000000
WYOCENA - T 0001,WYOCENA - T 0001,021,55021000736,000736,40,1.000000000000,51080815.000000,51080815.000000
PARDEEVILLE - V 0003,Pardeeville - V 0003,021,55021000737,000737,40,1.000000000000,2946996.000000,2946996.000000
WYOCENA - V 0001,Wyocena - V 0001,021,55021000738,000738,40,1.000000000000,4040627.000000,4040627.000000
DOYLESTOWN - V 0001,Doylestown - V 0001,021,55021000739,000739,42,1.000000000000,10361731.000000,10361731.000000
WEST POINT - T 0001,WEST POINT - T 0001,021,55021000740,000740,42,1.000000000000,41799490.000000,41799490.000000
HAMPDEN - T 0001,HAMPDEN - T 0001,021,55021000741,000741,42,1.000000000000,92583107.000000,92583107.000000
LEEDS - T 0001,LEEDS - T 0001,021,55021000742,000742,42,1.000000000000,47271764.000000,47271764.000000
MARCELLON - T 0001,MARCELLON - T 0001,021,55021000743,000743,40,1.000000000000,48774688.000000,48774688.000000
CAMBRIA - V 0001,Cambria - V 0001,021,55021000744,000744,39,1.000000000000,2672826.000000,2672826.000000
PACIFIC - T 0001,PACIFIC - T 0001,021,55021000745,000745,40,1.000000000000,13921946.000000,13921946.000000
COURTLAND - T 0001,COURTLAND - T 0001,021,55021000746,000746,39,1.000000000000,91797309.000000,91797309.000000
OTSEGO - T 0001,OTSEGO - T 0001,021,55021000747,000747,42,1.000000000000,80115581.000000,80115581.000000
RIO - V 0001,Rio - V 0001,021,55021000748,000748,42,1.000000000000,2214139.000000,2214139.000000
RANDOLPH - T 0001,RANDOLPH - T 0001,021,55021000749,000749,39,1.000000000000,90908870.000000,90908870.000000
RANDOLPH - V 0003,Randolph - V 0003,021,55021000750,000750,37,1.000000000000,776086.000000,776086.000000
PARDEEVILLE - V 0002,Pardeeville - V 0002,021,55021000751,000751,40,1.000000000000,1805592.000000,1805592.000000
PARDEEVILLE - V 0001,Pardeeville - V 0001,021,55021000752,000752,40,1.000000000000,1113823.000000,1113823.000000
FALL RIVER - V 0001,Fall River - V 0001,021,55021000753,000753,42,1.000000000000,1772784.000000,1772784.000000
POYNETTE - V 0001,Poynette - V 0001,021,55021000754,000754,42,1.000000000000,3346389.000000,3346389.000000
POYNETTE - V 0003,Poynette - V 0003,021,55021000755,000755,42,1.000000000000,982104.000000,982104.000000
POYNETTE - V 0002,Poynette - V 0002,021,55021000756,000756,42,1.000000000000,518254.000000,518254.000000
LODI - C 0002,Lodi - C 0002,021,55021000757,000757,42,1.000000000000,504256.000000,504256.000000
LODI - C 0003,Lodi - C 0003,021,55021000758,000758,42,1.000000000000,364288.000000,364288.000000
PORTAGE - C 0008,Portage - C 0008,021,55021000759,000759,40,1.000000000000,1773996.000000,1773996.000000
PORTAGE - C 0004,Portage - C 0004,021,55021000760,000760,40,1.000000000000,393063.000000,393063.000000
PORTAGE - C 0005,Portage - C 0005,021,55021000761,000761,40,1.000000000000,657580.000000,657580.000000
WISCONSIN DELLS - C 0002,Wisconsin Dells - C 0002,021,55021000762,000762,41,1.000000000000,1939052.000000,1939052.000000
WISCONSIN DELLS - C 0006,Wisconsin Dells - C 0006,021,55021000763,000763,41,1.000000000000,1049792.000000,1049792.000000
COLUMBUS - C 0007,Columbus - C 0007,021,55021000764,000764,42,1.000000000000,487542.000000,487542.000000
COLUMBUS - C 0003,Columbus - C 0003,021,55021000765,000765,42,1.000000000000,1344367.000000,1344367.000000
COLUMBUS - C 0002,Columbus - C 0002,021,55021000766,000766,42,1.000000000000,647062.000000,647062.000000
COLUMBUS - C 0001,Columbus - C 0001,021,55021000767,000767,42,1.000000000000,488113.000000,488113.000000
RIO - V 0002,Rio - V 0002,021,55021000768,000768,42,1.000000000000,1055082.000000,1055082.000000
COLUMBUS - C 0005,Columbus - C 0005,021,55021000769,000769,42,1.000000000000,1550569.000000,1550569.000000
COLUMBUS - C 0006,Columbus - C 0006,021,55021000770,000770,42,1.000000000000,257664.000000,257664.000000
PORTAGE - C 0009,Portage - C 0009,021,55021000771,000771,40,1.000000000000,1467320.000000,1467320.000000
DEKORRA - T 0003,DEKORRA - T 0003,021,55021000772,000772,42,1.000000000000,36602648.000000,36602648.000000
PORTAGE - C 0003,Portage - C 0003,021,55021000773,000773,40,1.000000000000,485035.000000,485035.000000
PORTAGE - C 0002,Portage - C 0002,021,55021000774,000774,40,1.000000000000,434402.000000,434402.000000
CALEDONIA - T 0002,CALEDONIA - T 0002,021,55021000775,000775,40,1.000000000000,109811913.000000,109811913.000000
COLUMBUS - C 0004,Columbus - C 0004,021,55021000776,000776,42,1.000000000000,1284557.000000,1284557.000000
COLUMBUS - C 0010,Columbus - C 0010,021,55021000777,000777,42,1.000000000000,777663.000000,777663.000000
FOUNTAIN PRAIRIE - T 0002,FOUNTAIN PRAIRIE - T 0002,021,55021000778,000778,42,1.000000000000,74379038.000000,74379038.000000
FALL RIVER - V 0002,Fall River - V 0002,021,55021000779,000779,42,1.000000000000,3133832.000000,3133832.000000
FOUNTAIN PRAIRIE - T 0001,FOUNTAIN PRAIRIE - T 0001,021,55021000780,000780,42,1.000000000000,15106978.000000,15106978.000000
COLUMBUS - C 0008,Columbus - C 0008,021,55021000781,000781,42,1.000000000000,4980246.000000,4980246.000000
COLUMBUS - T 0001,COLUMBUS - T 0001,021,55021000782,000782,42,1.000000000000,80760065.000000,80760065.000000
POYNETTE - V 0004,Poynette - V 0004,021,55021000783,000783,42,1.000000000000,1862715.000000,1862715.000000
DEKORRA - T 0001,DEKORRA - T 0001,021,55021000784,000784,42,1.000000000000,55116756.000000,55116756.000000
LODI - C 0004,Lodi - C 0004,021,55021000785,000785,42,1.000000000000,633684.000000,633684.000000
LODI - T 0005,LODI - T 0005,021,55021000786,000786,42,1.000000000000,29781938.000000,29781938.000000
LODI - C 0001,Lodi - C 0001,021,55021000787,000787,42,1.000000000000,996234.000000,996234.000000
WISCONSIN DELLS - C 0001,Wisconsin Dells - C 0001,021,55021000788,000788,41,1.000000000000,3139072.000000,3139072.000000
WISCONSIN DELLS - C 0003,Wisconsin Dells - C 0003,021,55021000789,000789,41,1.000000000000,3225177.000000,3225177.000000
LEWISTON - T 0002,LEWISTON - T 0002,021,55021000790,000790,40,1.000000000000,69976152.000000,69976152.000000
PACIFIC - T 0003,PACIFIC - T 0003,021,55021000791,000791,40,1.000000000000,7393160.000000,7393160.000000
PORTAGE - C 0010,Portage - C 0010,021,55021000792,000792,40,1.000000000000,6962567.000000,6962567.000000
FORT WINNEBAGO - T 0001,FORT WINNEBAGO - T 0001,021,55021000793,000793,40,1.000000000000,86481150.000000,86481150.000000
PORTAGE - C 0006,Portage - C 0006,021,55021000794,000794,40,1.000000000000,8802253.000000,8802253.000000
CALEDONIA - T 0001,CALEDONIA - T 0001,021,55021000795,000795,40,1.000000000000,54523005.000000,54523005.000000
LEWISTON - T 0001,LEWISTON - T 0001,021,55021000796,000796,40,1.000000000000,72526775.000000,72526775.000000
PORTAGE - C 0007,Portage - C 0007,021,55021000797,000797,40,1.000000000000,1915717.000000,1915717.000000
PACIFIC - T 0004,PACIFIC - T 0004,021,55021000798,000798,40,1.000000000000,21218623.000000,21218623.000000
PORTAGE - C 0001,Portage - C 0001,021,55021000799,000799,40,1.000000000000,2154420.000000,2154420.000000
PACIFIC - T 0002,PACIFIC - T 0002,021,55021000800,000800,40,1.000000000000,13379719.000000,13379719.000000
WISCONSIN DELLS - C 0011,Wisconsin Dells - C 0011,021,55021000801,000801,41,1.000000000000,85491.000000,85491.000000
PORTAGE - C 0011,Portage - C 0011,021,55021000802,000802,40,1.000000000000,89811.000000,89811.000000
ARLINGTON - T 0001,ARLINGTON - T 0001,021,55021000803,000803,42,1.000000000000,90352220.000000,90352220.000000
ARLINGTON - V 0001,Arlington - V 0001,021,55021000804,000804,42,1.000000000000,2685142.000000,2685142.000000
LODI - C 0006,Lodi - C 0006,021,55021000805,000805,42,1.000000000000,1016234.000000,1016234.000000
LODI - C 0005,Lodi - C 0005,021,55021000806,000806,42,1.000000000000,961722.000000,961722.000000
LODI - T 0004,LODI - T 0004,021,55021000807,000807,42,1.000000000000,25020342.000000,25020342.000000
NEWPORT - T 0001,NEWPORT - T 0001,021,55021000808,000808,41,1.000000000000,53825435.000000,53825435.000000
BELL CENTER - V 0001,Bell Center - V 0001,023,55023000810,000810,49,1.000000000000,14474596.000000,14474596.000000
BRIDGEPORT - T 0001,BRIDGEPORT - T 0001,023,55023000811,000811,49,1.000000000000,59771080.000000,59771080.000000
CLAYTON - T 0001,CLAYTON - T 0001,023,55023000812,000812,49,1.000000000000,56097535.000000,56097535.000000
CLAYTON - T 0002,CLAYTON - T 0002,023,55023000813,000813,49,1.000000000000,104916504.000000,104916504.000000
CLAYTON - T 0003,CLAYTON - T 0003,023,55023000814,000814,49,1.000000000000,17461393.000000,17461393.000000
DE SOTO - V 0002,De Soto - V 0002,023,55023000815,000815,49,1.000000000000,830078.000000,830078.000000
EASTMAN - V 0001,Eastman - V 0001,023,55023000816,000816,49,1.000000000000,9356625.000000,9356625.000000
EASTMAN - T 0001,EASTMAN - T 0001,023,55023000817,000817,49,1.000000000000,111522382.000000,111522382.000000
EASTMAN - T 0002,EASTMAN - T 0002,023,55023000818,000818,49,1.000000000000,76484621.000000,76484621.000000
FERRYVILLE - V 0001,Ferryville - V 0001,023,55023000819,000819,49,1.000000000000,5145139.000000,5145139.000000
FREEMAN - T 0001,FREEMAN - T 0001,023,55023000820,000820,49,1.000000000000,202506190.000000,202506190.000000
GAYS MILLS - V 0001,Gays Mills - V 0001,023,55023000821,000821,49,1.000000000000,12686747.000000,12686747.000000
HANEY - T 0001,HANEY - T 0001,023,55023000822,000822,49,1.000000000000,84653674.000000,84653674.000000
LYNXVILLE - V 0001,Lynxville - V 0001,023,55023000823,000823,49,1.000000000000,3542010.000000,3542010.000000
MARIETTA - T 0001,MARIETTA - T 0001,023,55023000824,000824,49,1.000000000000,124446993.000000,124446993.000000
MOUNT STERLING - V 0001,Mount Sterling - V 0001,023,55023000825,000825,49,1.000000000000,3684890.000000,3684890.000000
PRAIRIE DU CHIEN - C 0001,Prairie Du Chien - C 0001,023,55023000826,000826,49,1.000000000000,6395119.000000,6395119.000000
PRAIRIE DU CHIEN - C 0002,Prairie Du Chien - C 0002,023,55023000827,000827,49,1.000000000000,1966169.000000,1966169.000000
PRAIRIE DU CHIEN - C 0003,Prairie Du Chien - C 0003,023,55023000828,000828,49,1.000000000000,1155565.000000,1155565.000000
PRAIRIE DU CHIEN - C 0005,Prairie Du Chien - C 0005,023,55023000829,000829,49,1.000000000000,1230588.000000,1230588.000000
PRAIRIE DU CHIEN - C 0006,Prairie Du Chien - C 0006,023,55023000830,000830,49,1.000000000000,1553082.000000,1553082.000000
PRAIRIE DU CHIEN - C 0007,Prairie Du Chien - C 0007,023,55023000831,000831,49,1.000000000000,169292.000000,169292.000000
PRAIRIE DU CHIEN - T 0002,PRAIRIE DU CHIEN - T 0002,023,55023000832,000832,49,1.000000000000,18801328.000000,18801328.000000
SCOTT - T 0001,SCOTT - T 0001,023,55023000833,000833,49,1.000000000000,92380661.000000,92380661.000000
SENECA - T 0001,SENECA - T 0001,023,55023000834,000834,49,1.000000000000,169670664.000000,169670664.000000
SOLDIERS GROVE - V 0001,Soldiers Grove - V 0001,023,55023000835,000835,49,1.000000000000,9304706.000000,9304706.000000
STEUBEN - V 0001,Steuben - V 0001,023,55023000836,000836,49,1.000000000000,16035341.000000,16035341.000000
UTICA - T 0001,UTICA - T 0001,023,55023000837,000837,49,1.000000000000,140094408.000000,140094408.000000
WAUZEKA - V 0001,Wauzeka - V 0001,023,55023000838,000838,49,1.000000000000,12530344.000000,12530344.000000
WAUZEKA - T 0001,WAUZEKA - T 0001,023,55023000839,000839,49,1.000000000000,55303821.000000,55303821.000000
WAUZEKA - T 0002,WAUZEKA - T 0002,023,55023000840,000840,49,1.000000000000,57899434.000000,57899434.000000
PRAIRIE DU CHIEN - C 0004,Prairie Du Chien - C 0004,023,55023000844,000844,49,1.000000000000,4281706.000000,4281706.000000
PRAIRIE DU CHIEN - T 0001,PRAIRIE DU CHIEN - T 0001,023,55023000845,000845,49,1.000000000000,75594626.000000,75594626.000000
ALBION - T 0001,ALBION - T 0001,025,55025000846,000846,46,0.001822903550,91057.000000,49951628.000000
ALBION - T 0001,ALBION - T 0001,025,55025000846,000846,47,0.998177096450,49860571.000000,49951628.000000
ALBION - T 0002,ALBION - T 0002,025,55025000847,000847,46,1.000000000000,42494126.000000,42494126.000000
BELLEVILLE - V 0002,Belleville - V 0002,025,55025000848,000848,50,1.000000000000,2723832.000000,2723832.000000
BELLEVILLE - V 0001,Belleville - V 0001,025,55025000849,000849,50,1.000000000000,1571776.000000,1571776.000000
BERRY - T 0002,BERRY - T 0002,025,55025000850,000850,81,1.000000000000,50922091.000000,50922091.000000
BERRY - T 0001,BERRY - T 0001,025,55025000851,000851,81,1.000000000000,41894244.000000,41894244.000000
BLACK EARTH - V 0002,Black Earth - V 0002,025,55025000852,000852,81,1.000000000000,1627916.000000,1627916.000000
BLACK EARTH - V 0001,Black Earth - V 0001,025,55025000853,000853,81,1.000000000000,588080.000000,588080.000000
BLACK EARTH - T 0001,BLACK EARTH - T 0001,025,55025000854,000854,81,1.000000000000,44318347.000000,44318347.000000
BLOOMING GROVE - T 0003,BLOOMING GROVE - T 0003,025,55025000866,000866,78,1.000000000000,13401353.000000,13401353.000000
BLOOMING GROVE - T 0001,BLOOMING GROVE - T 0001,025,55025000869,000869,76,1.000000000000,716960.000000,716960.000000
BLOOMING GROVE - T 0002,BLOOMING GROVE - T 0002,025,55025000871,000871,78,1.000000000000,583686.000000,583686.000000
BLUE MOUNDS - V 0001,Blue Mounds - V 0001,025,55025000875,000875,51,1.000000000000,2281799.000000,2281799.000000
BLUE MOUNDS - T 0001,BLUE MOUNDS - T 0001,025,55025000877,000877,51,1.000000000000,84119068.000000,84119068.000000
BRISTOL - T 0001,BRISTOL - T 0001,025,55025000878,000878,48,1.000000000000,63870972.000000,63870972.000000
BRISTOL - T 0002,BRISTOL - T 0002,025,55025000879,000879,48,1.000000000000,16243986.000000,16243986.000000
BRISTOL - T 0003,BRISTOL - T 0003,025,55025000880,000880,48,1.000000000000,2114668.000000,2114668.000000
BRISTOL - T 0004,BRISTOL - T 0004,025,55025000881,000881,48,1.000000000000,4952652.000000,4952652.000000
BROOKLYN - V 0001,Brooklyn - V 0001,025,55025000883,000883,50,1.000000000000,1240751.000000,1240751.000000
BROOKLYN - V 0003,Brooklyn - V 0003,025,55025000884,000884,47,0.016472570494,3324.000000,201790.000000
BROOKLYN - V 0003,Brooklyn - V 0003,025,55025000884,000884,50,0.983527429506,198466.000000,201790.000000
BURKE - T 0001,BURKE - T 0001,025,55025000886,000886,48,1.000000000000,9944952.000000,9944952.000000
BURKE - T 0002,BURKE - T 0002,025,55025000887,000887,48,1.000000000000,2152302.000000,2152302.000000
BURKE - T 0004,BURKE - T 0004,025,55025000888,000888,42,1.000000000000,22339515.000000,22339515.000000
BURKE - T 0003,BURKE - T 0003,025,55025000889,000889,48,1.000000000000,3718412.000000,3718412.000000
CAMBRIDGE - V 0003,Cambridge - V 0003,025,55025000896,000896,46,1.000000000000,1747837.000000,1747837.000000
CAMBRIDGE - V 0002,Cambridge - V 0002,025,55025000898,000898,46,1.000000000000,1676086.000000,1676086.000000
CHRISTIANA - T 0002,CHRISTIANA - T 0002,025,55025000902,000902,46,1.000000000000,47759570.000000,47759570.000000
CHRISTIANA - T 0001,CHRISTIANA - T 0001,025,55025000903,000903,46,1.000000000000,42481866.000000,42481866.000000
COTTAGE GROVE - V 0002,Cottage Grove - V 0002,025,55025000904,000904,46,0.998165847260,2715068.000000,2720057.000000
COTTAGE GROVE - V 0002,Cottage Grove - V 0002,025,55025000904,000904,48,0.001834152740,4989.000000,2720057.000000
COTTAGE GROVE - V 0006,Cottage Grove - V 0006,025,55025000905,000905,46,1.000000000000,449709.000000,449709.000000
COTTAGE GROVE - V 0009,Cottage Grove - V 0009,025,55025000906,000906,46,1.000000000000,1599731.000000,1599731.000000
COTTAGE GROVE - V 0007,Cottage Grove - V 0007,025,55025000907,000907,46,1.000000000000,1401077.000000,1401077.000000
COTTAGE GROVE - V 0008,Cottage Grove - V 0008,025,55025000908,000908,46,1.000000000000,1081915.000000,1081915.000000
COTTAGE GROVE - V 0003,Cottage Grove - V 0003,025,55025000909,000909,46,1.000000000000,464228.000000,464228.000000
COTTAGE GROVE - V 0004,Cottage Grove - V 0004,025,55025000910,000910,46,1.000000000000,758601.000000,758601.000000
COTTAGE GROVE - V 0005,Cottage Grove - V 0005,025,55025000911,000911,46,1.000000000000,1880934.000000,1880934.000000
COTTAGE GROVE - V 0001,Cottage Grove - V 0001,025,55025000912,000912,46,1.000000000000,1073026.000000,1073026.000000
COTTAGE GROVE - V 0010,Cottage Grove - V 0010,025,55025000913,000913,46,1.000000000000,9286.000000,9286.000000
COTTAGE GROVE - V 0011,Cottage Grove - V 0011,025,55025000914,000914,46,1.000000000000,155534.000000,155534.000000
COTTAGE GROVE - V 0012,Cottage Grove - V 0012,025,55025000915,000915,46,1.000000000000,298712.000000,298712.000000
COTTAGE GROVE - T 0005,COTTAGE GROVE - T 0005,025,55025000917,000917,46,1.000000000000,31918773.000000,31918773.000000
COTTAGE GROVE - T 0007,COTTAGE GROVE - T 0007,025,55025000918,000918,46,1.000000000000,16161.000000,16161.000000
COTTAGE GROVE - T 0003,COTTAGE GROVE - T 0003,025,55025000920,000920,46,1.000000000000,3616880.000000,3616880.000000
COTTAGE GROVE - T 0006,COTTAGE GROVE - T 0006,025,55025000921,000921,46,1.000000000000,22102380.000000,22102380.000000
COTTAGE GROVE - T 0001,COTTAGE GROVE - T 0001,025,55025000922,000922,46,1.000000000000,1648706.000000,1648706.000000
COTTAGE GROVE - T 0002,COTTAGE GROVE - T 0002,025,55025000923,000923,46,1.000000000000,2687984.000000,2687984.000000
COTTAGE GROVE - T 0004,COTTAGE GROVE - T 0004,025,55025000924,000924,46,1.000000000000,19650859.000000,19650859.000000
CROSS PLAINS - V 0004,Cross Plains - V 0004,025,55025000927,000927,80,1.000000000000,1041500.000000,1041500.000000
CROSS PLAINS - V 0001,Cross Plains - V 0001,025,55025000928,000928,80,1.000000000000,1432939.000000,1432939.000000
CROSS PLAINS - V 0002,Cross Plains - V 0002,025,55025000929,000929,80,1.000000000000,1005171.000000,1005171.000000
CROSS PLAINS - V 0003,Cross Plains - V 0003,025,55025000930,000930,80,1.000000000000,882077.000000,882077.000000
CROSS PLAINS - V 0005,Cross Plains - V 0005,025,55025000931,000931,80,1.000000000000,171377.000000,171377.000000
CROSS PLAINS - V 0006,Cross Plains - V 0006,025,55025000932,000932,80,1.000000000000,134295.000000,134295.000000
CROSS PLAINS - T 0002,CROSS PLAINS - T 0002,025,55025000934,000934,80,1.000000000000,67115697.000000,67115697.000000
CROSS PLAINS - T 0001,CROSS PLAINS - T 0001,025,55025000935,000935,80,0.999642311545,23196251.000000,23204551.000000
CROSS PLAINS - T 0001,CROSS PLAINS - T 0001,025,55025000935,000935,81,0.000357688455,8300.000000,23204551.000000
DANE - V 0001,Dane - V 0001,025,55025000938,000938,81,1.000000000000,3094352.000000,3094352.000000
DANE - T 0001,DANE - T 0001,025,55025000939,000939,81,1.000000000000,90628645.000000,90628645.000000
DEERFIELD - V 0002,Deerfield - V 0002,025,55025000941,000941,46,1.000000000000,2097494.000000,2097494.000000
DEERFIELD - V 0001,Deerfield - V 0001,025,55025000942,000942,46,1.000000000000,2505188.000000,2505188.000000
DEERFIELD - V 0003,Deerfield - V 0003,025,55025000943,000943,46,1.000000000000,982139.000000,982139.000000
DEERFIELD - T 0002,DEERFIELD - T 0002,025,55025000944,000944,46,1.000000000000,48076721.000000,48076721.000000
DEERFIELD - T 0001,DEERFIELD - T 0001,025,55025000945,000945,46,1.000000000000,39012015.000000,39012015.000000
DEFOREST - V 0020,Deforest - V 0020,025,55025000946,000946,42,1.000000000000,128937.000000,128937.000000
DEFOREST - V 0012,Deforest - V 0012,025,55025000948,000948,42,1.000000000000,5163343.000000,5163343.000000
DEFOREST - V 0011,Deforest - V 0011,025,55025000949,000949,42,1.000000000000,4106278.000000,4106278.000000
DEFOREST - V 0008,Deforest - V 0008,025,55025000950,000950,42,1.000000000000,825969.000000,825969.000000
DEFOREST - V 0007,Deforest - V 0007,025,55025000951,000951,42,1.000000000000,1236828.000000,1236828.000000
DEFOREST - V 0009,Deforest - V 0009,025,55025000952,000952,42,1.000000000000,605391.000000,605391.000000
DEFOREST - V 0010,Deforest - V 0010,025,55025000953,000953,42,1.000000000000,711187.000000,711187.000000
DEFOREST - V 0019,Deforest - V 0019,025,55025000956,000956,42,1.000000000000,1451558.000000,1451558.000000
DEFOREST - V 0013,Deforest - V 0013,025,55025000957,000957,42,1.000000000000,838550.000000,838550.000000
DEFOREST - V 0022,Deforest - V 0022,025,55025000958,000958,42,1.000000000000,46143.000000,46143.000000
DEFOREST - V 0021,Deforest - V 0021,025,55025000959,000959,42,1.000000000000,21372.000000,21372.000000
DEFOREST - V 0001,Deforest - V 0001,025,55025000960,000960,42,1.000000000000,2364168.000000,2364168.000000
DEFOREST - V 0006,Deforest - V 0006,025,55025000961,000961,42,1.000000000000,1425578.000000,1425578.000000
DEFOREST - V 0005,Deforest - V 0005,025,55025000962,000962,42,1.000000000000,1869067.000000,1869067.000000
DEFOREST - V 0002,Deforest - V 0002,025,55025000963,000963,42,1.000000000000,372584.000000,372584.000000
DEFOREST - V 0003,Deforest - V 0003,025,55025000964,000964,42,1.000000000000,364530.000000,364530.000000
DEFOREST - V 0004,Deforest - V 0004,025,55025000965,000965,42,1.000000000000,445519.000000,445519.000000
DEFOREST - V 0014,Deforest - V 0014,025,55025000966,000966,42,1.000000000000,18646.000000,18646.000000
DEFOREST - V 0015,Deforest - V 0015,025,55025000967,000967,42,1.000000000000,2647.000000,2647.000000
DEFOREST - V 0016,Deforest - V 0016,025,55025000968,000968,42,1.000000000000,5860.000000,5860.000000
DEFOREST - V 0017,Deforest - V 0017,025,55025000970,000970,42,1.000000000000,41127.000000,41127.000000
DEFOREST - V 0018,Deforest - V 0018,025,55025000971,000971,42,1.000000000000,136429.000000,136429.000000
DUNKIRK - T 0006,DUNKIRK - T 0006,025,55025000974,000974,47,1.000000000000,37965648.000000,37965648.000000
DUNKIRK - T 0001,DUNKIRK - T 0001,025,55025000975,000975,47,1.000000000000,10586722.000000,10586722.000000
DUNKIRK - T 0004,DUNKIRK - T 0004,025,55025000976,000976,47,1.000000000000,5183949.000000,5183949.000000
DUNKIRK - T 0002,DUNKIRK - T 0002,025,55025000978,000978,47,1.000000000000,8541246.000000,8541246.000000
DUNKIRK - T 0005,DUNKIRK - T 0005,025,55025000979,000979,47,1.000000000000,17020881.000000,17020881.000000
DUNKIRK - T 0003,DUNKIRK - T 0003,025,55025000981,000981,47,1.000000000000,2137721.000000,2137721.000000
DUNN - T 0005,DUNN - T 0005,025,55025000987,000987,47,1.000000000000,18595371.000000,18595371.000000
DUNN - T 0001,DUNN - T 0001,025,55025000988,000988,47,1.000000000000,18148792.000000,18148792.000000
DUNN - T 0007,DUNN - T 0007,025,55025000989,000989,47,1.000000000000,12089602.000000,12089602.000000
DUNN - T 0002,DUNN - T 0002,025,55025000990,000990,47,1.000000000000,13270544.000000,13270544.000000
DUNN - T 0004,DUNN - T 0004,025,55025000991,000991,47,1.000000000000,7879237.000000,7879237.000000
DUNN - T 0006,DUNN - T 0006,025,55025000992,000992,47,1.000000000000,10278484.000000,10278484.000000
DUNN - T 0003,DUNN - T 0003,025,55025000993,000993,47,1.000000000000,7694126.000000,7694126.000000
EDGERTON - C 0007,Edgerton - C 0007,025,55025000994,000994,43,1.000000000000,1384874.000000,1384874.000000
FITCHBURG - C 0017,Fitchburg - C 0017,025,55025000995,000995,47,1.000000000000,37125438.000000,37125438.000000
FITCHBURG - C 0018,Fitchburg - C 0018,025,55025000996,000996,47,1.000000000000,3505683.000000,3505683.000000
FITCHBURG - C 0016,Fitchburg - C 0016,025,55025000997,000997,47,1.000000000000,11585248.000000,11585248.000000
FITCHBURG - C 0019,Fitchburg - C 0019,025,55025000998,000998,47,1.000000000000,11147816.000000,11147816.000000
FITCHBURG - C 0015,Fitchburg - C 0015,025,55025000999,000999,47,1.000000000000,7254202.000000,7254202.000000
FITCHBURG - C 0006,Fitchburg - C 0006,025,55025001001,001001,47,1.000000000000,502198.000000,502198.000000
FITCHBURG - C 0009,Fitchburg - C 0009,025,55025001002,001002,47,1.000000000000,549413.000000,549413.000000
FITCHBURG - C 0005,Fitchburg - C 0005,025,55025001003,001003,47,1.000000000000,1957340.000000,1957340.000000
FITCHBURG - C 0008,Fitchburg - C 0008,025,55025001004,001004,47,1.000000000000,1337996.000000,1337996.000000
FITCHBURG - C 0007,Fitchburg - C 0007,025,55025001005,001005,47,1.000000000000,1219657.000000,1219657.000000
FITCHBURG - C 0004,Fitchburg - C 0004,025,55025001006,001006,47,0.997250565863,521216.000000,522653.000000
FITCHBURG - C 0004,Fitchburg - C 0004,025,55025001006,001006,79,0.002749434137,1437.000000,522653.000000
FITCHBURG - C 0002,Fitchburg - C 0002,025,55025001007,001007,47,1.000000000000,547708.000000,547708.000000
FITCHBURG - C 0001,Fitchburg - C 0001,025,55025001008,001008,47,1.000000000000,845555.000000,845555.000000
FITCHBURG - C 0003,Fitchburg - C 0003,025,55025001009,001009,47,1.000000000000,1828383.000000,1828383.000000
FITCHBURG - C 0011,Fitchburg - C 0011,025,55025001010,001010,47,1.000000000000,295023.000000,295023.000000
FITCHBURG - C 0010,Fitchburg - C 0010,025,55025001011,001011,47,1.000000000000,361905.000000,361905.000000
FITCHBURG - C 0012,Fitchburg - C 0012,025,55025001012,001012,47,1.000000000000,2405973.000000,2405973.000000
FITCHBURG - C 0013,Fitchburg - C 0013,025,55025001013,001013,47,1.000000000000,3919395.000000,3919395.000000
FITCHBURG - C 0014,Fitchburg - C 0014,025,55025001014,001014,47,1.000000000000,4148671.000000,4148671.000000
MCFARLAND - V 0011,Mcfarland - V 0011,025,55025001015,001015,78,1.000000000000,2724.000000,2724.000000
MCFARLAND - V 0001,Mcfarland - V 0001,025,55025001016,001016,78,1.000000000000,2348197.000000,2348197.000000
MCFARLAND - V 0003,Mcfarland - V 0003,025,55025001017,001017,47,1.000000000000,897034.000000,897034.000000
MCFARLAND - V 0004,Mcfarland - V 0004,025,55025001018,001018,47,1.000000000000,749044.000000,749044.000000
MCFARLAND - V 0005,Mcfarland - V 0005,025,55025001019,001019,47,1.000000000000,640312.000000,640312.000000
MCFARLAND - V 0008,Mcfarland - V 0008,025,55025001020,001020,78,1.000000000000,1203172.000000,1203172.000000
MCFARLAND - V 0010,Mcfarland - V 0010,025,55025001021,001021,78,1.000000000000,490891.000000,490891.000000
MCFARLAND - V 0002,Mcfarland - V 0002,025,55025001022,001022,47,1.000000000000,793123.000000,793123.000000
MCFARLAND - V 0006,Mcfarland - V 0006,025,55025001023,001023,78,1.000000000000,1020133.000000,1020133.000000
MCFARLAND - V 0009,Mcfarland - V 0009,025,55025001024,001024,78,1.000000000000,474537.000000,474537.000000
MCFARLAND - V 0007,Mcfarland - V 0007,025,55025001025,001025,78,1.000000000000,616307.000000,616307.000000
MCFARLAND - V 0012,Mcfarland - V 0012,025,55025001026,001026,78,1.000000000000,2227721.000000,2227721.000000
MADISON - C 0001,Madison - C 0001,025,55025001028,001028,78,1.000000000000,10103838.000000,10103838.000000
MADISON - C 0010,Madison - C 0010,025,55025001029,001029,78,1.000000000000,1607139.000000,1607139.000000
MADISON - C 0100,Madison - C 0100,025,55025001030,001030,80,1.000000000000,2007081.000000,2007081.000000
MADISON - C 0101,Madison - C 0101,025,55025001031,001031,79,1.000000000000,372353.000000,372353.000000
MADISON - C 0102,Madison - C 0102,025,55025001032,001032,80,1.000000000000,1830141.000000,1830141.000000
MADISON - C 0103,Madison - C 0103,025,55025001033,001033,79,1.000000000000,237577.000000,237577.000000
MADISON - C 0104,Madison - C 0104,025,55025001034,001034,79,1.000000000000,1111640.000000,1111640.000000
MADISON - C 0105,Madison - C 0105,025,55025001035,001035,80,1.000000000000,1198004.000000,1198004.000000
MADISON - C 0106,Madison - C 0106,025,55025001036,001036,80,1.000000000000,5687004.000000,5687004.000000
MADISON - C 0137,Madison - C 0137,025,55025001037,001037,80,1.000000000000,283190.000000,283190.000000
MADISON - C 0140,Madison - C 0140,025,55025001038,001038,80,1.000000000000,543391.000000,543391.000000
MADISON - C 0107,Madison - C 0107,025,55025001039,001039,79,0.003374763192,17030.000000,5046280.000000
MADISON - C 0107,Madison - C 0107,025,55025001039,001039,80,0.996625236808,5029250.000000,5046280.000000
MADISON - C 0108,Madison - C 0108,025,55025001040,001040,79,1.000000000000,2183428.000000,2183428.000000
MADISON - C 0109,Madison - C 0109,025,55025001041,001041,79,1.000000000000,1505719.000000,1505719.000000
MADISON - C 0011,Madison - C 0011,025,55025001042,001042,78,1.000000000000,1067109.000000,1067109.000000
MADISON - C 0110,Madison - C 0110,025,55025001043,001043,79,0.012069182122,41886.000000,3470492.000000
MADISON - C 0110,Madison - C 0110,025,55025001043,001043,80,0.987930817878,3428606.000000,3470492.000000
MADISON - C 0143,Madison - C 0143,025,55025001044,001044,80,1.000000000000,22091.000000,22091.000000
MADISON - C 0111,Madison - C 0111,025,55025001045,001045,80,1.000000000000,4004194.000000,4004194.000000
MADISON - C 0138,Madison - C 0138,025,55025001046,001046,80,1.000000000000,69032.000000,69032.000000
MADISON - C 0112,Madison - C 0112,025,55025001047,001047,42,1.000000000000,186641.000000,186641.000000
MADISON - C 0113,Madison - C 0113,025,55025001048,001048,78,1.000000000000,7903.000000,7903.000000
MADISON - C 0114,Madison - C 0114,025,55025001049,001049,80,1.000000000000,1657.000000,1657.000000
MADISON - C 0115,Madison - C 0115,025,55025001050,001050,80,1.000000000000,4488.000000,4488.000000
MADISON - C 0116,Madison - C 0116,025,55025001051,001051,80,1.000000000000,12372.000000,12372.000000
MADISON - C 0117,Madison - C 0117,025,55025001052,001052,79,1.000000000000,3192.000000,3192.000000
MADISON - C 0141,Madison - C 0141,025,55025001053,001053,79,1.000000000000,5506.000000,5506.000000
MADISON - C 0118,Madison - C 0118,025,55025001054,001054,42,1.000000000000,28109.000000,28109.000000
MADISON - C 0119,Madison - C 0119,025,55025001055,001055,80,1.000000000000,426883.000000,426883.000000
MADISON - C 0012,Madison - C 0012,025,55025001056,001056,78,1.000000000000,2163544.000000,2163544.000000
MADISON - C 0120,Madison - C 0120,025,55025001057,001057,80,1.000000000000,21084.000000,21084.000000
MADISON - C 0121,Madison - C 0121,025,55025001058,001058,80,1.000000000000,39623.000000,39623.000000
MADISON - C 0122,Madison - C 0122,025,55025001059,001059,80,1.000000000000,191347.000000,191347.000000
MADISON - C 0123,Madison - C 0123,025,55025001060,001060,78,1.000000000000,16254.000000,16254.000000
MADISON - C 0124,Madison - C 0124,025,55025001061,001061,80,1.000000000000,1014680.000000,1014680.000000
MADISON - C 0125,Madison - C 0125,025,55025001063,001063,80,1.000000000000,20123.000000,20123.000000
MADISON - C 0127,Madison - C 0127,025,55025001064,001064,80,1.000000000000,354914.000000,354914.000000
MADISON - C 0128,Madison - C 0128,025,55025001065,001065,48,1.000000000000,69894.000000,69894.000000
MADISON - C 0129,Madison - C 0129,025,55025001066,001066,48,1.000000000000,549585.000000,549585.000000
MADISON - C 0013,Madison - C 0013,025,55025001067,001067,78,1.000000000000,1256418.000000,1256418.000000
MADISON - C 0130,Madison - C 0130,025,55025001068,001068,78,1.000000000000,8273.000000,8273.000000
MADISON - C 0131,Madison - C 0131,025,55025001069,001069,48,1.000000000000,86943.000000,86943.000000
MADISON - C 0132,Madison - C 0132,025,55025001070,001070,78,1.000000000000,5104.000000,5104.000000
MADISON - C 0133,Madison - C 0133,025,55025001071,001071,78,1.000000000000,17075.000000,17075.000000
MADISON - C 0134,Madison - C 0134,025,55025001073,001073,78,1.000000000000,2971226.000000,2971226.000000
MADISON - C 0135,Madison - C 0135,025,55025001074,001074,81,1.000000000000,25209.000000,25209.000000
MADISON - C 0136,Madison - C 0136,025,55025001075,001075,48,1.000000000000,2318.000000,2318.000000
MADISON - C 0014,Madison - C 0014,025,55025001076,001076,78,1.000000000000,678597.000000,678597.000000
MADISON - C 0015,Madison - C 0015,025,55025001077,001077,78,1.000000000000,1012661.000000,1012661.000000
MADISON - C 0016,Madison - C 0016,025,55025001078,001078,76,1.000000000000,2920304.000000,2920304.000000
MADISON - C 0017,Madison - C 0017,025,55025001079,001079,78,1.000000000000,999326.000000,999326.000000
MADISON - C 0018,Madison - C 0018,025,55025001080,001080,48,1.000000000000,1277864.000000,1277864.000000
MADISON - C 0019,Madison - C 0019,025,55025001081,001081,42,0.006733862874,8353.000000,1240447.000000
MADISON - C 0019,Madison - C 0019,025,55025001081,001081,76,0.993266137126,1232094.000000,1240447.000000
MADISON - C 0002,Madison - C 0002,025,55025001082,001082,78,1.000000000000,6766354.000000,6766354.000000
MADISON - C 0020,Madison - C 0020,025,55025001083,001083,76,1.000000000000,253485.000000,253485.000000
MADISON - C 0021,Madison - C 0021,025,55025001084,001084,48,1.000000000000,3877974.000000,3877974.000000
MADISON - C 0022,Madison - C 0022,025,55025001085,001085,48,1.000000000000,1127918.000000,1127918.000000
MADISON - C 0023,Madison - C 0023,025,55025001087,001087,48,1.000000000000,4154727.000000,4154727.000000
MADISON - C 0026,Madison - C 0026,025,55025001088,001088,42,1.000000000000,6343164.000000,6343164.000000
MADISON - C 0024,Madison - C 0024,025,55025001089,001089,42,0.990127827075,4991573.000000,5041342.000000
MADISON - C 0024,Madison - C 0024,025,55025001089,001089,48,0.009872172925,49769.000000,5041342.000000
MADISON - C 0126,Madison - C 0126,025,55025001090,001090,42,1.000000000000,53166.000000,53166.000000
MADISON - C 0142,Madison - C 0142,025,55025001091,001091,42,1.000000000000,147675.000000,147675.000000
MADISON - C 0025,Madison - C 0025,025,55025001092,001092,42,1.000000000000,1640440.000000,1640440.000000
MADISON - C 0027,Madison - C 0027,025,55025001093,001093,42,1.000000000000,6357649.000000,6357649.000000
MADISON - C 0028,Madison - C 0028,025,55025001094,001094,42,0.002486040705,7113.000000,2861176.000000
MADISON - C 0028,Madison - C 0028,025,55025001094,001094,76,0.997513959295,2854063.000000,2861176.000000
MADISON - C 0029,Madison - C 0029,025,55025001096,001096,76,1.000000000000,2075987.000000,2075987.000000
MADISON - C 0003,Madison - C 0003,025,55025001097,001097,78,1.000000000000,801623.000000,801623.000000
MADISON - C 0030,Madison - C 0030,025,55025001098,001098,76,1.000000000000,1229189.000000,1229189.000000
MADISON - C 0031,Madison - C 0031,025,55025001099,001099,76,1.000000000000,1603635.000000,1603635.000000
MADISON - C 0032,Madison - C 0032,025,55025001100,001100,76,1.000000000000,522519.000000,522519.000000
MADISON - C 0033,Madison - C 0033,025,55025001101,001101,76,1.000000000000,1001456.000000,1001456.000000
MADISON - C 0034,Madison - C 0034,025,55025001102,001102,76,1.000000000000,919493.000000,919493.000000
MADISON - C 0035,Madison - C 0035,025,55025001103,001103,76,1.000000000000,1043657.000000,1043657.000000
MADISON - C 0036,Madison - C 0036,025,55025001104,001104,81,1.000000000000,3096625.000000,3096625.000000
MADISON - C 0037,Madison - C 0037,025,55025001105,001105,76,1.000000000000,1176409.000000,1176409.000000
MADISON - C 0038,Madison - C 0038,025,55025001106,001106,81,1.000000000000,5706189.000000,5706189.000000
MADISON - C 0039,Madison - C 0039,025,55025001107,001107,76,1.000000000000,1207281.000000,1207281.000000
MADISON - C 0004,Madison - C 0004,025,55025001108,001108,78,1.000000000000,654936.000000,654936.000000
MADISON - C 0040,Madison - C 0040,025,55025001109,001109,76,1.000000000000,1063111.000000,1063111.000000
MADISON - C 0041,Madison - C 0041,025,55025001110,001110,76,1.000000000000,984500.000000,984500.000000
MADISON - C 0042,Madison - C 0042,025,55025001111,001111,76,1.000000000000,1139189.000000,1139189.000000
MADISON - C 0043,Madison - C 0043,025,55025001112,001112,76,1.000000000000,93373.000000,93373.000000
MADISON - C 0044,Madison - C 0044,025,55025001113,001113,76,1.000000000000,696722.000000,696722.000000
MADISON - C 0045,Madison - C 0045,025,55025001114,001114,76,1.000000000000,781280.000000,781280.000000
MADISON - C 0046,Madison - C 0046,025,55025001115,001115,76,1.000000000000,329283.000000,329283.000000
MADISON - C 0047,Madison - C 0047,025,55025001116,001116,77,1.000000000000,128932.000000,128932.000000
MADISON - C 0048,Madison - C 0048,025,55025001117,001117,77,1.000000000000,51794.000000,51794.000000
MADISON - C 0049,Madison - C 0049,025,55025001118,001118,77,1.000000000000,162509.000000,162509.000000
MADISON - C 0005,Madison - C 0005,025,55025001119,001119,78,1.000000000000,1282915.000000,1282915.000000
MADISON - C 0050,Madison - C 0050,025,55025001120,001120,77,1.000000000000,265994.000000,265994.000000
MADISON - C 0054,Madison - C 0054,025,55025001121,001121,77,1.000000000000,105340.000000,105340.000000
MADISON - C 0051,Madison - C 0051,025,55025001122,001122,76,1.000000000000,294907.000000,294907.000000
MADISON - C 0052,Madison - C 0052,025,55025001123,001123,76,1.000000000000,351762.000000,351762.000000
MADISON - C 0053,Madison - C 0053,025,55025001124,001124,76,1.000000000000,434852.000000,434852.000000
MADISON - C 0055,Madison - C 0055,025,55025001125,001125,77,1.000000000000,415739.000000,415739.000000
MADISON - C 0056,Madison - C 0056,025,55025001126,001126,77,1.000000000000,84222.000000,84222.000000
MADISON - C 0057,Madison - C 0057,025,55025001127,001127,77,1.000000000000,151451.000000,151451.000000
MADISON - C 0059,Madison - C 0059,025,55025001128,001128,77,1.000000000000,181197.000000,181197.000000
MADISON - C 0058,Madison - C 0058,025,55025001129,001129,77,1.000000000000,27769920.000000,27769920.000000
MADISON - C 0006,Madison - C 0006,025,55025001130,001130,78,1.000000000000,1534254.000000,1534254.000000
MADISON - C 0060,Madison - C 0060,025,55025001131,001131,77,1.000000000000,2468863.000000,2468863.000000
MADISON - C 0061,Madison - C 0061,025,55025001132,001132,77,1.000000000000,837008.000000,837008.000000
MADISON - C 0062,Madison - C 0062,025,55025001133,001133,77,1.000000000000,376809.000000,376809.000000
MADISON - C 0063,Madison - C 0063,025,55025001134,001134,77,1.000000000000,796851.000000,796851.000000
MADISON - C 0064,Madison - C 0064,025,55025001135,001135,79,1.000000000000,969626.000000,969626.000000
MADISON - C 0065,Madison - C 0065,025,55025001136,001136,77,1.000000000000,1842046.000000,1842046.000000
MADISON - C 0066,Madison - C 0066,025,55025001137,001137,77,1.000000000000,1009897.000000,1009897.000000
MADISON - C 0067,Madison - C 0067,025,55025001138,001138,77,1.000000000000,432750.000000,432750.000000
MADISON - C 0068,Madison - C 0068,025,55025001139,001139,77,1.000000000000,418935.000000,418935.000000
MADISON - C 0069,Madison - C 0069,025,55025001140,001140,78,1.000000000000,15172534.000000,15172534.000000
MADISON - C 0007,Madison - C 0007,025,55025001141,001141,78,1.000000000000,1592847.000000,1592847.000000
MADISON - C 0070,Madison - C 0070,025,55025001142,001142,78,1.000000000000,1848239.000000,1848239.000000
MADISON - C 0071,Madison - C 0071,025,55025001143,001143,78,1.000000000000,5001050.000000,5001050.000000
MADISON - C 0139,Madison - C 0139,025,55025001144,001144,78,1.000000000000,8825.000000,8825.000000
MADISON - C 0072,Madison - C 0072,025,55025001145,001145,78,1.000000000000,1197912.000000,1197912.000000
MADISON - C 0073,Madison - C 0073,025,55025001146,001146,78,1.000000000000,1897279.000000,1897279.000000
MADISON - C 0074,Madison - C 0074,025,55025001147,001147,77,1.000000000000,495383.000000,495383.000000
MADISON - C 0075,Madison - C 0075,025,55025001148,001148,77,1.000000000000,7361213.000000,7361213.000000
MADISON - C 0076,Madison - C 0076,025,55025001149,001149,79,1.000000000000,886053.000000,886053.000000
MADISON - C 0077,Madison - C 0077,025,55025001150,001150,79,1.000000000000,2307049.000000,2307049.000000
MADISON - C 0078,Madison - C 0078,025,55025001151,001151,77,0.996633106128,2298515.000000,2306280.000000
MADISON - C 0078,Madison - C 0078,025,55025001151,001151,79,0.003366893872,7765.000000,2306280.000000
MADISON - C 0079,Madison - C 0079,025,55025001152,001152,79,1.000000000000,3488690.000000,3488690.000000
MADISON - C 0008,Madison - C 0008,025,55025001153,001153,48,1.000000000000,6883752.000000,6883752.000000
MADISON - C 0080,Madison - C 0080,025,55025001154,001154,79,1.000000000000,165140.000000,165140.000000
MADISON - C 0081,Madison - C 0081,025,55025001155,001155,79,1.000000000000,1040669.000000,1040669.000000
MADISON - C 0082,Madison - C 0082,025,55025001156,001156,79,1.000000000000,945736.000000,945736.000000
MADISON - C 0083,Madison - C 0083,025,55025001157,001157,79,1.000000000000,1430511.000000,1430511.000000
MADISON - C 0084,Madison - C 0084,025,55025001158,001158,79,1.000000000000,983316.000000,983316.000000
MADISON - C 0085,Madison - C 0085,025,55025001159,001159,79,1.000000000000,1831066.000000,1831066.000000
MADISON - C 0086,Madison - C 0086,025,55025001160,001160,79,1.000000000000,2244942.000000,2244942.000000
MADISON - C 0087,Madison - C 0087,025,55025001161,001161,79,1.000000000000,2840772.000000,2840772.000000
MADISON - C 0088,Madison - C 0088,025,55025001162,001162,79,1.000000000000,1732463.000000,1732463.000000
MADISON - C 0089,Madison - C 0089,025,55025001163,001163,79,1.000000000000,3826417.000000,3826417.000000
MADISON - C 0009,Madison - C 0009,025,55025001164,001164,78,1.000000000000,3485091.000000,3485091.000000
MADISON - C 0090,Madison - C 0090,025,55025001165,001165,79,1.000000000000,1249385.000000,1249385.000000
MADISON - C 0091,Madison - C 0091,025,55025001166,001166,79,1.000000000000,1579032.000000,1579032.000000
MADISON - C 0092,Madison - C 0092,025,55025001167,001167,79,1.000000000000,911266.000000,911266.000000
MADISON - C 0093,Madison - C 0093,025,55025001168,001168,79,1.000000000000,207307.000000,207307.000000
MADISON - C 0094,Madison - C 0094,025,55025001169,001169,79,1.000000000000,711569.000000,711569.000000
MADISON - C 0095,Madison - C 0095,025,55025001170,001170,79,1.000000000000,1503960.000000,1503960.000000
MADISON - C 0096,Madison - C 0096,025,55025001171,001171,79,1.000000000000,983879.000000,983879.000000
MADISON - C 0097,Madison - C 0097,025,55025001172,001172,80,1.000000000000,1648763.000000,1648763.000000
MADISON - C 0098,Madison - C 0098,025,55025001173,001173,80,1.000000000000,2520135.000000,2520135.000000
MADISON - C 0144,Madison - C 0144,025,55025001174,001174,80,1.000000000000,146870.000000,146870.000000
MADISON - C 0099,Madison - C 0099,025,55025001175,001175,79,1.000000000000,587404.000000,587404.000000
MADISON - T 0001,MADISON - T 0001,025,55025001176,001176,76,1.000000000000,93811.000000,93811.000000
MADISON - T 0007,MADISON - T 0007,025,55025001177,001177,78,1.000000000000,1491620.000000,1491620.000000
MADISON - T 0003,MADISON - T 0003,025,55025001179,001179,77,0.951511052661,634518.000000,666853.000000
MADISON - T 0003,MADISON - T 0003,025,55025001179,001179,79,0.048488947339,32335.000000,666853.000000
MADISON - T 0005,MADISON - T 0005,025,55025001182,001182,78,1.000000000000,112144.000000,112144.000000
MADISON - T 0005,MADISON - T 0005,025,55025001184,001184,78,1.000000000000,86124.000000,86124.000000
MADISON - T 0002,MADISON - T 0002,025,55025001187,001187,77,0.676127956092,376965.000000,557535.000000
MADISON - T 0002,MADISON - T 0002,025,55025001187,001187,78,0.323872043908,180570.000000,557535.000000
MADISON - T 0006,MADISON - T 0006,025,55025001188,001188,78,1.000000000000,282252.000000,282252.000000
MADISON - T 0008,MADISON - T 0008,025,55025001189,001189,78,1.000000000000,399246.000000,399246.000000
MADISON - T 0004,MADISON - T 0004,025,55025001190,001190,78,1.000000000000,102759.000000,102759.000000
MADISON - T 0009,MADISON - T 0009,025,55025001191,001191,78,1.000000000000,100097.000000,100097.000000
MAPLE BLUFF - V 0002,Maple Bluff - V 0002,025,55025001192,001192,76,1.000000000000,1302912.000000,1302912.000000
MAPLE BLUFF - V 0001,Maple Bluff - V 0001,025,55025001193,001193,76,1.000000000000,519620.000000,519620.000000
MARSHALL - V 0005,Marshall - V 0005,025,55025001194,001194,46,1.000000000000,1532385.000000,1532385.000000
MARSHALL - V 0002,Marshall - V 0002,025,55025001197,001197,46,1.000000000000,570646.000000,570646.000000
MARSHALL - V 0003,Marshall - V 0003,025,55025001198,001198,46,1.000000000000,1261006.000000,1261006.000000
MARSHALL - V 0001,Marshall - V 0001,025,55025001199,001199,46,1.000000000000,1406448.000000,1406448.000000
MARSHALL - V 0004,Marshall - V 0004,025,55025001200,001200,46,1.000000000000,1164208.000000,1164208.000000
MAZOMANIE - V 0002,Mazomanie - V 0002,025,55025001201,001201,81,1.000000000000,1630234.000000,1630234.000000
MAZOMANIE - V 0001,Mazomanie - V 0001,025,55025001202,001202,81,1.000000000000,1545207.000000,1545207.000000
MAZOMANIE - V 0003,Mazomanie - V 0003,025,55025001203,001203,81,1.000000000000,1437294.000000,1437294.000000
MAZOMANIE - T 0001,MAZOMANIE - T 0001,025,55025001204,001204,81,1.000000000000,47586315.000000,47586315.000000
MAZOMANIE - T 0002,MAZOMANIE - T 0002,025,55025001209,001209,81,1.000000000000,29851093.000000,29851093.000000
MEDINA - T 0002,MEDINA - T 0002,025,55025001211,001211,46,1.000000000000,56032634.000000,56032634.000000
MEDINA - T 0001,MEDINA - T 0001,025,55025001212,001212,46,1.000000000000,30200505.000000,30200505.000000
MIDDLETON - C 0010,Middleton - C 0010,025,55025001213,001213,80,0.001052107931,5097.000000,4844560.000000
MIDDLETON - C 0010,Middleton - C 0010,025,55025001213,001213,81,0.998947892069,4839463.000000,4844560.000000
MIDDLETON - C 0013,Middleton - C 0013,025,55025001214,001214,81,1.000000000000,1343803.000000,1343803.000000
MIDDLETON - C 0012,Middleton - C 0012,025,55025001215,001215,81,1.000000000000,938696.000000,938696.000000
MIDDLETON - C 0011,Middleton - C 0011,025,55025001216,001216,81,1.000000000000,3175386.000000,3175386.000000
MIDDLETON - C 0006,Middleton - C 0006,025,55025001217,001217,81,1.000000000000,438822.000000,438822.000000
MIDDLETON - C 0007,Middleton - C 0007,025,55025001218,001218,81,1.000000000000,821309.000000,821309.000000
MIDDLETON - C 0005,Middleton - C 0005,025,55025001219,001219,81,1.000000000000,718226.000000,718226.000000
MIDDLETON - C 0008,Middleton - C 0008,025,55025001220,001220,81,1.000000000000,1038815.000000,1038815.000000
MIDDLETON - C 0004,Middleton - C 0004,025,55025001221,001221,81,1.000000000000,600232.000000,600232.000000
MIDDLETON - C 0003,Middleton - C 0003,025,55025001222,001222,81,1.000000000000,981118.000000,981118.000000
MIDDLETON - C 0001,Middleton - C 0001,025,55025001223,001223,80,0.000631124074,1745.000000,2764908.000000
MIDDLETON - C 0001,Middleton - C 0001,025,55025001223,001223,81,0.999368875926,2763163.000000,2764908.000000
MIDDLETON - C 0002,Middleton - C 0002,025,55025001224,001224,81,1.000000000000,587275.000000,587275.000000
MIDDLETON - C 0009,Middleton - C 0009,025,55025001225,001225,81,1.000000000000,323844.000000,323844.000000
MIDDLETON - C 0019,Middleton - C 0019,025,55025001226,001226,81,1.000000000000,33010.000000,33010.000000
MIDDLETON - C 0018,Middleton - C 0018,025,55025001229,001229,81,1.000000000000,2363369.000000,2363369.000000
MIDDLETON - C 0017,Middleton - C 0017,025,55025001230,001230,81,1.000000000000,601729.000000,601729.000000
MIDDLETON - C 0016,Middleton - C 0016,025,55025001231,001231,81,1.000000000000,422567.000000,422567.000000
MIDDLETON - C 0014,Middleton - C 0014,025,55025001232,001232,81,1.000000000000,1136038.000000,1136038.000000
MIDDLETON - C 0015,Middleton - C 0015,025,55025001233,001233,81,1.000000000000,319206.000000,319206.000000
MIDDLETON - T 0004,MIDDLETON - T 0004,025,55025001267,001267,80,0.999491941010,8644208.000000,8648602.000000
MIDDLETON - T 0004,MIDDLETON - T 0004,025,55025001267,001267,81,0.000508058990,4394.000000,8648602.000000
MIDDLETON - T 0008,MIDDLETON - T 0008,025,55025001270,001270,79,0.020890783559,158506.000000,7587365.000000
MIDDLETON - T 0008,MIDDLETON - T 0008,025,55025001270,001270,80,0.979109216441,7428859.000000,7587365.000000
MIDDLETON - T 0006,MIDDLETON - T 0006,025,55025001271,001271,80,1.000000000000,3165560.000000,3165560.000000
MIDDLETON - T 0001,MIDDLETON - T 0001,025,55025001272,001272,80,1.000000000000,2757998.000000,2757998.000000
MIDDLETON - T 0002,MIDDLETON - T 0002,025,55025001273,001273,81,1.000000000000,2860576.000000,2860576.000000
MIDDLETON - T 0003,MIDDLETON - T 0003,025,55025001274,001274,80,0.996858705244,7189022.000000,7211676.000000
MIDDLETON - T 0003,MIDDLETON - T 0003,025,55025001274,001274,81,0.003141294756,22654.000000,7211676.000000
MIDDLETON - T 0005,MIDDLETON - T 0005,025,55025001275,001275,80,1.000000000000,2058730.000000,2058730.000000
MIDDLETON - T 0007,MIDDLETON - T 0007,025,55025001276,001276,80,1.000000000000,3948777.000000,3948777.000000
MONONA - C 0008,Monona - C 0008,025,55025001284,001284,78,1.000000000000,3294312.000000,3294312.000000
MONONA - C 0008,Monona - C 0008,025,55025001285,001285,78,1.000000000000,1722.000000,1722.000000
MONONA - C 0010,Monona - C 0010,025,55025001286,001286,78,1.000000000000,631673.000000,631673.000000
MONONA - C 0007,Monona - C 0007,025,55025001287,001287,78,1.000000000000,385642.000000,385642.000000
MONONA - C 0009,Monona - C 0009,025,55025001288,001288,78,1.000000000000,547562.000000,547562.000000
MONONA - C 0006,Monona - C 0006,025,55025001289,001289,78,1.000000000000,1060244.000000,1060244.000000
MONONA - C 0001,Monona - C 0001,025,55025001290,001290,78,1.000000000000,450912.000000,450912.000000
MONONA - C 0004,Monona - C 0004,025,55025001291,001291,78,1.000000000000,582314.000000,582314.000000
MONONA - C 0003,Monona - C 0003,025,55025001292,001292,78,1.000000000000,664846.000000,664846.000000
MONONA - C 0002,Monona - C 0002,025,55025001293,001293,78,1.000000000000,353516.000000,353516.000000
MONONA - C 0005,Monona - C 0005,025,55025001294,001294,78,1.000000000000,704009.000000,704009.000000
MONTROSE - T 0001,MONTROSE - T 0001,025,55025001295,001295,50,1.000000000000,51735381.000000,51735381.000000
MONTROSE - T 0002,MONTROSE - T 0002,025,55025001296,001296,50,1.000000000000,36377590.000000,36377590.000000
MOUNT HOREB - V 0002,Mount Horeb - V 0002,025,55025001297,001297,51,1.000000000000,1538873.000000,1538873.000000
MOUNT HOREB - V 0004,Mount Horeb - V 0004,025,55025001298,001298,51,1.000000000000,455498.000000,455498.000000
MOUNT HOREB - V 0001,Mount Horeb - V 0001,025,55025001299,001299,51,1.000000000000,868845.000000,868845.000000
MOUNT HOREB - V 0003,Mount Horeb - V 0003,025,55025001300,001300,51,1.000000000000,1031030.000000,1031030.000000
MOUNT HOREB - V 0006,Mount Horeb - V 0006,025,55025001301,001301,51,1.000000000000,477325.000000,477325.000000
MOUNT HOREB - V 0007,Mount Horeb - V 0007,025,55025001302,001302,51,1.000000000000,1029914.000000,1029914.000000
MOUNT HOREB - V 0008,Mount Horeb - V 0008,025,55025001303,001303,51,1.000000000000,1309017.000000,1309017.000000
MOUNT HOREB - V 0005,Mount Horeb - V 0005,025,55025001304,001304,51,1.000000000000,1548043.000000,1548043.000000
MOUNT HOREB - V 0009,Mount Horeb - V 0009,025,55025001305,001305,51,1.000000000000,95304.000000,95304.000000
OREGON - V 0005,Oregon - V 0005,025,55025001306,001306,50,1.000000000000,624337.000000,624337.000000
OREGON - V 0001,Oregon - V 0001,025,55025001307,001307,50,1.000000000000,540138.000000,540138.000000
OREGON - V 0011,Oregon - V 0011,025,55025001308,001308,50,1.000000000000,1344114.000000,1344114.000000
OREGON - V 0006,Oregon - V 0006,025,55025001309,001309,50,1.000000000000,470395.000000,470395.000000
OREGON - V 0007,Oregon - V 0007,025,55025001310,001310,50,1.000000000000,384475.000000,384475.000000
OREGON - V 0008,Oregon - V 0008,025,55025001311,001311,50,1.000000000000,524544.000000,524544.000000
OREGON - V 0009,Oregon - V 0009,025,55025001312,001312,50,1.000000000000,2276122.000000,2276122.000000
OREGON - V 0010,Oregon - V 0010,025,55025001313,001313,50,1.000000000000,2216655.000000,2216655.000000
OREGON - V 0002,Oregon - V 0002,025,55025001314,001314,50,1.000000000000,1309515.000000,1309515.000000
OREGON - V 0004,Oregon - V 0004,025,55025001315,001315,50,1.000000000000,648461.000000,648461.000000
OREGON - V 0012,Oregon - V 0012,025,55025001316,001316,50,1.000000000000,749335.000000,749335.000000
OREGON - V 0003,Oregon - V 0003,025,55025001317,001317,50,1.000000000000,466579.000000,466579.000000
OREGON - V 0013,Oregon - V 0013,025,55025001318,001318,50,1.000000000000,71436.000000,71436.000000
OREGON - T 0002,OREGON - T 0002,025,55025001319,001319,50,1.000000000000,34339252.000000,34339252.000000
OREGON - T 0001,OREGON - T 0001,025,55025001320,001320,50,1.000000000000,22340157.000000,22340157.000000
OREGON - T 0003,OREGON - T 0003,025,55025001321,001321,50,1.000000000000,12362319.000000,12362319.000000
OREGON - T 0004,OREGON - T 0004,025,55025001322,001322,50,1.000000000000,11093430.000000,11093430.000000
PERRY - T 0001,PERRY - T 0001,025,55025001323,001323,50,1.000000000000,93385974.000000,93385974.000000
PLEASANT SPRINGS - T 0004,PLEASANT SPRINGS - T 0004,025,55025001324,001324,47,1.000000000000,37716561.000000,37716561.000000
PLEASANT SPRINGS - T 0001,PLEASANT SPRINGS - T 0001,025,55025001325,001325,47,1.000000000000,21961415.000000,21961415.000000
PLEASANT SPRINGS - T 0003,PLEASANT SPRINGS - T 0003,025,55025001326,001326,47,1.000000000000,18344947.000000,18344947.000000
PLEASANT SPRINGS - T 0002,PLEASANT SPRINGS - T 0002,025,55025001327,001327,47,1.000000000000,12354709.000000,12354709.000000
PRIMROSE - T 0001,PRIMROSE - T 0001,025,55025001328,001328,50,1.000000000000,92699682.000000,92699682.000000
ROCKDALE - V 0001,Rockdale - V 0001,025,55025001329,001329,46,1.000000000000,771110.000000,771110.000000
ROXBURY - T 0002,ROXBURY - T 0002,025,55025001330,001330,81,1.000000000000,57441601.000000,57441601.000000
ROXBURY - T 0001,ROXBURY - T 0001,025,55025001331,001331,81,1.000000000000,35463715.000000,35463715.000000
RUTLAND - T 0001,RUTLAND - T 0001,025,55025001332,001332,47,1.000000000000,53023574.000000,53023574.000000
RUTLAND - T 0002,RUTLAND - T 0002,025,55025001333,001333,47,1.000000000000,37754809.000000,37754809.000000
SHOREWOOD HILLS - V 0002,Shorewood Hills - V 0002,025,55025001337,001337,77,1.000000000000,1220041.000000,1220041.000000
SHOREWOOD HILLS - V 0001,Shorewood Hills - V 0001,025,55025001338,001338,77,1.000000000000,860952.000000,860952.000000
SPRINGDALE - T 0001,SPRINGDALE - T 0001,025,55025001339,001339,50,1.000000000000,64114326.000000,64114326.000000
SPRINGDALE - T 0002,SPRINGDALE - T 0002,025,55025001340,001340,50,1.000000000000,27475890.000000,27475890.000000
SPRINGFIELD - T 0001,SPRINGFIELD - T 0001,025,55025001341,001341,81,1.000000000000,35691064.000000,35691064.000000
SPRINGFIELD - T 0003,SPRINGFIELD - T 0003,025,55025001342,001342,81,1.000000000000,29837511.000000,29837511.000000
SPRINGFIELD - T 0002,SPRINGFIELD - T 0002,025,55025001343,001343,81,1.000000000000,28115072.000000,28115072.000000
STOUGHTON - C 0001,Stoughton - C 0001,025,55025001344,001344,47,1.000000000000,1148651.000000,1148651.000000
STOUGHTON - C 0002,Stoughton - C 0002,025,55025001345,001345,47,1.000000000000,1025404.000000,1025404.000000
STOUGHTON - C 0004,Stoughton - C 0004,025,55025001346,001346,47,1.000000000000,2836758.000000,2836758.000000
STOUGHTON - C 0003,Stoughton - C 0003,025,55025001347,001347,47,1.000000000000,4549227.000000,4549227.000000
STOUGHTON - C 0012,Stoughton - C 0012,025,55025001348,001348,47,1.000000000000,146494.000000,146494.000000
STOUGHTON - C 0010,Stoughton - C 0010,025,55025001349,001349,47,1.000000000000,55061.000000,55061.000000
STOUGHTON - C 0011,Stoughton - C 0011,025,55025001350,001350,47,1.000000000000,42407.000000,42407.000000
STOUGHTON - C 0005,Stoughton - C 0005,025,55025001355,001355,47,1.000000000000,1390900.000000,1390900.000000
STOUGHTON - C 0006,Stoughton - C 0006,025,55025001356,001356,47,1.000000000000,911886.000000,911886.000000
STOUGHTON - C 0008,Stoughton - C 0008,025,55025001357,001357,47,1.000000000000,1895045.000000,1895045.000000
STOUGHTON - C 0007,Stoughton - C 0007,025,55025001359,001359,47,1.000000000000,1067645.000000,1067645.000000
STOUGHTON - C 0009,Stoughton - C 0009,025,55025001360,001360,47,1.000000000000,836544.000000,836544.000000
SUN PRAIRIE - C 0013,Sun Prairie - C 0013,025,55025001361,001361,48,1.000000000000,4004257.000000,4004257.000000
SUN PRAIRIE - C 0014,Sun Prairie - C 0014,025,55025001362,001362,48,1.000000000000,1313602.000000,1313602.000000
SUN PRAIRIE - C 0012,Sun Prairie - C 0012,025,55025001363,001363,48,1.000000000000,2606040.000000,2606040.000000
SUN PRAIRIE - C 0011,Sun Prairie - C 0011,025,55025001364,001364,48,1.000000000000,964107.000000,964107.000000
SUN PRAIRIE - C 0010,Sun Prairie - C 0010,025,55025001365,001365,48,1.000000000000,949180.000000,949180.000000
SUN PRAIRIE - C 0020,Sun Prairie - C 0020,025,55025001366,001366,48,1.000000000000,32556.000000,32556.000000
SUN PRAIRIE - C 0021,Sun Prairie - C 0021,025,55025001367,001367,48,1.000000000000,128457.000000,128457.000000
SUN PRAIRIE - C 0025,Sun Prairie - C 0025,025,55025001368,001368,48,1.000000000000,388157.000000,388157.000000
SUN PRAIRIE - C 0022,Sun Prairie - C 0022,025,55025001369,001369,48,1.000000000000,121848.000000,121848.000000
SUN PRAIRIE - C 0024,Sun Prairie - C 0024,025,55025001370,001370,48,1.000000000000,215383.000000,215383.000000
SUN PRAIRIE - C 0019,Sun Prairie - C 0019,025,55025001371,001371,48,1.000000000000,903213.000000,903213.000000
SUN PRAIRIE - C 0016,Sun Prairie - C 0016,025,55025001372,001372,48,1.000000000000,1271781.000000,1271781.000000
SUN PRAIRIE - C 0017,Sun Prairie - C 0017,025,55025001373,001373,48,1.000000000000,2150695.000000,2150695.000000
SUN PRAIRIE - C 0018,Sun Prairie - C 0018,025,55025001374,001374,48,1.000000000000,1023672.000000,1023672.000000
SUN PRAIRIE - C 0015,Sun Prairie - C 0015,025,55025001375,001375,48,1.000000000000,1810759.000000,1810759.000000
SUN PRAIRIE - C 0004,Sun Prairie - C 0004,025,55025001376,001376,48,1.000000000000,2551496.000000,2551496.000000
SUN PRAIRIE - C 0005,Sun Prairie - C 0005,025,55025001377,001377,48,1.000000000000,824952.000000,824952.000000
SUN PRAIRIE - C 0001,Sun Prairie - C 0001,025,55025001378,001378,48,1.000000000000,1066470.000000,1066470.000000
SUN PRAIRIE - C 0002,Sun Prairie - C 0002,025,55025001379,001379,48,1.000000000000,1279298.000000,1279298.000000
SUN PRAIRIE - C 0003,Sun Prairie - C 0003,025,55025001380,001380,48,1.000000000000,1347818.000000,1347818.000000
SUN PRAIRIE - C 0009,Sun Prairie - C 0009,025,55025001381,001381,48,1.000000000000,1394253.000000,1394253.000000
SUN PRAIRIE - C 0008,Sun Prairie - C 0008,025,55025001382,001382,48,1.000000000000,1185328.000000,1185328.000000
SUN PRAIRIE - C 0007,Sun Prairie - C 0007,025,55025001383,001383,48,1.000000000000,2832904.000000,2832904.000000
SUN PRAIRIE - C 0006,Sun Prairie - C 0006,025,55025001384,001384,48,1.000000000000,1699856.000000,1699856.000000
SUN PRAIRIE - C 0023,Sun Prairie - C 0023,025,55025001385,001385,48,1.000000000000,337664.000000,337664.000000
SUN PRAIRIE - T 0001,SUN PRAIRIE - T 0001,025,55025001387,001387,48,1.000000000000,30656991.000000,30656991.000000
SUN PRAIRIE - T 0003,SUN PRAIRIE - T 0003,025,55025001389,001389,46,0.000301692084,5898.000000,19549734.000000
SUN PRAIRIE - T 0003,SUN PRAIRIE - T 0003,025,55025001389,001389,48,0.999698307916,19543836.000000,19549734.000000
SUN PRAIRIE - T 0002,SUN PRAIRIE - T 0002,025,55025001390,001390,46,0.000055349716,1464.000000,26450000.000000
SUN PRAIRIE - T 0002,SUN PRAIRIE - T 0002,025,55025001390,001390,48,0.999944650284,26448536.000000,26450000.000000
VERMONT - T 0001,VERMONT - T 0001,025,55025001391,001391,51,1.000000000000,92881965.000000,92881965.000000
VERONA - C 0003,Verona - C 0003,025,55025001392,001392,80,1.000000000000,896250.000000,896250.000000
VERONA - C 0001,Verona - C 0001,025,55025001393,001393,80,1.000000000000,4882278.000000,4882278.000000
VERONA - C 0004,Verona - C 0004,025,55025001394,001394,80,1.000000000000,978301.000000,978301.000000
VERONA - C 0005,Verona - C 0005,025,55025001395,001395,80,1.000000000000,613623.000000,613623.000000
VERONA - C 0002,Verona - C 0002,025,55025001396,001396,80,1.000000000000,2886395.000000,2886395.000000
VERONA - C 0009,Verona - C 0009,025,55025001398,001398,80,1.000000000000,3662484.000000,3662484.000000
VERONA - C 0007,Verona - C 0007,025,55025001399,001399,80,1.000000000000,2596534.000000,2596534.000000
VERONA - C 0008,Verona - C 0008,025,55025001400,001400,80,1.000000000000,1312192.000000,1312192.000000
VERONA - C 0006,Verona - C 0006,025,55025001401,001401,80,1.000000000000,1606033.000000,1606033.000000
VERONA - T 0003,VERONA - T 0003,025,55025001409,001409,80,1.000000000000,34272919.000000,34272919.000000
VERONA - T 0001,VERONA - T 0001,025,55025001410,001410,80,1.000000000000,15893500.000000,15893500.000000
VERONA - T 0002,VERONA - T 0002,025,55025001412,001412,80,1.000000000000,10468759.000000,10468759.000000
VIENNA - T 0002,VIENNA - T 0002,025,55025001419,001419,42,1.000000000000,47459366.000000,47459366.000000
VIENNA - T 0001,VIENNA - T 0001,025,55025001420,001420,42,1.000000000000,44231874.000000,44231874.000000
WAUNAKEE - V 0002,Waunakee - V 0002,025,55025001421,001421,81,1.000000000000,1008234.000000,1008234.000000
WAUNAKEE - V 0001,Waunakee - V 0001,025,55025001422,001422,81,1.000000000000,1295856.000000,1295856.000000
WAUNAKEE - V 0003,Waunakee - V 0003,025,55025001423,001423,81,1.000000000000,2122702.000000,2122702.000000
WAUNAKEE - V 0005,Waunakee - V 0005,025,55025001424,001424,81,1.000000000000,705003.000000,705003.000000
WAUNAKEE - V 0004,Waunakee - V 0004,025,55025001425,001425,81,1.000000000000,1173361.000000,1173361.000000
WAUNAKEE - V 0009,Waunakee - V 0009,025,55025001426,001426,81,1.000000000000,3479406.000000,3479406.000000
WAUNAKEE - V 0007,Waunakee - V 0007,025,55025001427,001427,81,1.000000000000,788455.000000,788455.000000
WAUNAKEE - V 0006,Waunakee - V 0006,025,55025001428,001428,81,1.000000000000,919784.000000,919784.000000
WAUNAKEE - V 0010,Waunakee - V 0010,025,55025001429,001429,81,1.000000000000,2728007.000000,2728007.000000
WAUNAKEE - V 0008,Waunakee - V 0008,025,55025001430,001430,81,1.000000000000,3248734.000000,3248734.000000
WAUNAKEE - V 0011,Waunakee - V 0011,025,55025001431,001431,81,1.000000000000,42154.000000,42154.000000
WAUNAKEE - V 0012,Waunakee - V 0012,025,55025001433,001433,81,1.000000000000,942891.000000,942891.000000
WESTPORT - T 0003,WESTPORT - T 0003,025,55025001439,001439,81,1.000000000000,18461076.000000,18461076.000000
WESTPORT - T 0001,WESTPORT - T 0001,025,55025001440,001440,81,1.000000000000,23908472.000000,23908472.000000
WESTPORT - T 0004,WESTPORT - T 0004,025,55025001441,001441,81,1.000000000000,3724534.000000,3724534.000000
WESTPORT - T 0005,WESTPORT - T 0005,025,55025001442,001442,81,1.000000000000,4366465.000000,4366465.000000
WESTPORT - T 0002,WESTPORT - T 0002,025,55025001443,001443,81,1.000000000000,4410006.000000,4410006.000000
WINDSOR - V 0007,Windsor - V 0007,025,55025001448,001448,42,1.000000000000,1304456.000000,1304456.000000
WINDSOR - V 0010,Windsor - V 0010,025,55025001449,001449,42,1.000000000000,2077006.000000,2077006.000000
WINDSOR - V 0009,Windsor - V 0009,025,55025001450,001450,42,1.000000000000,520183.000000,520183.000000
WINDSOR - V 0008,Windsor - V 0008,025,55025001451,001451,42,1.000000000000,2087794.000000,2087794.000000
WINDSOR - V 0006,Windsor - V 0006,025,55025001452,001452,42,1.000000000000,1195491.000000,1195491.000000
WINDSOR - V 0003,Windsor - V 0003,025,55025001453,001453,42,1.000000000000,27486581.000000,27486581.000000
WINDSOR - V 0002,Windsor - V 0002,025,55025001454,001454,42,1.000000000000,20976888.000000,20976888.000000
WINDSOR - V 0004,Windsor - V 0004,025,55025001455,001455,42,1.000000000000,6407754.000000,6407754.000000
WINDSOR - V 0005,Windsor - V 0005,025,55025001456,001456,42,1.000000000000,3457041.000000,3457041.000000
WINDSOR - V 0001,Windsor - V 0001,025,55025001457,001457,42,1.000000000000,6179013.000000,6179013.000000
YORK - T 0001,YORK - T 0001,025,55025001458,001458,48,1.000000000000,92858943.000000,92858943.000000
MADISON - C 0145,Madison - C 0145,025,55025003032,003032,42,1.000000000000,224860.000000,224860.000000
SUN PRAIRIE - C 0027,Sun Prairie - C 0027,025,55025003033,003033,48,1.000000000000,130135.000000,130135.000000
SUN PRAIRIE - C 0026,Sun Prairie - C 0026,025,55025003034,003034,48,1.000000000000,122069.000000,122069.000000
COTTAGE GROVE - V 0013,Cottage Grove - V 0013,025,55025003035,003035,48,1.000000000000,252006.000000,252006.000000
MADISON - C 0147,Madison - C 0147,025,55025003036,003036,81,1.000000000000,10882141.000000,10882141.000000
MADISON - C 0151,Madison - C 0151,025,55025003037,003037,80,1.000000000000,160467.000000,160467.000000
STOUGHTON - C 0016,Stoughton - C 0016,025,55025003038,003038,47,1.000000000000,209018.000000,209018.000000
FITCHBURG - C 0020,Fitchburg - C 0020,025,55025003039,003039,47,1.000000000000,112.000000,112.000000
MADISON - C 0146,Madison - C 0146,025,55025003040,003040,78,1.000000000000,3798.000000,3798.000000
MADISON - C 0148,Madison - C 0148,025,55025003041,003041,80,1.000000000000,17771.000000,17771.000000
MADISON - C 0149,Madison - C 0149,025,55025003042,003042,79,1.000000000000,3689.000000,3689.000000
MADISON - C 0150,Madison - C 0150,025,55025003043,003043,80,1.000000000000,2430.000000,2430.000000
SUN PRAIRIE - C 0028,Sun Prairie - C 0028,025,55025003044,003044,48,1.000000000000,367253.000000,367253.000000
MIDDLETON - C 0020,Middleton - C 0020,025,55025003045,003045,81,1.000000000000,940.000000,940.000000
VERONA - T 0004,VERONA - T 0004,025,55025008004,008004,80,1.000000000000,5919.000000,5919.000000
MIDDLETON - C 0021,Middleton - C 0021,025,55025008005,008005,81,1.000000000000,20326.000000,20326.000000
STOUGHTON - C 0015,Stoughton - C 0015,025,55025008006,008006,47,1.000000000000,84223.000000,84223.000000
CROSS PLAINS - T 0003,CROSS PLAINS - T 0003,025,55025008075,008075,80,1.000000000000,3391.000000,3391.000000
STOUGHTON - C 0013,Stoughton - C 0013,025,55025008076,008076,47,1.000000000000,221810.000000,221810.000000
STOUGHTON - C 0014,Stoughton - C 0014,025,55025008077,008077,47,1.000000000000,2181.000000,2181.000000
ASHIPPUN - T 0001,ASHIPPUN - T 0001,027,55027001459,001459,99,1.000000000000,5249868.000000,5249868.000000
ASHIPPUN - T 0002,ASHIPPUN - T 0002,027,55027001460,001460,99,1.000000000000,40479087.000000,40479087.000000
ASHIPPUN - T 0003,ASHIPPUN - T 0003,027,55027001461,001461,99,1.000000000000,36789346.000000,36789346.000000
ASHIPPUN - T 0004,ASHIPPUN - T 0004,027,55027001462,001462,99,1.000000000000,10002239.000000,10002239.000000
BEAVER DAM - C 0001,Beaver Dam - C 0001,027,55027001463,001463,37,1.000000000000,2203106.000000,2203106.000000
BEAVER DAM - C 0002,Beaver Dam - C 0002,027,55027001464,001464,37,1.000000000000,1038352.000000,1038352.000000
BEAVER DAM - C 0003,Beaver Dam - C 0003,027,55027001465,001465,37,1.000000000000,1830177.000000,1830177.000000
BEAVER DAM - C 0005,Beaver Dam - C 0005,027,55027001466,001466,37,1.000000000000,347800.000000,347800.000000
BEAVER DAM - C 0006,Beaver Dam - C 0006,027,55027001467,001467,37,1.000000000000,867971.000000,867971.000000
BEAVER DAM - C 0007,Beaver Dam - C 0007,027,55027001468,001468,37,1.000000000000,638615.000000,638615.000000
BEAVER DAM - C 0008,Beaver Dam - C 0008,027,55027001469,001469,37,1.000000000000,1149616.000000,1149616.000000
BEAVER DAM - C 0009,Beaver Dam - C 0009,027,55027001470,001470,37,1.000000000000,1626096.000000,1626096.000000
BEAVER DAM - C 0010,Beaver Dam - C 0010,027,55027001471,001471,37,1.000000000000,984044.000000,984044.000000
BEAVER DAM - C 0011,Beaver Dam - C 0011,027,55027001472,001472,37,1.000000000000,2709656.000000,2709656.000000
BEAVER DAM - C 0012,Beaver Dam - C 0012,027,55027001473,001473,37,1.000000000000,592296.000000,592296.000000
BEAVER DAM - C 0013,Beaver Dam - C 0013,027,55027001474,001474,37,1.000000000000,7687229.000000,7687229.000000
BEAVER DAM - C 0014,Beaver Dam - C 0014,027,55027001475,001475,37,1.000000000000,424399.000000,424399.000000
BEAVER DAM - T 0001,BEAVER DAM - T 0001,027,55027001476,001476,37,1.000000000000,6467689.000000,6467689.000000
BEAVER DAM - T 0002,BEAVER DAM - T 0002,027,55027001477,001477,37,1.000000000000,1953268.000000,1953268.000000
BEAVER DAM - T 0003,BEAVER DAM - T 0003,027,55027001478,001478,37,1.000000000000,10816467.000000,10816467.000000
BEAVER DAM - T 0004,BEAVER DAM - T 0004,027,55027001479,001479,37,1.000000000000,5576809.000000,5576809.000000
BEAVER DAM - T 0005,BEAVER DAM - T 0005,027,55027001480,001480,37,1.000000000000,51310473.000000,51310473.000000
BEAVER DAM - T 0006,BEAVER DAM - T 0006,027,55027001481,001481,37,1.000000000000,12175173.000000,12175173.000000
BEAVER DAM - T 0007,BEAVER DAM - T 0007,027,55027001482,001482,37,1.000000000000,3555.000000,3555.000000
BEAVER DAM - T 0008,BEAVER DAM - T 0008,027,55027001483,001483,37,1.000000000000,1194.000000,1194.000000
BEAVER DAM - T 0009,BEAVER DAM - T 0009,027,55027001484,001484,37,1.000000000000,31827.000000,31827.000000
BEAVER DAM - T 0010,BEAVER DAM - T 0010,027,55027001485,001485,37,1.000000000000,6337.000000,6337.000000
BEAVER DAM - T 0011,BEAVER DAM - T 0011,027,55027001486,001486,37,1.000000000000,2506.000000,2506.000000
BROWNSVILLE - V 0001,Brownsville - V 0001,027,55027001487,001487,37,1.000000000000,1575301.000000,1575301.000000
BURNETT - T 0002,BURNETT - T 0002,027,55027001488,001488,37,1.000000000000,26637281.000000,26637281.000000
CALAMUS - T 0001,CALAMUS - T 0001,027,55027001489,001489,37,1.000000000000,85594429.000000,85594429.000000
CALAMUS - T 0002,CALAMUS - T 0002,027,55027001490,001490,37,1.000000000000,9132986.000000,9132986.000000
CHESTER - T 0001,CHESTER - T 0001,027,55027001491,001491,37,1.000000000000,20403125.000000,20403125.000000
CLYMAN - V 0001,Clyman - V 0001,027,55027001492,001492,38,1.000000000000,971713.000000,971713.000000
CLYMAN - T 0001,CLYMAN - T 0001,027,55027001493,001493,38,1.000000000000,91345283.000000,91345283.000000
COLUMBUS - C 0009,Columbus - C 0009,027,55027001494,001494,42,1.000000000000,69388.000000,69388.000000
ELBA - T 0001,ELBA - T 0001,027,55027001495,001495,48,1.000000000000,92149592.000000,92149592.000000
EMMET - T 0002,EMMET - T 0002,027,55027001496,001496,38,1.000000000000,52801267.000000,52801267.000000
FOX LAKE - C 0001,Fox Lake - C 0001,027,55027001497,001497,37,1.000000000000,1715623.000000,1715623.000000
FOX LAKE - C 0002,Fox Lake - C 0002,027,55027001498,001498,37,1.000000000000,612832.000000,612832.000000
FOX LAKE - C 0003,Fox Lake - C 0003,027,55027001499,001499,37,1.000000000000,1871420.000000,1871420.000000
FOX LAKE - T 0001,FOX LAKE - T 0001,027,55027001500,001500,37,1.000000000000,26996002.000000,26996002.000000
FOX LAKE - T 0002,FOX LAKE - T 0002,027,55027001501,001501,37,1.000000000000,50168874.000000,50168874.000000
FOX LAKE - T 0003,FOX LAKE - T 0003,027,55027001502,001502,37,1.000000000000,4298258.000000,4298258.000000
FOX LAKE - T 0004,FOX LAKE - T 0004,027,55027001503,001503,37,1.000000000000,18373607.000000,18373607.000000
HARTFORD - C 0018,Hartford - C 0018,027,55027001504,001504,99,1.000000000000,1288617.000000,1288617.000000
HARTFORD - C 0019,Hartford - C 0019,027,55027001505,001505,99,1.000000000000,151941.000000,151941.000000
HERMAN - T 0001,HERMAN - T 0001,027,55027001506,001506,38,1.000000000000,55711135.000000,55711135.000000
HERMAN - T 0002,HERMAN - T 0002,027,55027001507,001507,38,1.000000000000,38436046.000000,38436046.000000
HORICON - C 0001,Horicon - C 0001,027,55027001508,001508,38,1.000000000000,1795114.000000,1795114.000000
HORICON - C 0002,Horicon - C 0002,027,55027001509,001509,38,1.000000000000,480097.000000,480097.000000
HORICON - C 0004,Horicon - C 0004,027,55027001510,001510,38,1.000000000000,1295283.000000,1295283.000000
HORICON - C 0005,Horicon - C 0005,027,55027001511,001511,38,1.000000000000,703645.000000,703645.000000
HORICON - C 0006,Horicon - C 0006,027,55027001512,001512,38,1.000000000000,1572542.000000,1572542.000000
HUBBARD - T 0001,HUBBARD - T 0001,027,55027001513,001513,38,1.000000000000,28165491.000000,28165491.000000
HUBBARD - T 0002,HUBBARD - T 0002,027,55027001514,001514,38,1.000000000000,39235423.000000,39235423.000000
HUBBARD - T 0003,HUBBARD - T 0003,027,55027001515,001515,38,1.000000000000,4455355.000000,4455355.000000
HUBBARD - T 0004,HUBBARD - T 0004,027,55027001516,001516,38,1.000000000000,14974480.000000,14974480.000000
HUBBARD - T 0006,HUBBARD - T 0006,027,55027001517,001517,38,1.000000000000,1560.000000,1560.000000
HUSTISFORD - V 0001,Hustisford - V 0001,027,55027001518,001518,38,1.000000000000,1542137.000000,1542137.000000
HUSTISFORD - V 0002,Hustisford - V 0002,027,55027001519,001519,38,1.000000000000,1907212.000000,1907212.000000
IRON RIDGE - V 0001,Iron Ridge - V 0001,027,55027001520,001520,38,1.000000000000,1750044.000000,1750044.000000
JUNEAU - C 0001,Juneau - C 0001,027,55027001521,001521,38,1.000000000000,1591502.000000,1591502.000000
JUNEAU - C 0002,Juneau - C 0002,027,55027001522,001522,38,1.000000000000,1102722.000000,1102722.000000
JUNEAU - C 0003,Juneau - C 0003,027,55027001523,001523,38,1.000000000000,1579411.000000,1579411.000000
KEKOSKEE - V 0001,Kekoskee - V 0001,027,55027001524,001524,37,1.000000000000,44153908.000000,44153908.000000
LEBANON - T 0001,LEBANON - T 0001,027,55027001525,001525,99,1.000000000000,61378688.000000,61378688.000000
LEBANON - T 0002,LEBANON - T 0002,027,55027001526,001526,99,1.000000000000,31734887.000000,31734887.000000
LEROY - T 0001,LEROY - T 0001,027,55027001527,001527,37,1.000000000000,20883015.000000,20883015.000000
LEROY - T 0002,LEROY - T 0002,027,55027001528,001528,37,1.000000000000,75745059.000000,75745059.000000
LOMIRA - V 0001,Lomira - V 0001,027,55027001529,001529,37,1.000000000000,3130924.000000,3130924.000000
LOMIRA - V 0002,Lomira - V 0002,027,55027001530,001530,37,1.000000000000,1000012.000000,1000012.000000
LOMIRA - V 0003,Lomira - V 0003,027,55027001531,001531,37,1.000000000000,1478613.000000,1478613.000000
LOMIRA - T 0002,LOMIRA - T 0002,027,55027001532,001532,37,1.000000000000,29724983.000000,29724983.000000
LOMIRA - T 0003,LOMIRA - T 0003,027,55027001533,001533,37,1.000000000000,2024240.000000,2024240.000000
LOWELL - V 0001,Lowell - V 0001,027,55027001534,001534,38,1.000000000000,2705106.000000,2705106.000000
LOWELL - T 0001,LOWELL - T 0001,027,55027001535,001535,38,1.000000000000,49860728.000000,49860728.000000
LOWELL - T 0002,LOWELL - T 0002,027,55027001536,001536,38,1.000000000000,7709124.000000,7709124.000000
LOWELL - T 0003,LOWELL - T 0003,027,55027001537,001537,38,1.000000000000,22754121.000000,22754121.000000
LOWELL - T 0004,LOWELL - T 0004,027,55027001538,001538,38,1.000000000000,56071507.000000,56071507.000000
MAYVILLE - C 0001,Mayville - C 0001,027,55027001539,001539,37,1.000000000000,638957.000000,638957.000000
MAYVILLE - C 0002,Mayville - C 0002,027,55027001540,001540,37,1.000000000000,2096993.000000,2096993.000000
MAYVILLE - C 0003,Mayville - C 0003,027,55027001541,001541,37,1.000000000000,2560461.000000,2560461.000000
MAYVILLE - C 0004,Mayville - C 0004,027,55027001542,001542,37,1.000000000000,687250.000000,687250.000000
MAYVILLE - C 0005,Mayville - C 0005,027,55027001543,001543,37,1.000000000000,460130.000000,460130.000000
MAYVILLE - C 0006,Mayville - C 0006,027,55027001544,001544,37,1.000000000000,1235460.000000,1235460.000000
MAYVILLE - C 0007,Mayville - C 0007,027,55027001545,001545,37,1.000000000000,818748.000000,818748.000000
NEOSHO - V 0001,Neosho - V 0001,027,55027001546,001546,99,1.000000000000,1441379.000000,1441379.000000
OAK GROVE - T 0001,OAK GROVE - T 0001,027,55027001547,001547,38,1.000000000000,52541991.000000,52541991.000000
OAK GROVE - T 0002,OAK GROVE - T 0002,027,55027001548,001548,38,1.000000000000,35027693.000000,35027693.000000
OAK GROVE - T 0004,OAK GROVE - T 0004,027,55027001549,001549,38,1.000000000000,5432.000000,5432.000000
OAK GROVE - T 0005,OAK GROVE - T 0005,027,55027001550,001550,38,1.000000000000,4645.000000,4645.000000
OAK GROVE - T 0003,OAK GROVE - T 0003,027,55027001551,001551,38,1.000000000000,248192.000000,248192.000000
PORTLAND - T 0001,PORTLAND - T 0001,027,55027001552,001552,48,1.000000000000,44228968.000000,44228968.000000
PORTLAND - T 0002,PORTLAND - T 0002,027,55027001553,001553,48,1.000000000000,48543121.000000,48543121.000000
RANDOLPH - V 0001,Randolph - V 0001,027,55027001554,001554,37,1.000000000000,829491.000000,829491.000000
RANDOLPH - V 0002,Randolph - V 0002,027,55027001555,001555,37,1.000000000000,1613328.000000,1613328.000000
REESEVILLE - V 0001,Reeseville - V 0001,027,55027001556,001556,38,1.000000000000,1618797.000000,1618797.000000
RUBICON - T 0001,RUBICON - T 0001,027,55027001557,001557,99,1.000000000000,39637284.000000,39637284.000000
RUBICON - T 0002,RUBICON - T 0002,027,55027001558,001558,99,1.000000000000,29070928.000000,29070928.000000
RUBICON - T 0003,RUBICON - T 0003,027,55027001559,001559,99,1.000000000000,21960999.000000,21960999.000000
SHIELDS - T 0001,SHIELDS - T 0001,027,55027001560,001560,38,1.000000000000,67659485.000000,67659485.000000
THERESA - V 0001,Theresa - V 0001,027,55027001561,001561,59,1.000000000000,673533.000000,673533.000000
THERESA - V 0002,Theresa - V 0002,027,55027001562,001562,59,1.000000000000,773257.000000,773257.000000
THERESA - V 0003,Theresa - V 0003,027,55027001563,001563,59,1.000000000000,678387.000000,678387.000000
THERESA - T 0001,THERESA - T 0001,027,55027001564,001564,59,1.000000000000,38326897.000000,38326897.000000
THERESA - T 0002,THERESA - T 0002,027,55027001565,001565,59,1.000000000000,53792709.000000,53792709.000000
THERESA - T 0003,THERESA - T 0003,027,55027001566,001566,59,1.000000000000,1258.000000,1258.000000
THERESA - T 0004,THERESA - T 0004,027,55027001567,001567,59,1.000000000000,11140.000000,11140.000000
THERESA - T 0005,THERESA - T 0005,027,55027001568,001568,59,1.000000000000,3217.000000,3217.000000
THERESA - T 0006,THERESA - T 0006,027,55027001569,001569,59,1.000000000000,3896.000000,3896.000000
THERESA - T 0007,THERESA - T 0007,027,55027001570,001570,59,1.000000000000,13402.000000,13402.000000
TRENTON - T 0001,TRENTON - T 0001,027,55027001571,001571,37,1.000000000000,78600891.000000,78600891.000000
TRENTON - T 0002,TRENTON - T 0002,027,55027001572,001572,37,1.000000000000,60975441.000000,60975441.000000
WATERTOWN - C 0001,Watertown - C 0001,027,55027001573,001573,38,1.000000000000,1413795.000000,1413795.000000
WATERTOWN - C 0002,Watertown - C 0002,027,55027001574,001574,38,1.000000000000,967357.000000,967357.000000
WATERTOWN - C 0003,Watertown - C 0003,027,55027001575,001575,38,1.000000000000,1331060.000000,1331060.000000
WATERTOWN - C 0004,Watertown - C 0004,027,55027001576,001576,38,1.000000000000,2036347.000000,2036347.000000
WATERTOWN - C 0005,Watertown - C 0005,027,55027001577,001577,38,1.000000000000,839098.000000,839098.000000
WATERTOWN - C 0006,Watertown - C 0006,027,55027001578,001578,38,1.000000000000,2703871.000000,2703871.000000
WATERTOWN - C 0007,Watertown - C 0007,027,55027001579,001579,38,1.000000000000,1742364.000000,1742364.000000
WAUPUN - C 0001,Waupun - C 0001,027,55027001580,001580,37,1.000000000000,681361.000000,681361.000000
WAUPUN - C 0002,Waupun - C 0002,027,55027001581,001581,37,1.000000000000,1453149.000000,1453149.000000
WAUPUN - C 0003,Waupun - C 0003,027,55027001582,001582,37,1.000000000000,41271.000000,41271.000000
WAUPUN - C 0004,Waupun - C 0004,027,55027001583,001583,37,1.000000000000,572632.000000,572632.000000
WAUPUN - C 0005,Waupun - C 0005,027,55027001584,001584,37,1.000000000000,750339.000000,750339.000000
WAUPUN - C 0007,Waupun - C 0007,027,55027001586,001586,37,1.000000000000,629681.000000,629681.000000
WAUPUN - C 0008,Waupun - C 0008,027,55027001587,001587,37,1.000000000000,2079595.000000,2079595.000000
WESTFORD - T 0001,WESTFORD - T 0001,027,55027001588,001588,37,1.000000000000,40215074.000000,40215074.000000
WESTFORD - T 0002,WESTFORD - T 0002,027,55027001589,001589,37,1.000000000000,47666858.000000,47666858.000000
WESTFORD - T 0003,WESTFORD - T 0003,027,55027001590,001590,37,1.000000000000,3711086.000000,3711086.000000
KEKOSKEE - V 0002,Kekoskee - V 0002,027,55027001591,001591,37,1.000000000000,11574629.000000,11574629.000000
KEKOSKEE - V 0003,Kekoskee - V 0003,027,55027001592,001592,37,1.000000000000,31311159.000000,31311159.000000
HORICON - C 0003,Horicon - C 0003,027,55027001593,001593,38,1.000000000000,2810908.000000,2810908.000000
BEAVER DAM - C 0004,Beaver Dam - C 0004,027,55027001594,001594,37,1.000000000000,414517.000000,414517.000000
LOMIRA - T 0001,LOMIRA - T 0001,027,55027001595,001595,37,1.000000000000,56108249.000000,56108249.000000
HUBBARD - T 0005,HUBBARD - T 0005,027,55027001596,001596,38,1.000000000000,1954.000000,1954.000000
HORICON - C 0007,Horicon - C 0007,027,55027001597,001597,38,1.000000000000,721398.000000,721398.000000
MAYVILLE - C 0008,Mayville - C 0008,027,55027001598,001598,37,1.000000000000,224754.000000,224754.000000
WAUPUN - C 0013,Waupun - C 0013,027,55027001599,001599,37,1.000000000000,42268.000000,42268.000000
WAUPUN - C 0014,Waupun - C 0014,027,55027001600,001600,37,1.000000000000,984.000000,984.000000
HUSTISFORD - T 0001,HUSTISFORD - T 0001,027,55027001601,001601,38,1.000000000000,32858280.000000,32858280.000000
HUSTISFORD - T 0002,HUSTISFORD - T 0002,027,55027001602,001602,38,1.000000000000,56588163.000000,56588163.000000
BURNETT - T 0001,BURNETT - T 0001,027,55027001603,001603,37,1.000000000000,67997763.000000,67997763.000000
CHESTER - T 0002,CHESTER - T 0002,027,55027001604,001604,37,1.000000000000,68272522.000000,68272522.000000
EMMET - T 0001,EMMET - T 0001,027,55027001605,001605,38,1.000000000000,29058039.000000,29058039.000000
BAILEYS HARBOR - T 0001,BAILEYS HARBOR - T 0001,029,55029001606,001606,1,1.000000000000,33750249.000000,33750249.000000
BAILEYS HARBOR - T 0002,BAILEYS HARBOR - T 0002,029,55029001607,001607,1,1.000000000000,651518591.000000,651518591.000000
BRUSSELS - T 0001,BRUSSELS - T 0001,029,55029001608,001608,1,1.000000000000,14843471.000000,14843471.000000
BRUSSELS - T 0002,BRUSSELS - T 0002,029,55029001609,001609,1,1.000000000000,78566763.000000,78566763.000000
CLAY BANKS - T 0001,CLAY BANKS - T 0001,029,55029001610,001610,1,1.000000000000,492727268.000000,492727268.000000
EGG HARBOR - T 0001,EGG HARBOR - T 0001,029,55029001611,001611,1,1.000000000000,168857312.000000,168857312.000000
EGG HARBOR - T 0002,EGG HARBOR - T 0002,029,55029001612,001612,1,1.000000000000,134057399.000000,134057399.000000
EGG HARBOR - T 0003,EGG HARBOR - T 0003,029,55029001613,001613,1,1.000000000000,7046370.000000,7046370.000000
FORESTVILLE - T 0001,FORESTVILLE - T 0001,029,55029001614,001614,1,1.000000000000,40351793.000000,40351793.000000
FORESTVILLE - T 0002,FORESTVILLE - T 0002,029,55029001615,001615,1,1.000000000000,51569731.000000,51569731.000000
GARDNER - T 0001,GARDNER - T 0001,029,55029001616,001616,1,1.000000000000,104301135.000000,104301135.000000
GARDNER - T 0002,GARDNER - T 0002,029,55029001617,001617,1,1.000000000000,187552243.000000,187552243.000000
GIBRALTAR - T 0001,GIBRALTAR - T 0001,029,55029001618,001618,1,1.000000000000,50312867.000000,50312867.000000
GIBRALTAR - T 0002,GIBRALTAR - T 0002,029,55029001619,001619,1,1.000000000000,218632461.000000,218632461.000000
JACKSONPORT - T 0001,JACKSONPORT - T 0001,029,55029001620,001620,1,1.000000000000,40773569.000000,40773569.000000
JACKSONPORT - T 0002,JACKSONPORT - T 0002,029,55029001621,001621,1,1.000000000000,414582394.000000,414582394.000000
LIBERTY GROVE - T 0001,LIBERTY GROVE - T 0001,029,55029001622,001622,1,1.000000000000,1105423654.000000,1105423654.000000
LIBERTY GROVE - T 0002,LIBERTY GROVE - T 0002,029,55029001623,001623,1,1.000000000000,87243470.000000,87243470.000000
LIBERTY GROVE - T 0003,LIBERTY GROVE - T 0003,029,55029001624,001624,1,1.000000000000,129236825.000000,129236825.000000
NASEWAUPEE - T 0001,NASEWAUPEE - T 0001,029,55029001625,001625,1,1.000000000000,81051276.000000,81051276.000000
NASEWAUPEE - T 0002,NASEWAUPEE - T 0002,029,55029001626,001626,1,1.000000000000,24953509.000000,24953509.000000
NASEWAUPEE - T 0003,NASEWAUPEE - T 0003,029,55029001627,001627,1,1.000000000000,58414143.000000,58414143.000000
SEVASTOPOL - T 0001,SEVASTOPOL - T 0001,029,55029001628,001628,1,1.000000000000,46127587.000000,46127587.000000
SEVASTOPOL - T 0002,SEVASTOPOL - T 0002,029,55029001629,001629,1,1.000000000000,9891965.000000,9891965.000000
SEVASTOPOL - T 0003,SEVASTOPOL - T 0003,029,55029001630,001630,1,1.000000000000,44692038.000000,44692038.000000
SEVASTOPOL - T 0004,SEVASTOPOL - T 0004,029,55029001631,001631,1,1.000000000000,5581077.000000,5581077.000000
SEVASTOPOL - T 0005,SEVASTOPOL - T 0005,029,55029001632,001632,1,1.000000000000,458115177.000000,458115177.000000
STURGEON BAY - T 0001,STURGEON BAY - T 0001,029,55029001633,001633,1,1.000000000000,443075058.000000,443075058.000000
STURGEON BAY - T 0002,STURGEON BAY - T 0002,029,55029001634,001634,1,1.000000000000,50764492.000000,50764492.000000
UNION - T 0001,UNION - T 0001,029,55029001635,001635,1,1.000000000000,93089436.000000,93089436.000000
WASHINGTON - T 0001,WASHINGTON - T 0001,029,55029001636,001636,1,1.000000000000,732988676.000000,732988676.000000
EGG HARBOR - V 0001,Egg Harbor - V 0001,029,55029001637,001637,1,1.000000000000,17150653.000000,17150653.000000
EPHRAIM - V 0001,Ephraim - V 0001,029,55029001638,001638,1,1.000000000000,21055804.000000,21055804.000000
FORESTVILLE - V 0001,Forestville - V 0001,029,55029001639,001639,1,1.000000000000,1349173.000000,1349173.000000
SISTER BAY - V 0001,Sister Bay - V 0001,029,55029001640,001640,1,1.000000000000,9246383.000000,9246383.000000
STURGEON BAY - C 0001,Sturgeon Bay - C 0001,029,55029001641,001641,1,1.000000000000,1786653.000000,1786653.000000
STURGEON BAY - C 0002,Sturgeon Bay - C 0002,029,55029001642,001642,1,1.000000000000,384715.000000,384715.000000
STURGEON BAY - C 0003,Sturgeon Bay - C 0003,029,55029001643,001643,1,1.000000000000,842484.000000,842484.000000
STURGEON BAY - C 0004,Sturgeon Bay - C 0004,029,55029001644,001644,1,1.000000000000,1071060.000000,1071060.000000
STURGEON BAY - C 0005,Sturgeon Bay - C 0005,029,55029001645,001645,1,1.000000000000,4149580.000000,4149580.000000
STURGEON BAY - C 0006,Sturgeon Bay - C 0006,029,55029001646,001646,1,1.000000000000,5993222.000000,5993222.000000
STURGEON BAY - C 0007,Sturgeon Bay - C 0007,029,55029001647,001647,1,1.000000000000,2565517.000000,2565517.000000
STURGEON BAY - C 0008,Sturgeon Bay - C 0008,029,55029001648,001648,1,1.000000000000,2208845.000000,2208845.000000
STURGEON BAY - C 0009,Sturgeon Bay - C 0009,029,55029001649,001649,1,1.000000000000,636200.000000,636200.000000
STURGEON BAY - C 0010,Sturgeon Bay - C 0010,029,55029001650,001650,1,1.000000000000,1515157.000000,1515157.000000
STURGEON BAY - C 0011,Sturgeon Bay - C 0011,029,55029001651,001651,1,1.000000000000,938471.000000,938471.000000
STURGEON BAY - C 0012,Sturgeon Bay - C 0012,029,55029001652,001652,1,1.000000000000,1361980.000000,1361980.000000
STURGEON BAY - C 0013,Sturgeon Bay - C 0013,029,55029001653,001653,1,1.000000000000,611414.000000,611414.000000
STURGEON BAY - C 0014,Sturgeon Bay - C 0014,029,55029001654,001654,1,1.000000000000,674433.000000,674433.000000
STURGEON BAY - C 0015,Sturgeon Bay - C 0015,029,55029001655,001655,1,1.000000000000,268961.000000,268961.000000
STURGEON BAY - C 0016,Sturgeon Bay - C 0016,029,55029001656,001656,1,1.000000000000,226580.000000,226580.000000
STURGEON BAY - C 0017,Sturgeon Bay - C 0017,029,55029001657,001657,1,1.000000000000,119539.000000,119539.000000
STURGEON BAY - C 0018,Sturgeon Bay - C 0018,029,55029001658,001658,1,1.000000000000,32039.000000,32039.000000
STURGEON BAY - C 0019,Sturgeon Bay - C 0019,029,55029001659,001659,1,1.000000000000,184539.000000,184539.000000
STURGEON BAY - C 0020,Sturgeon Bay - C 0020,029,55029001660,001660,1,1.000000000000,2159915.000000,2159915.000000
STURGEON BAY - C 0021,Sturgeon Bay - C 0021,029,55029001661,001661,1,1.000000000000,33715.000000,33715.000000
STURGEON BAY - C 0022,Sturgeon Bay - C 0022,029,55029001662,001662,1,1.000000000000,70248.000000,70248.000000
STURGEON BAY - C 0023,Sturgeon Bay - C 0023,029,55029001663,001663,1,1.000000000000,80293.000000,80293.000000
STURGEON BAY - C 0024,Sturgeon Bay - C 0024,029,55029001664,001664,1,1.000000000000,1989457.000000,1989457.000000
STURGEON BAY - C 0025,Sturgeon Bay - C 0025,029,55029001665,001665,1,1.000000000000,11225.000000,11225.000000
STURGEON BAY - C 0026,Sturgeon Bay - C 0026,029,55029001666,001666,1,1.000000000000,4386.000000,4386.000000
STURGEON BAY - C 0027,Sturgeon Bay - C 0027,029,55029001667,001667,1,1.000000000000,50668.000000,50668.000000
STURGEON BAY - C 0028,Sturgeon Bay - C 0028,029,55029001668,001668,1,1.000000000000,6148.000000,6148.000000
STURGEON BAY - C 0030,Sturgeon Bay - C 0030,029,55029001670,001670,1,1.000000000000,6497.000000,6497.000000
STURGEON BAY - C 0029,Sturgeon Bay - C 0029,029,55029008007,008007,1,1.000000000000,4078.000000,4078.000000
SUPERIOR - C 0003,Superior - C 0003,031,55031001671,001671,73,1.000000000000,2216221.000000,2216221.000000
SUPERIOR - C 0018,Superior - C 0018,031,55031001672,001672,73,1.000000000000,371755.000000,371755.000000
SUPERIOR - C 0031,Superior - C 0031,031,55031001673,001673,73,1.000000000000,188932.000000,188932.000000
SUPERIOR - C 0020,Superior - C 0020,031,55031001674,001674,73,1.000000000000,113933.000000,113933.000000
AMNICON - T 0001,AMNICON - T 0001,031,55031001675,001675,73,1.000000000000,58879870.000000,58879870.000000
AMNICON - T 0002,AMNICON - T 0002,031,55031001676,001676,73,1.000000000000,42283075.000000,42283075.000000
BRULE - T 0001,BRULE - T 0001,031,55031001677,001677,73,1.000000000000,46617620.000000,46617620.000000
BRULE - T 0002,BRULE - T 0002,031,55031001678,001678,73,1.000000000000,98365377.000000,98365377.000000
HAWTHORNE - T 0001,HAWTHORNE - T 0001,031,55031001679,001679,73,1.000000000000,72432535.000000,72432535.000000
HAWTHORNE - T 0002,HAWTHORNE - T 0002,031,55031001680,001680,73,1.000000000000,47293391.000000,47293391.000000
HIGHLAND - T 0001,HIGHLAND - T 0001,031,55031001681,001681,74,1.000000000000,202011208.000000,202011208.000000
LAKE NEBAGAMON - V 0001,Lake Nebagamon - V 0001,031,55031001682,001682,73,1.000000000000,21436763.000000,21436763.000000
LAKE NEBAGAMON - V 0002,Lake Nebagamon - V 0002,031,55031001683,001683,73,1.000000000000,15499849.000000,15499849.000000
CLOVERLAND - T 0001,CLOVERLAND - T 0001,031,55031001684,001684,73,1.000000000000,311501845.000000,311501845.000000
LAKESIDE - T 0001,LAKESIDE - T 0001,031,55031001685,001685,73,1.000000000000,241601886.000000,241601886.000000
MAPLE - T 0001,MAPLE - T 0001,031,55031001686,001686,73,1.000000000000,83005082.000000,83005082.000000
OAKLAND - T 0001,OAKLAND - T 0001,031,55031001687,001687,74,1.000000000000,61789374.000000,61789374.000000
OAKLAND - T 0002,OAKLAND - T 0002,031,55031001688,001688,74,1.000000000000,106704596.000000,106704596.000000
OLIVER - V 0001,Oliver - V 0001,031,55031001689,001689,73,1.000000000000,5432177.000000,5432177.000000
PARKLAND - T 0001,PARKLAND - T 0001,031,55031001690,001690,73,1.000000000000,29798678.000000,29798678.000000
POPLAR - V 0001,Poplar - V 0001,031,55031001691,001691,73,1.000000000000,30840584.000000,30840584.000000
BENNETT - T 0001,BENNETT - T 0001,031,55031001692,001692,74,1.000000000000,125274842.000000,125274842.000000
SOLON SPRINGS - T 0001,SOLON SPRINGS - T 0001,031,55031001693,001693,74,1.000000000000,76230710.000000,76230710.000000
SOLON SPRINGS - T 0003,SOLON SPRINGS - T 0003,031,55031001694,001694,74,1.000000000000,40016478.000000,40016478.000000
SOLON SPRINGS - V 0001,Solon Springs - V 0001,031,55031001695,001695,74,1.000000000000,5954414.000000,5954414.000000
SOLON SPRINGS - T 0002,SOLON SPRINGS - T 0002,031,55031001696,001696,74,1.000000000000,102445281.000000,102445281.000000
SUMMIT - T 0001,SUMMIT - T 0001,031,55031001697,001697,74,1.000000000000,197705978.000000,197705978.000000
SUMMIT - T 0002,SUMMIT - T 0002,031,55031001698,001698,74,1.000000000000,186814628.000000,186814628.000000
SUPERIOR - T 0001,SUPERIOR - T 0001,031,55031001699,001699,73,1.000000000000,206992453.000000,206992453.000000
GORDON - T 0001,GORDON - T 0001,031,55031001700,001700,74,1.000000000000,407817196.000000,407817196.000000
SUPERIOR - V 0001,Superior - V 0001,031,55031001701,001701,73,1.000000000000,3230434.000000,3230434.000000
SUPERIOR - C 0001,Superior - C 0001,031,55031001702,001702,73,1.000000000000,25224316.000000,25224316.000000
SUPERIOR - T 0002,SUPERIOR - T 0002,031,55031001703,001703,73,1.000000000000,72643193.000000,72643193.000000
SUPERIOR - C 0002,Superior - C 0002,031,55031001704,001704,73,1.000000000000,7528452.000000,7528452.000000
PARKLAND - T 0002,PARKLAND - T 0002,031,55031001705,001705,73,1.000000000000,61131997.000000,61131997.000000
SUPERIOR - C 0005,Superior - C 0005,031,55031001706,001706,73,1.000000000000,13176174.000000,13176174.000000
SUPERIOR - C 0004,Superior - C 0004,031,55031001707,001707,73,1.000000000000,44345577.000000,44345577.000000
SUPERIOR - C 0007,Superior - C 0007,031,55031001708,001708,73,1.000000000000,922988.000000,922988.000000
SUPERIOR - C 0008,Superior - C 0008,031,55031001709,001709,73,1.000000000000,3986191.000000,3986191.000000
SUPERIOR - C 0009,Superior - C 0009,031,55031001710,001710,73,1.000000000000,4297481.000000,4297481.000000
SUPERIOR - C 0012,Superior - C 0012,031,55031001711,001711,73,1.000000000000,1100956.000000,1100956.000000
SUPERIOR - C 0010,Superior - C 0010,031,55031001712,001712,73,1.000000000000,1046041.000000,1046041.000000
SUPERIOR - C 0006,Superior - C 0006,031,55031001713,001713,73,1.000000000000,4253957.000000,4253957.000000
SUPERIOR - C 0015,Superior - C 0015,031,55031001714,001714,73,1.000000000000,131883.000000,131883.000000
SUPERIOR - C 0011,Superior - C 0011,031,55031001715,001715,73,1.000000000000,1967545.000000,1967545.000000
SUPERIOR - C 0013,Superior - C 0013,031,55031001716,001716,73,1.000000000000,1144433.000000,1144433.000000
SUPERIOR - C 0014,Superior - C 0014,031,55031001717,001717,73,1.000000000000,856451.000000,856451.000000
SUPERIOR - C 0017,Superior - C 0017,031,55031001718,001718,73,1.000000000000,665258.000000,665258.000000
SUPERIOR - C 0019,Superior - C 0019,031,55031001719,001719,73,1.000000000000,76215.000000,76215.000000
SUPERIOR - C 0021,Superior - C 0021,031,55031001720,001720,73,1.000000000000,447987.000000,447987.000000
SUPERIOR - C 0022,Superior - C 0022,031,55031001721,001721,73,1.000000000000,385293.000000,385293.000000
SUPERIOR - C 0026,Superior - C 0026,031,55031001722,001722,73,1.000000000000,147817.000000,147817.000000
SUPERIOR - C 0024,Superior - C 0024,031,55031001723,001723,73,1.000000000000,129740.000000,129740.000000
SUPERIOR - C 0025,Superior - C 0025,031,55031001724,001724,73,1.000000000000,2579949.000000,2579949.000000
SUPERIOR - C 0027,Superior - C 0027,031,55031001725,001725,73,1.000000000000,1963704.000000,1963704.000000
SUPERIOR - C 0028,Superior - C 0028,031,55031001726,001726,73,1.000000000000,9737289.000000,9737289.000000
SUPERIOR - C 0029,Superior - C 0029,031,55031001727,001727,73,1.000000000000,368009.000000,368009.000000
SUPERIOR - C 0023,Superior - C 0023,031,55031001728,001728,73,1.000000000000,1586349.000000,1586349.000000
SUPERIOR - C 0030,Superior - C 0030,031,55031001729,001729,73,1.000000000000,6774278.000000,6774278.000000
SUPERIOR - C 0016,Superior - C 0016,031,55031001730,001730,73,1.000000000000,1023514.000000,1023514.000000
SUPERIOR - C 0032,Superior - C 0032,031,55031001731,001731,73,1.000000000000,4528905.000000,4528905.000000
WASCOTT - T 0001,WASCOTT - T 0001,031,55031001732,001732,74,1.000000000000,365502961.000000,365502961.000000
DAIRYLAND - T 0001,DAIRYLAND - T 0001,031,55031001733,001733,74,1.000000000000,361799615.000000,361799615.000000
NEW HAVEN - T 0001,NEW HAVEN - T 0001,033,55033001734,001734,67,1.000000000000,94175704.000000,94175704.000000
SPRING BROOK - T 0002,SPRING BROOK - T 0002,033,55033001735,001735,93,1.000000000000,109452991.000000,109452991.000000
PERU - T 0001,PERU - T 0001,033,55033001736,001736,93,1.000000000000,53394277.000000,53394277.000000
HAY RIVER - T 0002,HAY RIVER - T 0002,033,55033001737,001737,67,1.000000000000,32095686.000000,32095686.000000
OTTER CREEK - T 0001,OTTER CREEK - T 0001,033,55033001738,001738,67,1.000000000000,95519704.000000,95519704.000000
GRANT - T 0002,GRANT - T 0002,033,55033001739,001739,67,1.000000000000,59854063.000000,59854063.000000
SHERMAN - T 0001,SHERMAN - T 0001,033,55033001740,001740,67,1.000000000000,91560317.000000,91560317.000000
STANTON - T 0001,STANTON - T 0001,033,55033001741,001741,28,1.000000000000,87785056.000000,87785056.000000
RED CEDAR - T 0001,RED CEDAR - T 0001,033,55033001742,001742,92,1.000000000000,72454000.000000,72454000.000000
TAINTER - T 0002,TAINTER - T 0002,033,55033001743,001743,67,1.000000000000,51819094.000000,51819094.000000
COLFAX - T 0003,COLFAX - T 0003,033,55033001744,001744,67,1.000000000000,53485323.000000,53485323.000000
ELK MOUND - T 0001,ELK MOUND - T 0001,033,55033001745,001745,92,1.000000000000,34378684.000000,34378684.000000
MENOMONIE - T 0002,MENOMONIE - T 0002,033,55033001746,001746,92,1.000000000000,14294112.000000,14294112.000000
DUNN - T 0001,DUNN - T 0001,033,55033001747,001747,93,1.000000000000,86098353.000000,86098353.000000
LUCAS - T 0001,LUCAS - T 0001,033,55033001748,001748,28,1.000000000000,92516391.000000,92516391.000000
EAU GALLE - T 0001,EAU GALLE - T 0001,033,55033001749,001749,28,1.000000000000,123908321.000000,123908321.000000
SAND CREEK - T 0001,SAND CREEK - T 0001,033,55033001750,001750,67,1.000000000000,93789997.000000,93789997.000000
MENOMONIE - T 0003,MENOMONIE - T 0003,033,55033001751,001751,92,1.000000000000,73168732.000000,73168732.000000
GRANT - T 0001,GRANT - T 0001,033,55033001752,001752,67,1.000000000000,36925241.000000,36925241.000000
HAY RIVER - T 0001,HAY RIVER - T 0001,033,55033001753,001753,67,1.000000000000,61108743.000000,61108743.000000
ELK MOUND - T 0002,ELK MOUND - T 0002,033,55033001754,001754,92,1.000000000000,22423680.000000,22423680.000000
BOYCEVILLE - V 0001,Boyceville - V 0001,033,55033001755,001755,67,1.000000000000,9829120.000000,9829120.000000
TIFFANY - T 0001,TIFFANY - T 0001,033,55033001756,001756,67,1.000000000000,20763078.000000,20763078.000000
TIFFANY - T 0002,TIFFANY - T 0002,033,55033001757,001757,67,1.000000000000,57341986.000000,57341986.000000
WESTON - T 0002,WESTON - T 0002,033,55033001758,001758,28,1.000000000000,47313946.000000,47313946.000000
WESTON - T 0001,WESTON - T 0001,033,55033001759,001759,28,1.000000000000,60214696.000000,60214696.000000
ROCK CREEK - T 0001,ROCK CREEK - T 0001,033,55033001760,001760,93,1.000000000000,81496142.000000,81496142.000000
SPRING BROOK - T 0001,SPRING BROOK - T 0001,033,55033001761,001761,93,1.000000000000,49655089.000000,49655089.000000
RED CEDAR - T 0002,RED CEDAR - T 0002,033,55033001762,001762,92,1.000000000000,23438748.000000,23438748.000000
DUNN - T 0002,DUNN - T 0002,033,55033001763,001763,93,1.000000000000,61147369.000000,61147369.000000
RED CEDAR - T 0003,RED CEDAR - T 0003,033,55033001764,001764,92,1.000000000000,7962550.000000,7962550.000000
ELK MOUND - T 0003,ELK MOUND - T 0003,033,55033001765,001765,92,1.000000000000,30481960.000000,30481960.000000
COLFAX - T 0001,COLFAX - T 0001,033,55033001766,001766,67,1.000000000000,21366701.000000,21366701.000000
COLFAX - V 0001,Colfax - V 0001,033,55033001767,001767,67,1.000000000000,3054308.000000,3054308.000000
WHEELER - V 0001,Wheeler - V 0001,033,55033001768,001768,67,1.000000000000,2248774.000000,2248774.000000
WILSON - T 0001,WILSON - T 0001,033,55033001769,001769,67,1.000000000000,92102932.000000,92102932.000000
SHERIDAN - T 0001,SHERIDAN - T 0001,033,55033001770,001770,67,1.000000000000,93363118.000000,93363118.000000
ELK MOUND - V 0001,Elk Mound - V 0001,033,55033001771,001771,92,1.000000000000,5897898.000000,5897898.000000
MENOMONIE - T 0001,MENOMONIE - T 0001,033,55033001772,001772,92,1.000000000000,21287294.000000,21287294.000000
DOWNING - V 0001,Downing - V 0001,033,55033001773,001773,28,1.000000000000,7652236.000000,7652236.000000
TAINTER - T 0001,TAINTER - T 0001,033,55033001774,001774,67,1.000000000000,31326436.000000,31326436.000000
RIDGELAND - V 0001,Ridgeland - V 0001,033,55033001775,001775,67,1.000000000000,1191299.000000,1191299.000000
MENOMONIE - C 0011,Menomonie - C 0011,033,55033001776,001776,92,1.000000000000,13803029.000000,13803029.000000
MENOMONIE - C 0001,Menomonie - C 0001,033,55033001777,001777,92,1.000000000000,5796148.000000,5796148.000000
MENOMONIE - C 0005,Menomonie - C 0005,033,55033001778,001778,92,1.000000000000,254887.000000,254887.000000
MENOMONIE - C 0006,Menomonie - C 0006,033,55033001779,001779,92,1.000000000000,1229052.000000,1229052.000000
MENOMONIE - C 0009,Menomonie - C 0009,033,55033001780,001780,92,1.000000000000,3082622.000000,3082622.000000
MENOMONIE - C 0008,Menomonie - C 0008,033,55033001781,001781,92,1.000000000000,997199.000000,997199.000000
MENOMONIE - C 0010,Menomonie - C 0010,033,55033001782,001782,92,1.000000000000,4852340.000000,4852340.000000
MENOMONIE - C 0002,Menomonie - C 0002,033,55033001783,001783,92,1.000000000000,3315780.000000,3315780.000000
MENOMONIE - C 0007,Menomonie - C 0007,033,55033001784,001784,92,1.000000000000,426815.000000,426815.000000
MENOMONIE - C 0004,Menomonie - C 0004,033,55033001785,001785,92,1.000000000000,550025.000000,550025.000000
MENOMONIE - C 0003,Menomonie - C 0003,033,55033001786,001786,92,1.000000000000,5645852.000000,5645852.000000
KNAPP - V 0001,Knapp - V 0001,033,55033001787,001787,28,1.000000000000,4079691.000000,4079691.000000
COLFAX - T 0002,COLFAX - T 0002,033,55033001788,001788,67,1.000000000000,14341173.000000,14341173.000000
COLFAX - V 0002,Colfax - V 0002,033,55033001789,001789,67,1.000000000000,616563.000000,616563.000000
TAINTER - T 0003,TAINTER - T 0003,033,55033001790,001790,67,1.000000000000,9112828.000000,9112828.000000
MENOMONIE - C 0012,Menomonie - C 0012,033,55033008008,008008,92,1.000000000000,27300.000000,27300.000000
FAIRCHILD - V 0001,Fairchild - V 0001,035,55035001793,001793,91,1.000000000000,3834253.000000,3834253.000000
CLEAR CREEK - T 0002,CLEAR CREEK - T 0002,035,55035001794,001794,93,1.000000000000,50282946.000000,50282946.000000
OTTER CREEK - T 0001,OTTER CREEK - T 0001,035,55035001795,001795,91,1.000000000000,91998890.000000,91998890.000000
FAIRCHILD - T 0001,FAIRCHILD - T 0001,035,55035001796,001796,91,1.000000000000,89720401.000000,89720401.000000
EAU CLAIRE - C 0011,Eau Claire - C 0011,035,55035001797,001797,91,1.000000000000,605363.000000,605363.000000
WILSON - T 0001,WILSON - T 0001,035,55035001798,001798,91,1.000000000000,123446953.000000,123446953.000000
PLEASANT VALLEY - T 0001,PLEASANT VALLEY - T 0001,035,55035001799,001799,93,1.000000000000,88722467.000000,88722467.000000
FALL CREEK - V 0001,Fall Creek - V 0001,035,55035001800,001800,91,1.000000000000,84786.000000,84786.000000
LUDINGTON - T 0001,LUDINGTON - T 0001,035,55035001802,001802,91,1.000000000000,118922736.000000,118922736.000000
FALL CREEK - V 0002,Fall Creek - V 0002,035,55035001803,001803,91,1.000000000000,2724105.000000,2724105.000000
BRUNSWICK - T 0002,BRUNSWICK - T 0002,035,55035001804,001804,93,1.000000000000,53141967.000000,53141967.000000
LINCOLN - T 0001,LINCOLN - T 0001,035,55035001805,001805,91,1.000000000000,93173591.000000,93173591.000000
AUGUSTA - C 0004,Augusta - C 0004,035,55035001806,001806,91,1.000000000000,2083649.000000,2083649.000000
BRIDGE CREEK - T 0001,BRIDGE CREEK - T 0001,035,55035001807,001807,91,1.000000000000,196960584.000000,196960584.000000
ALTOONA - C 0011,Altoona - C 0011,035,55035001808,001808,91,1.000000000000,4479013.000000,4479013.000000
SEYMOUR - T 0003,SEYMOUR - T 0003,035,55035001809,001809,91,1.000000000000,948392.000000,948392.000000
WASHINGTON - T 0013,WASHINGTON - T 0013,035,55035001810,001810,91,1.000000000000,190580.000000,190580.000000
WASHINGTON - T 0001,WASHINGTON - T 0001,035,55035001811,001811,91,1.000000000000,641123.000000,641123.000000
BRUNSWICK - T 0001,BRUNSWICK - T 0001,035,55035001813,001813,93,1.000000000000,43274491.000000,43274491.000000
UNION - T 0002,UNION - T 0002,035,55035001814,001814,93,1.000000000000,28961353.000000,28961353.000000
EAU CLAIRE - C 0022,Eau Claire - C 0022,035,55035001815,001815,93,1.000000000000,1092886.000000,1092886.000000
EAU CLAIRE - C 0051,Eau Claire - C 0051,035,55035001816,001816,93,1.000000000000,3207.000000,3207.000000
EAU CLAIRE - C 0050,Eau Claire - C 0050,035,55035001817,001817,93,1.000000000000,3212.000000,3212.000000
PLEASANT VALLEY - T 0003,PLEASANT VALLEY - T 0003,035,55035001819,001819,93,1.000000000000,20505617.000000,20505617.000000
PLEASANT VALLEY - T 0002,PLEASANT VALLEY - T 0002,035,55035001820,001820,93,1.000000000000,22195179.000000,22195179.000000
PLEASANT VALLEY - T 0004,PLEASANT VALLEY - T 0004,035,55035001821,001821,93,1.000000000000,8943664.000000,8943664.000000
WASHINGTON - T 0010,WASHINGTON - T 0010,035,55035001822,001822,91,1.000000000000,39788077.000000,39788077.000000
WASHINGTON - T 0009,WASHINGTON - T 0009,035,55035001823,001823,91,1.000000000000,4336323.000000,4336323.000000
WASHINGTON - T 0002,WASHINGTON - T 0002,035,55035001824,001824,93,1.000000000000,21722331.000000,21722331.000000
WASHINGTON - T 0005,WASHINGTON - T 0005,035,55035001825,001825,93,1.000000000000,2247899.000000,2247899.000000
WASHINGTON - T 0003,WASHINGTON - T 0003,035,55035001826,001826,93,1.000000000000,487966.000000,487966.000000
WASHINGTON - T 0008,WASHINGTON - T 0008,035,55035001827,001827,93,1.000000000000,18712045.000000,18712045.000000
WASHINGTON - T 0004,WASHINGTON - T 0004,035,55035001828,001828,93,1.000000000000,435961.000000,435961.000000
WASHINGTON - T 0006,WASHINGTON - T 0006,035,55035001829,001829,91,1.000000000000,141632.000000,141632.000000
WASHINGTON - T 0007,WASHINGTON - T 0007,035,55035001830,001830,91,1.000000000000,625964.000000,625964.000000
CLEAR CREEK - T 0001,CLEAR CREEK - T 0001,035,55035001831,001831,93,1.000000000000,43060967.000000,43060967.000000
BRIDGE CREEK - T 0002,BRIDGE CREEK - T 0002,035,55035001832,001832,91,1.000000000000,72424114.000000,72424114.000000
LINCOLN - T 0002,LINCOLN - T 0002,035,55035001833,001833,91,1.000000000000,57745483.000000,57745483.000000
SEYMOUR - T 0005,SEYMOUR - T 0005,035,55035001834,001834,91,1.000000000000,6680919.000000,6680919.000000
SEYMOUR - T 0001,SEYMOUR - T 0001,035,55035001835,001835,91,1.000000000000,14596992.000000,14596992.000000
SEYMOUR - T 0006,SEYMOUR - T 0006,035,55035001836,001836,91,1.000000000000,3486312.000000,3486312.000000
SEYMOUR - T 0002,SEYMOUR - T 0002,035,55035001837,001837,91,1.000000000000,392112.000000,392112.000000
AUGUSTA - C 0001,Augusta - C 0001,035,55035001838,001838,91,1.000000000000,1223823.000000,1223823.000000
AUGUSTA - C 0005,Augusta - C 0005,035,55035001839,001839,91,1.000000000000,1434073.000000,1434073.000000
AUGUSTA - C 0003,Augusta - C 0003,035,55035001840,001840,91,1.000000000000,169425.000000,169425.000000
AUGUSTA - C 0002,Augusta - C 0002,035,55035001841,001841,91,1.000000000000,810735.000000,810735.000000
ALTOONA - C 0007,Altoona - C 0007,035,55035001842,001842,91,1.000000000000,480955.000000,480955.000000
ALTOONA - C 0009,Altoona - C 0009,035,55035001843,001843,91,1.000000000000,951793.000000,951793.000000
ALTOONA - C 0008,Altoona - C 0008,035,55035001844,001844,91,1.000000000000,575866.000000,575866.000000
ALTOONA - C 0006,Altoona - C 0006,035,55035001845,001845,91,1.000000000000,293580.000000,293580.000000
ALTOONA - C 0005,Altoona - C 0005,035,55035001846,001846,91,1.000000000000,849407.000000,849407.000000
ALTOONA - C 0003,Altoona - C 0003,035,55035001847,001847,91,1.000000000000,152444.000000,152444.000000
ALTOONA - C 0004,Altoona - C 0004,035,55035001848,001848,91,1.000000000000,392367.000000,392367.000000
ALTOONA - C 0010,Altoona - C 0010,035,55035001849,001849,91,1.000000000000,822697.000000,822697.000000
ALTOONA - C 0002,Altoona - C 0002,035,55035001850,001850,91,1.000000000000,713975.000000,713975.000000
FALL CREEK - V 0001,Fall Creek - V 0001,035,55035001851,001851,91,1.000000000000,2559244.000000,2559244.000000
EAU CLAIRE - C 0010,Eau Claire - C 0010,035,55035001852,001852,91,1.000000000000,3071557.000000,3071557.000000
EAU CLAIRE - C 0032,Eau Claire - C 0032,035,55035001853,001853,91,1.000000000000,10721.000000,10721.000000
EAU CLAIRE - C 0014,Eau Claire - C 0014,035,55035001854,001854,93,1.000000000000,9088998.000000,9088998.000000
EAU CLAIRE - C 0012,Eau Claire - C 0012,035,55035001855,001855,91,1.000000000000,2814601.000000,2814601.000000
EAU CLAIRE - C 0036,Eau Claire - C 0036,035,55035001856,001856,91,1.000000000000,1199528.000000,1199528.000000
EAU CLAIRE - C 0011,Eau Claire - C 0011,035,55035001857,001857,91,1.000000000000,2571801.000000,2571801.000000
EAU CLAIRE - C 0008,Eau Claire - C 0008,035,55035001858,001858,91,1.000000000000,3423532.000000,3423532.000000
EAU CLAIRE - C 0037,Eau Claire - C 0037,035,55035001859,001859,91,1.000000000000,1068522.000000,1068522.000000
EAU CLAIRE - C 0047,Eau Claire - C 0047,035,55035001860,001860,91,1.000000000000,537406.000000,537406.000000
EAU CLAIRE - C 0023,Eau Claire - C 0023,035,55035001861,001861,93,1.000000000000,2598631.000000,2598631.000000
EAU CLAIRE - C 0029,Eau Claire - C 0029,035,55035001862,001862,93,1.000000000000,1629554.000000,1629554.000000
EAU CLAIRE - C 0009,Eau Claire - C 0009,035,55035001863,001863,93,1.000000000000,662277.000000,662277.000000
EAU CLAIRE - C 0005,Eau Claire - C 0005,035,55035001864,001864,93,1.000000000000,2283032.000000,2283032.000000
EAU CLAIRE - C 0042,Eau Claire - C 0042,035,55035001865,001865,93,1.000000000000,695926.000000,695926.000000
EAU CLAIRE - C 0002,Eau Claire - C 0002,035,55035001866,001866,93,1.000000000000,638900.000000,638900.000000
EAU CLAIRE - C 0006,Eau Claire - C 0006,035,55035001867,001867,93,1.000000000000,576938.000000,576938.000000
EAU CLAIRE - C 0001,Eau Claire - C 0001,035,55035001868,001868,91,1.000000000000,1770411.000000,1770411.000000
EAU CLAIRE - C 0046,Eau Claire - C 0046,035,55035001869,001869,91,1.000000000000,2022763.000000,2022763.000000
EAU CLAIRE - C 0034,Eau Claire - C 0034,035,55035001870,001870,91,1.000000000000,1064028.000000,1064028.000000
EAU CLAIRE - C 0004,Eau Claire - C 0004,035,55035001871,001871,93,1.000000000000,1788907.000000,1788907.000000
EAU CLAIRE - C 0031,Eau Claire - C 0031,035,55035001872,001872,91,1.000000000000,1279727.000000,1279727.000000
EAU CLAIRE - C 0032,Eau Claire - C 0032,035,55035001873,001873,91,1.000000000000,1003333.000000,1003333.000000
EAU CLAIRE - C 0033,Eau Claire - C 0033,035,55035001874,001874,91,1.000000000000,1549062.000000,1549062.000000
EAU CLAIRE - C 0030,Eau Claire - C 0030,035,55035001875,001875,91,1.000000000000,1812546.000000,1812546.000000
EAU CLAIRE - C 0024,Eau Claire - C 0024,035,55035001876,001876,93,1.000000000000,147608.000000,147608.000000
EAU CLAIRE - C 0003,Eau Claire - C 0003,035,55035001877,001877,93,1.000000000000,1973875.000000,1973875.000000
EAU CLAIRE - C 0021,Eau Claire - C 0021,035,55035001878,001878,93,1.000000000000,3875088.000000,3875088.000000
EAU CLAIRE - C 0025,Eau Claire - C 0025,035,55035001879,001879,93,1.000000000000,1277956.000000,1277956.000000
EAU CLAIRE - C 0017,Eau Claire - C 0017,035,55035001880,001880,93,1.000000000000,2186520.000000,2186520.000000
EAU CLAIRE - C 0028,Eau Claire - C 0028,035,55035001881,001881,93,1.000000000000,514638.000000,514638.000000
EAU CLAIRE - C 0015,Eau Claire - C 0015,035,55035001882,001882,91,1.000000000000,1670145.000000,1670145.000000
EAU CLAIRE - C 0018,Eau Claire - C 0018,035,55035001883,001883,91,1.000000000000,1555570.000000,1555570.000000
EAU CLAIRE - C 0049,Eau Claire - C 0049,035,55035001884,001884,91,1.000000000000,558104.000000,558104.000000
EAU CLAIRE - C 0039,Eau Claire - C 0039,035,55035001885,001885,91,1.000000000000,2106404.000000,2106404.000000
EAU CLAIRE - C 0044,Eau Claire - C 0044,035,55035001886,001886,91,1.000000000000,141134.000000,141134.000000
EAU CLAIRE - C 0026,Eau Claire - C 0026,035,55035001887,001887,93,1.000000000000,616343.000000,616343.000000
EAU CLAIRE - C 0027,Eau Claire - C 0027,035,55035001888,001888,93,1.000000000000,211249.000000,211249.000000
EAU CLAIRE - C 0020,Eau Claire - C 0020,035,55035001889,001889,93,1.000000000000,1209217.000000,1209217.000000
EAU CLAIRE - C 0048,Eau Claire - C 0048,035,55035001890,001890,93,1.000000000000,1185916.000000,1185916.000000
EAU CLAIRE - C 0013,Eau Claire - C 0013,035,55035001891,001891,91,1.000000000000,948880.000000,948880.000000
EAU CLAIRE - C 0035,Eau Claire - C 0035,035,55035001892,001892,91,1.000000000000,1172951.000000,1172951.000000
EAU CLAIRE - C 0043,Eau Claire - C 0043,035,55035001893,001893,91,1.000000000000,329568.000000,329568.000000
EAU CLAIRE - C 0053,Eau Claire - C 0053,035,55035001895,001895,93,1.000000000000,199.000000,199.000000
EAU CLAIRE - C 0056,Eau Claire - C 0056,035,55035001896,001896,93,1.000000000000,199438.000000,199438.000000
EAU CLAIRE - C 0057,Eau Claire - C 0057,035,55035001897,001897,93,1.000000000000,13306.000000,13306.000000
EAU CLAIRE - C 0055,Eau Claire - C 0055,035,55035001898,001898,93,1.000000000000,3920.000000,3920.000000
EAU CLAIRE - C 0052,Eau Claire - C 0052,035,55035001899,001899,93,1.000000000000,2626.000000,2626.000000
EAU CLAIRE - C 0060,Eau Claire - C 0060,035,55035001901,001901,93,1.000000000000,668657.000000,668657.000000
EAU CLAIRE - C 0061,Eau Claire - C 0061,035,55035001902,001902,91,1.000000000000,3945.000000,3945.000000
EAU CLAIRE - C 0063,Eau Claire - C 0063,035,55035001904,001904,93,1.000000000000,60600.000000,60600.000000
EAU CLAIRE - C 0065,Eau Claire - C 0065,035,55035001906,001906,91,1.000000000000,3459.000000,3459.000000
EAU CLAIRE - C 0066,Eau Claire - C 0066,035,55035001907,001907,91,1.000000000000,65180.000000,65180.000000
ALTOONA - C 0013,Altoona - C 0013,035,55035001908,001908,91,1.000000000000,9495.000000,9495.000000
ALTOONA - C 0012,Altoona - C 0012,035,55035001909,001909,91,1.000000000000,114154.000000,114154.000000
ALTOONA - C 0015,Altoona - C 0015,035,55035001910,001910,91,1.000000000000,20039.000000,20039.000000
ALTOONA - C 0014,Altoona - C 0014,035,55035001911,001911,91,1.000000000000,47992.000000,47992.000000
EAU CLAIRE - C 0067,Eau Claire - C 0067,035,55035001913,001913,93,1.000000000000,16354.000000,16354.000000
DRAMMEN - T 0001,DRAMMEN - T 0001,035,55035001914,001914,93,1.000000000000,93146392.000000,93146392.000000
EAU CLAIRE - C 0068,Eau Claire - C 0068,035,55035001915,001915,93,1.000000000000,1920.000000,1920.000000
EAU CLAIRE - C 0069,Eau Claire - C 0069,035,55035001916,001916,91,1.000000000000,7139.000000,7139.000000
EAU CLAIRE - C 0070,Eau Claire - C 0070,035,55035001917,001917,93,1.000000000000,228135.000000,228135.000000
EAU CLAIRE - C 0071,Eau Claire - C 0071,035,55035001918,001918,93,1.000000000000,5230.000000,5230.000000
EAU CLAIRE - C 0072,Eau Claire - C 0072,035,55035001919,001919,93,1.000000000000,132544.000000,132544.000000
SEYMOUR - T 0004,SEYMOUR - T 0004,035,55035001920,001920,91,1.000000000000,57243816.000000,57243816.000000
WASHINGTON - T 0011,WASHINGTON - T 0011,035,55035001921,001921,93,1.000000000000,33345580.000000,33345580.000000
UNION - T 0004,UNION - T 0004,035,55035001922,001922,93,1.000000000000,4685931.000000,4685931.000000
UNION - T 0001,UNION - T 0001,035,55035001923,001923,93,1.000000000000,32764395.000000,32764395.000000
UNION - T 0003,UNION - T 0003,035,55035001924,001924,93,1.000000000000,4422144.000000,4422144.000000
EAU CLAIRE - C 0045,Eau Claire - C 0045,035,55035001925,001925,93,1.000000000000,381265.000000,381265.000000
WASHINGTON - T 0012,WASHINGTON - T 0012,035,55035001926,001926,91,1.000000000000,18609603.000000,18609603.000000
ALTOONA - C 0001,Altoona - C 0001,035,55035001927,001927,91,1.000000000000,2879575.000000,2879575.000000
EAU CLAIRE - C 0038,Eau Claire - C 0038,035,55035001928,001928,91,1.000000000000,3085324.000000,3085324.000000
EAU CLAIRE - C 0007,Eau Claire - C 0007,035,55035001929,001929,93,1.000000000000,1846405.000000,1846405.000000
EAU CLAIRE - C 0019,Eau Claire - C 0019,035,55035001930,001930,93,1.000000000000,4463823.000000,4463823.000000
EAU CLAIRE - C 0062,Eau Claire - C 0062,035,55035001931,001931,93,1.000000000000,11068.000000,11068.000000
EAU CLAIRE - C 0073,Eau Claire - C 0073,035,55035001932,001932,93,1.000000000000,5419.000000,5419.000000
EAU CLAIRE - C 0074,Eau Claire - C 0074,035,55035001933,001933,93,1.000000000000,5305.000000,5305.000000
WASHINGTON - T 0012,WASHINGTON - T 0012,035,55035001934,001934,91,1.000000000000,156212.000000,156212.000000
ALTOONA - C 0016,Altoona - C 0016,035,55035001935,001935,91,1.000000000000,120544.000000,120544.000000
EAU CLAIRE - C 0054,Eau Claire - C 0054,035,55035003001,003001,91,1.000000000000,763.000000,763.000000
EAU CLAIRE - C 0076,Eau Claire - C 0076,035,55035003002,003002,91,1.000000000000,13546.000000,13546.000000
EAU CLAIRE - C 0075,Eau Claire - C 0075,035,55035003003,003003,93,1.000000000000,144291.000000,144291.000000
EAU CLAIRE - C 0058,Eau Claire - C 0058,035,55035008010,008010,91,1.000000000000,5572.000000,5572.000000
EAU CLAIRE - C 0064,Eau Claire - C 0064,035,55035008011,008011,91,1.000000000000,13856.000000,13856.000000
EAU CLAIRE - C 0059,Eau Claire - C 0059,035,55035008012,008012,93,1.000000000000,3861.000000,3861.000000
COMMONWEALTH - T 0001,COMMONWEALTH - T 0001,037,55037001936,001936,36,1.000000000000,29513495.000000,29513495.000000
AURORA - T 0002,AURORA - T 0002,037,55037001937,001937,36,1.000000000000,52230621.000000,52230621.000000
FLORENCE - T 0004,FLORENCE - T 0004,037,55037001938,001938,36,1.000000000000,120379878.000000,120379878.000000
HOMESTEAD - T 0001,HOMESTEAD - T 0001,037,55037001939,001939,36,1.000000000000,140669225.000000,140669225.000000
LONG LAKE - T 0001,LONG LAKE - T 0001,037,55037001940,001940,36,1.000000000000,92754113.000000,92754113.000000
FLORENCE - T 0006,FLORENCE - T 0006,037,55037001941,001941,36,1.000000000000,31542561.000000,31542561.000000
FENCE - T 0001,FENCE - T 0001,037,55037001942,001942,36,1.000000000000,233630838.000000,233630838.000000
AURORA - T 0001,AURORA - T 0001,037,55037001943,001943,36,1.000000000000,12492392.000000,12492392.000000
FLORENCE - T 0005,FLORENCE - T 0005,037,55037001944,001944,36,1.000000000000,195922261.000000,195922261.000000
AURORA - T 0003,AURORA - T 0003,037,55037001945,001945,36,1.000000000000,34556279.000000,34556279.000000
TIPLER - T 0001,TIPLER - T 0001,037,55037001946,001946,36,1.000000000000,111976317.000000,111976317.000000
FLORENCE - T 0001,FLORENCE - T 0001,037,55037001947,001947,36,1.000000000000,1151543.000000,1151543.000000
COMMONWEALTH - T 0003,COMMONWEALTH - T 0003,037,55037001948,001948,36,1.000000000000,32421404.000000,32421404.000000
FLORENCE - T 0007,FLORENCE - T 0007,037,55037001949,001949,36,1.000000000000,8057326.000000,8057326.000000
FLORENCE - T 0002,FLORENCE - T 0002,037,55037001950,001950,36,1.000000000000,26068236.000000,26068236.000000
COMMONWEALTH - T 0002,COMMONWEALTH - T 0002,037,55037001951,001951,36,1.000000000000,49659426.000000,49659426.000000
FERN - T 0001,FERN - T 0001,037,55037001952,001952,36,1.000000000000,90081033.000000,90081033.000000
FLORENCE - T 0003,FLORENCE - T 0003,037,55037001953,001953,36,1.000000000000,25237145.000000,25237145.000000
RIPON - C 007A,Ripon - C 007A,039,55039001954,001954,39,1.000000000000,7295.000000,7295.000000
METOMEN - T 0001,METOMEN - T 0001,039,55039001955,001955,39,1.000000000000,47668218.000000,47668218.000000
FAIRWATER - V 0001,Fairwater - V 0001,039,55039001956,001956,39,1.000000000000,1950144.000000,1950144.000000
RIPON - C 0001,Ripon - C 0001,039,55039001957,001957,39,1.000000000000,1714144.000000,1714144.000000
RIPON - C 0008,Ripon - C 0008,039,55039001958,001958,39,1.000000000000,998619.000000,998619.000000
RIPON - C 0009,Ripon - C 0009,039,55039001959,001959,39,1.000000000000,1166207.000000,1166207.000000
RIPON - C 0011,Ripon - C 0011,039,55039001960,001960,39,1.000000000000,2939479.000000,2939479.000000
RIPON - C 0010,Ripon - C 0010,039,55039001961,001961,39,1.000000000000,344929.000000,344929.000000
RIPON - C 0002,Ripon - C 0002,039,55039001962,001962,39,1.000000000000,2686233.000000,2686233.000000
RIPON - C 0004,Ripon - C 0004,039,55039001963,001963,39,1.000000000000,230508.000000,230508.000000
RIPON - C 0006,Ripon - C 0006,039,55039001964,001964,39,1.000000000000,229573.000000,229573.000000
WAUPUN - C 0010,Waupun - C 0010,039,55039001965,001965,37,1.000000000000,842535.000000,842535.000000
ALTO - T 0001,ALTO - T 0001,039,55039001966,001966,39,1.000000000000,62119529.000000,62119529.000000
ALTO - T 0002,ALTO - T 0002,039,55039001967,001967,39,1.000000000000,31648698.000000,31648698.000000
RIPON - T 0001,RIPON - T 0001,039,55039001968,001968,39,1.000000000000,66712207.000000,66712207.000000
SPRINGVALE - T 0001,SPRINGVALE - T 0001,039,55039001969,001969,39,1.000000000000,93086082.000000,93086082.000000
ELDORADO - T 0002,ELDORADO - T 0002,039,55039001970,001970,39,1.000000000000,24095487.000000,24095487.000000
ELDORADO - T 0003,ELDORADO - T 0003,039,55039001971,001971,39,1.000000000000,28764639.000000,28764639.000000
LAMARTINE - T 0001,LAMARTINE - T 0001,039,55039001972,001972,39,1.000000000000,41717587.000000,41717587.000000
OAKFIELD - V 0001,Oakfield - V 0001,039,55039001973,001973,37,1.000000000000,1108008.000000,1108008.000000
OAKFIELD - V 0002,Oakfield - V 0002,039,55039001974,001974,37,1.000000000000,1448656.000000,1448656.000000
WAUPUN - T 0001,WAUPUN - T 0001,039,55039001975,001975,37,1.000000000000,48096230.000000,48096230.000000
OAKFIELD - T 0001,OAKFIELD - T 0001,039,55039001976,001976,37,1.000000000000,52699334.000000,52699334.000000
OAKFIELD - T 0002,OAKFIELD - T 0002,039,55039001977,001977,37,1.000000000000,39909735.000000,39909735.000000
BYRON - T 0002,BYRON - T 0002,039,55039001978,001978,37,1.000000000000,55543189.000000,55543189.000000
LAMARTINE - T 0002,LAMARTINE - T 0002,039,55039001979,001979,39,1.000000000000,52996340.000000,52996340.000000
NORTH FOND DU LAC - V 0001,North Fond Du Lac - V 0001,039,55039001980,001980,60,1.000000000000,876125.000000,876125.000000
NORTH FOND DU LAC - V 0005,North Fond Du Lac - V 0005,039,55039001981,001981,60,1.000000000000,475768.000000,475768.000000
NORTH FOND DU LAC - V 0006,North Fond Du Lac - V 0006,039,55039001982,001982,60,1.000000000000,436736.000000,436736.000000
CALUMET - T 0002,CALUMET - T 0002,039,55039001983,001983,27,1.000000000000,49374104.000000,49374104.000000
MOUNT CALVARY - V 0001,Mount Calvary - V 0001,039,55039001984,001984,27,1.000000000000,2738967.000000,2738967.000000
ST. CLOUD - V 0001,St. Cloud - V 0001,039,55039001985,001985,27,1.000000000000,2425706.000000,2425706.000000
MARSHFIELD - T 0001,MARSHFIELD - T 0001,039,55039001986,001986,27,1.000000000000,32997154.000000,32997154.000000
TAYCHEEDAH - T 0005,TAYCHEEDAH - T 0005,039,55039001987,001987,27,1.000000000000,4551263.000000,4551263.000000
TAYCHEEDAH - T 0001,TAYCHEEDAH - T 0001,039,55039001988,001988,27,1.000000000000,8105104.000000,8105104.000000
TAYCHEEDAH - T 0002,TAYCHEEDAH - T 0002,039,55039001989,001989,27,1.000000000000,39850335.000000,39850335.000000
EMPIRE - T 0001,EMPIRE - T 0001,039,55039001990,001990,60,1.000000000000,36296138.000000,36296138.000000
OSCEOLA - T 0002,OSCEOLA - T 0002,039,55039001991,001991,59,1.000000000000,32581787.000000,32581787.000000
EMPIRE - T 0002,EMPIRE - T 0002,039,55039001992,001992,60,1.000000000000,22955934.000000,22955934.000000
EMPIRE - T 0003,EMPIRE - T 0003,039,55039001993,001993,60,1.000000000000,10988727.000000,10988727.000000
BYRON - T 0001,BYRON - T 0001,039,55039001994,001994,37,1.000000000000,39184213.000000,39184213.000000
OSCEOLA - T 0001,OSCEOLA - T 0001,039,55039001995,001995,59,1.000000000000,61329908.000000,61329908.000000
EDEN - T 0002,EDEN - T 0002,039,55039001996,001996,59,1.000000000000,31273231.000000,31273231.000000
EDEN - T 0001,EDEN - T 0001,039,55039001997,001997,59,1.000000000000,61808434.000000,61808434.000000
EDEN - V 0001,Eden - V 0001,039,55039001998,001998,59,1.000000000000,1596139.000000,1596139.000000
CAMPBELLSPORT - V 0003,Campbellsport - V 0003,039,55039001999,001999,59,1.000000000000,402322.000000,402322.000000
CAMPBELLSPORT - V 0002,Campbellsport - V 0002,039,55039002000,002000,59,1.000000000000,1164952.000000,1164952.000000
CAMPBELLSPORT - V 0001,Campbellsport - V 0001,039,55039002001,002001,59,1.000000000000,1179439.000000,1179439.000000
CAMPBELLSPORT - V 0004,Campbellsport - V 0004,039,55039002002,002002,59,1.000000000000,767756.000000,767756.000000
ASHFORD - T 0002,ASHFORD - T 0002,039,55039002003,002003,59,1.000000000000,39245981.000000,39245981.000000
ASHFORD - T 0001,ASHFORD - T 0001,039,55039002004,002004,59,1.000000000000,34987349.000000,34987349.000000
ASHFORD - T 0003,ASHFORD - T 0003,039,55039002005,002005,59,1.000000000000,18058501.000000,18058501.000000
AUBURN - T 0001,AUBURN - T 0001,039,55039002006,002006,59,1.000000000000,21940861.000000,21940861.000000
KEWASKUM - V 0006,Kewaskum - V 0006,039,55039002007,002007,59,1.000000000000,163167.000000,163167.000000
WAUPUN - C 0012,Waupun - C 0012,039,55039002008,002008,37,1.000000000000,618727.000000,618727.000000
RIPON - C 0007,Ripon - C 0007,039,55039002009,002009,39,1.000000000000,1739176.000000,1739176.000000
MARSHFIELD - T 0002,MARSHFIELD - T 0002,039,55039002010,002010,27,1.000000000000,55748294.000000,55748294.000000
WAUPUN - C 0009,Waupun - C 0009,039,55039002011,002011,37,1.000000000000,2326689.000000,2326689.000000
RIPON - C 0005,Ripon - C 0005,039,55039002012,002012,39,1.000000000000,607644.000000,607644.000000
ELDORADO - T 0001,ELDORADO - T 0001,039,55039002013,002013,39,1.000000000000,40836741.000000,40836741.000000
FOND DU LAC - C 0008,Fond Du Lac - C 0008,039,55039002014,002014,60,1.000000000000,874793.000000,874793.000000
FOND DU LAC - C 0002,Fond Du Lac - C 0002,039,55039002015,002015,60,1.000000000000,940984.000000,940984.000000
FOND DU LAC - C 0009,Fond Du Lac - C 0009,039,55039002016,002016,60,1.000000000000,1264106.000000,1264106.000000
FOND DU LAC - C 0010,Fond Du Lac - C 0010,039,55039002017,002017,60,1.000000000000,804417.000000,804417.000000
FOND DU LAC - C 0004,Fond Du Lac - C 0004,039,55039002018,002018,60,1.000000000000,1050781.000000,1050781.000000
FOND DU LAC - C 0011,Fond Du Lac - C 0011,039,55039002019,002019,60,1.000000000000,616188.000000,616188.000000
FOND DU LAC - C 0012,Fond Du Lac - C 0012,039,55039002020,002020,60,1.000000000000,806378.000000,806378.000000
FOND DU LAC - C 0006,Fond Du Lac - C 0006,039,55039002021,002021,60,1.000000000000,730040.000000,730040.000000
FOND DU LAC - C 0013,Fond Du Lac - C 0013,039,55039002022,002022,60,1.000000000000,882768.000000,882768.000000
NORTH FOND DU LAC - V 0003,North Fond Du Lac - V 0003,039,55039002023,002023,60,1.000000000000,1536878.000000,1536878.000000
FOND DU LAC - T 0005,FOND DU LAC - T 0005,039,55039002024,002024,60,1.000000000000,8439624.000000,8439624.000000
FOND DU LAC - C 0027,Fond Du Lac - C 0027,039,55039002025,002025,60,1.000000000000,107471.000000,107471.000000
FOND DU LAC - C 0023,Fond Du Lac - C 0023,039,55039002026,002026,60,1.000000000000,1299106.000000,1299106.000000
FOND DU LAC - T 0006,FOND DU LAC - T 0006,039,55039002027,002027,60,1.000000000000,79381.000000,79381.000000
FOND DU LAC - C 0020,Fond Du Lac - C 0020,039,55039002028,002028,60,1.000000000000,38745.000000,38745.000000
FOND DU LAC - C 0026,Fond Du Lac - C 0026,039,55039002029,002029,60,1.000000000000,154634.000000,154634.000000
FOND DU LAC - C 0021,Fond Du Lac - C 0021,039,55039002030,002030,60,1.000000000000,754216.000000,754216.000000
FOND DU LAC - C 0024,Fond Du Lac - C 0024,039,55039002031,002031,60,1.000000000000,2365264.000000,2365264.000000
FOND DU LAC - C 0014,Fond Du Lac - C 0014,039,55039002032,002032,60,1.000000000000,2075469.000000,2075469.000000
FOND DU LAC - C 0025,Fond Du Lac - C 0025,039,55039002033,002033,60,1.000000000000,3067867.000000,3067867.000000
CALUMET - T 0001,CALUMET - T 0001,039,55039002034,002034,27,1.000000000000,65032944.000000,65032944.000000
TAYCHEEDAH - T 0004,TAYCHEEDAH - T 0004,039,55039002035,002035,27,1.000000000000,15904369.000000,15904369.000000
TAYCHEEDAH - T 0003,TAYCHEEDAH - T 0003,039,55039002036,002036,27,1.000000000000,22955489.000000,22955489.000000
FOND DU LAC - T 0002,FOND DU LAC - T 0002,039,55039002037,002037,60,1.000000000000,4068850.000000,4068850.000000
FRIENDSHIP - T 0002,FRIENDSHIP - T 0002,039,55039002038,002038,60,1.000000000000,51261637.000000,51261637.000000
FOREST - T 0002,FOREST - T 0002,039,55039002039,002039,59,1.000000000000,39819990.000000,39819990.000000
FOREST - T 0001,FOREST - T 0001,039,55039002040,002040,59,1.000000000000,53689550.000000,53689550.000000
AUBURN - T 0002,AUBURN - T 0002,039,55039002041,002041,59,1.000000000000,48875498.000000,48875498.000000
AUBURN - T 0003,AUBURN - T 0003,039,55039002042,002042,59,1.000000000000,21913534.000000,21913534.000000
FRIENDSHIP - T 0003,FRIENDSHIP - T 0003,039,55039002043,002043,60,1.000000000000,3232510.000000,3232510.000000
WAUPUN - C 009A,Waupun - C 009A,039,55039002044,002044,37,1.000000000000,344548.000000,344548.000000
WAUPUN - C 009B,Waupun - C 009B,039,55039002045,002045,37,1.000000000000,364518.000000,364518.000000
WAUPUN - T 0002,WAUPUN - T 0002,039,55039002047,002047,37,1.000000000000,40722259.000000,40722259.000000
WAUPUN - C 0011,Waupun - C 0011,039,55039002048,002048,37,1.000000000000,1340314.000000,1340314.000000
ROSENDALE - V 0001,Rosendale - V 0001,039,55039002049,002049,39,1.000000000000,2211838.000000,2211838.000000
RIPON - T 0002,RIPON - T 0002,039,55039002050,002050,39,1.000000000000,13966971.000000,13966971.000000
RIPON - C 0003,Ripon - C 0003,039,55039002051,002051,39,1.000000000000,355408.000000,355408.000000
FOND DU LAC - T 001A,FOND DU LAC - T 001A,039,55039002052,002052,60,1.000000000000,970.000000,970.000000
NORTH FOND DU LAC - V 0004,North Fond Du Lac - V 0004,039,55039002053,002053,60,1.000000000000,1439100.000000,1439100.000000
NORTH FOND DU LAC - V 0002,North Fond Du Lac - V 0002,039,55039002054,002054,60,1.000000000000,793084.000000,793084.000000
FOND DU LAC - C 0015,Fond Du Lac - C 0015,039,55039002055,002055,60,1.000000000000,6088776.000000,6088776.000000
FOND DU LAC - C 0019,Fond Du Lac - C 0019,039,55039002056,002056,60,1.000000000000,1147106.000000,1147106.000000
FOND DU LAC - C 0016,Fond Du Lac - C 0016,039,55039002057,002057,60,1.000000000000,1062378.000000,1062378.000000
FOND DU LAC - C 0022,Fond Du Lac - C 0022,039,55039002058,002058,60,1.000000000000,1271876.000000,1271876.000000
FOND DU LAC - T 0008,FOND DU LAC - T 0008,039,55039002059,002059,60,1.000000000000,737123.000000,737123.000000
FOND DU LAC - T 0007,FOND DU LAC - T 0007,039,55039002060,002060,60,1.000000000000,103531.000000,103531.000000
BRANDON - V 0001,Brandon - V 0001,039,55039002061,002061,39,1.000000000000,1976011.000000,1976011.000000
METOMEN - T 0002,METOMEN - T 0002,039,55039002062,002062,39,1.000000000000,42166306.000000,42166306.000000
FOND DU LAC - T 0004,FOND DU LAC - T 0004,039,55039002063,002063,60,1.000000000000,1674815.000000,1674815.000000
FOND DU LAC - C 0028,Fond Du Lac - C 0028,039,55039002064,002064,60,1.000000000000,8514.000000,8514.000000
FOND DU LAC - C 0001,Fond Du Lac - C 0001,039,55039002065,002065,60,1.000000000000,2831417.000000,2831417.000000
FOND DU LAC - C 0007,Fond Du Lac - C 0007,039,55039002066,002066,60,1.000000000000,6319151.000000,6319151.000000
ROSENDALE - V 0002,Rosendale - V 0002,039,55039002067,002067,39,1.000000000000,986891.000000,986891.000000
ROSENDALE - T 0001,ROSENDALE - T 0001,039,55039002068,002068,39,1.000000000000,92057906.000000,92057906.000000
FRIENDSHIP - T 0001,FRIENDSHIP - T 0001,039,55039002069,002069,60,1.000000000000,34074359.000000,34074359.000000
FOND DU LAC - C 0029,Fond Du Lac - C 0029,039,55039002070,002070,60,1.000000000000,166686.000000,166686.000000
FOND DU LAC - T 0001,FOND DU LAC - T 0001,039,55039002072,002072,60,1.000000000000,11403702.000000,11403702.000000
FOND DU LAC - C 0003,Fond Du Lac - C 0003,039,55039002073,002073,60,1.000000000000,2446690.000000,2446690.000000
FOND DU LAC - C 0017,Fond Du Lac - C 0017,039,55039002074,002074,60,1.000000000000,1739013.000000,1739013.000000
FOND DU LAC - C 0018,Fond Du Lac - C 0018,039,55039002075,002075,60,1.000000000000,103791.000000,103791.000000
EMPIRE - T 0004,EMPIRE - T 0004,039,55039002076,002076,60,1.000000000000,4447973.000000,4447973.000000
FOND DU LAC - T 0003,FOND DU LAC - T 0003,039,55039002077,002077,60,1.000000000000,22012713.000000,22012713.000000
FOND DU LAC - C 0005,Fond Du Lac - C 0005,039,55039002078,002078,60,1.000000000000,12042790.000000,12042790.000000
FOND DU LAC - C 0030,Fond Du Lac - C 0030,039,55039003004,003004,60,1.000000000000,109600.000000,109600.000000
NORTH FOND DU LAC - V 0007,North Fond Du Lac - V 0007,039,55039008013,008013,60,1.000000000000,2491.000000,2491.000000
ALVIN - T 0001,ALVIN - T 0001,041,55041002079,002079,36,1.000000000000,298255367.000000,298255367.000000
ARGONNE - T 0001,ARGONNE - T 0001,041,55041002080,002080,36,1.000000000000,187534974.000000,187534974.000000
ARGONNE - T 0002,ARGONNE - T 0002,041,55041002081,002081,36,1.000000000000,77348771.000000,77348771.000000
ARGONNE - T 0003,ARGONNE - T 0003,041,55041002082,002082,36,1.000000000000,14690470.000000,14690470.000000
ARMSTRONG CREEK - T 0001,ARMSTRONG CREEK - T 0001,041,55041002083,002083,36,1.000000000000,133648607.000000,133648607.000000
BLACKWELL - T 0001,BLACKWELL - T 0001,041,55041002084,002084,36,1.000000000000,171627086.000000,171627086.000000
CASWELL - T 0001,CASWELL - T 0001,041,55041002085,002085,36,1.000000000000,116712584.000000,116712584.000000
CRANDON - T 0001,CRANDON - T 0001,041,55041002086,002086,36,1.000000000000,73550067.000000,73550067.000000
CRANDON - T 0002,CRANDON - T 0002,041,55041002087,002087,36,1.000000000000,15798934.000000,15798934.000000
CRANDON - T 0003,CRANDON - T 0003,041,55041002088,002088,36,1.000000000000,3714891.000000,3714891.000000
CRANDON - C 0002,Crandon - C 0002,041,55041002089,002089,36,1.000000000000,3504573.000000,3504573.000000
CRANDON - C 0001,Crandon - C 0001,041,55041002090,002090,36,1.000000000000,1867054.000000,1867054.000000
CRANDON - C 0003,Crandon - C 0003,041,55041002091,002091,36,1.000000000000,3914776.000000,3914776.000000
CRANDON - C 0004,Crandon - C 0004,041,55041002092,002092,36,1.000000000000,6740999.000000,6740999.000000
FREEDOM - T 0001,FREEDOM - T 0001,041,55041002093,002093,36,1.000000000000,93072651.000000,93072651.000000
HILES - T 0001,HILES - T 0001,041,55041002094,002094,36,1.000000000000,366860172.000000,366860172.000000
LAONA - T 0001,LAONA - T 0001,041,55041002095,002095,36,1.000000000000,109778144.000000,109778144.000000
LAONA - T 0002,LAONA - T 0002,041,55041002096,002096,36,1.000000000000,83429607.000000,83429607.000000
LAONA - T 0003,LAONA - T 0003,041,55041002097,002097,36,1.000000000000,85477998.000000,85477998.000000
LINCOLN - T 0001,LINCOLN - T 0001,041,55041002098,002098,36,1.000000000000,61116980.000000,61116980.000000
LINCOLN - T 0002,LINCOLN - T 0002,041,55041002099,002099,36,1.000000000000,58462720.000000,58462720.000000
LINCOLN - T 0003,LINCOLN - T 0003,041,55041002100,002100,36,1.000000000000,43687866.000000,43687866.000000
NASHVILLE - T 0001,NASHVILLE - T 0001,041,55041002101,002101,36,1.000000000000,90961004.000000,90961004.000000
NASHVILLE - T 0002,NASHVILLE - T 0002,041,55041002102,002102,36,1.000000000000,9059503.000000,9059503.000000
NASHVILLE - T 0003,NASHVILLE - T 0003,041,55041002103,002103,36,1.000000000000,87453315.000000,87453315.000000
POPPLE RIVER - T 0001,POPPLE RIVER - T 0001,041,55041002104,002104,36,1.000000000000,131603469.000000,131603469.000000
ROSS - T 0001,ROSS - T 0001,041,55041002105,002105,36,1.000000000000,100167444.000000,100167444.000000
WABENO - T 0001,WABENO - T 0001,041,55041002106,002106,36,1.000000000000,8644997.000000,8644997.000000
WABENO - T 0002,WABENO - T 0002,041,55041002107,002107,36,1.000000000000,4146338.000000,4146338.000000
WABENO - T 0003,WABENO - T 0003,041,55041002108,002108,36,1.000000000000,183994943.000000,183994943.000000
WABENO - T 0004,WABENO - T 0004,041,55041002109,002109,36,1.000000000000,81543138.000000,81543138.000000
WABENO - T 0005,WABENO - T 0005,041,55041002110,002110,36,1.000000000000,2103247.000000,2103247.000000
WYALUSING - T 0001,WYALUSING - T 0001,043,55043002112,002112,49,1.000000000000,110315698.000000,110315698.000000
WATERLOO - T 0001,WATERLOO - T 0001,043,55043002113,002113,49,1.000000000000,115655543.000000,115655543.000000
TENNYSON - V 0001,Tennyson - V 0001,043,55043002114,002114,49,1.000000000000,1116393.000000,1116393.000000
SOUTH LANCASTER - T 0002,SOUTH LANCASTER - T 0002,043,55043002115,002115,49,1.000000000000,34767415.000000,34767415.000000
SMELSER - T 0002,SMELSER - T 0002,043,55043002116,002116,49,1.000000000000,13612648.000000,13612648.000000
POTOSI - T 0001,POTOSI - T 0001,043,55043002117,002117,49,1.000000000000,146560124.000000,146560124.000000
POTOSI - V 0001,Potosi - V 0001,043,55043002118,002118,49,1.000000000000,4321857.000000,4321857.000000
PLATTEVILLE - T 0002,PLATTEVILLE - T 0002,043,55043002119,002119,49,1.000000000000,31683283.000000,31683283.000000
PLATTEVILLE - C 0008,Platteville - C 0008,043,55043002120,002120,49,1.000000000000,6476324.000000,6476324.000000
PLATTEVILLE - C 0007,Platteville - C 0007,043,55043002121,002121,49,1.000000000000,1314973.000000,1314973.000000
PLATTEVILLE - C 0006,Platteville - C 0006,043,55043002122,002122,49,1.000000000000,1204942.000000,1204942.000000
PLATTEVILLE - C 0005,Platteville - C 0005,043,55043002123,002123,49,1.000000000000,577356.000000,577356.000000
PLATTEVILLE - C 0004,Platteville - C 0004,043,55043002124,002124,49,1.000000000000,884758.000000,884758.000000
PLATTEVILLE - C 0003,Platteville - C 0003,043,55043002125,002125,49,1.000000000000,778178.000000,778178.000000
PATCH GROVE - T 0001,PATCH GROVE - T 0001,043,55043002126,002126,49,1.000000000000,85362489.000000,85362489.000000
PATCH GROVE - V 0001,Patch Grove - V 0001,043,55043002127,002127,49,1.000000000000,982094.000000,982094.000000
PARIS - T 0002,PARIS - T 0002,043,55043002128,002128,49,1.000000000000,46478880.000000,46478880.000000
MILLVILLE - T 0001,MILLVILLE - T 0001,043,55043002129,002129,49,1.000000000000,56327871.000000,56327871.000000
JAMESTOWN - T 0003,JAMESTOWN - T 0003,043,55043002130,002130,49,1.000000000000,34460465.000000,34460465.000000
JAMESTOWN - T 0002,JAMESTOWN - T 0002,043,55043002131,002131,49,1.000000000000,19649992.000000,19649992.000000
JAMESTOWN - T 0001,JAMESTOWN - T 0001,043,55043002132,002132,49,1.000000000000,33250549.000000,33250549.000000
HAZEL GREEN - T 0002,HAZEL GREEN - T 0002,043,55043002133,002133,49,1.000000000000,43964674.000000,43964674.000000
HAZEL GREEN - T 0001,HAZEL GREEN - T 0001,043,55043002134,002134,49,1.000000000000,46974398.000000,46974398.000000
HAZEL GREEN - V 0002,Hazel Green - V 0002,043,55043002135,002135,51,1.000000000000,1753264.000000,1753264.000000
HAZEL GREEN - V 0001,Hazel Green - V 0001,043,55043002136,002136,51,1.000000000000,1411130.000000,1411130.000000
HARRISON - T 0001,HARRISON - T 0001,043,55043002137,002137,49,1.000000000000,93795475.000000,93795475.000000
GLEN HAVEN - T 0001,GLEN HAVEN - T 0001,043,55043002138,002138,49,1.000000000000,91888771.000000,91888771.000000
FENNIMORE - T 0001,FENNIMORE - T 0001,043,55043002139,002139,49,1.000000000000,61244889.000000,61244889.000000
FENNIMORE - C 0004,Fennimore - C 0004,043,55043002140,002140,49,1.000000000000,1524574.000000,1524574.000000
FENNIMORE - C 0003,Fennimore - C 0003,043,55043002141,002141,49,1.000000000000,1706572.000000,1706572.000000
FENNIMORE - C 0002,Fennimore - C 0002,043,55043002142,002142,49,1.000000000000,577512.000000,577512.000000
FENNIMORE - C 0001,Fennimore - C 0001,043,55043002143,002143,49,1.000000000000,662580.000000,662580.000000
ELLENBORO - T 0001,ELLENBORO - T 0001,043,55043002144,002144,49,1.000000000000,93770822.000000,93770822.000000
DICKEYVILLE - V 0002,Dickeyville - V 0002,043,55043002145,002145,49,1.000000000000,530862.000000,530862.000000
DICKEYVILLE - V 0001,Dickeyville - V 0001,043,55043002146,002146,49,1.000000000000,2077510.000000,2077510.000000
CASSVILLE - T 0001,CASSVILLE - T 0001,043,55043002147,002147,49,1.000000000000,94731272.000000,94731272.000000
CASSVILLE - V 0002,Cassville - V 0002,043,55043002148,002148,49,1.000000000000,1042921.000000,1042921.000000
CASSVILLE - V 0001,Cassville - V 0001,043,55043002149,002149,49,1.000000000000,1810671.000000,1810671.000000
BLOOMINGTON - T 0001,BLOOMINGTON - T 0001,043,55043002150,002150,49,1.000000000000,103579006.000000,103579006.000000
BLOOMINGTON - V 0001,Bloomington - V 0001,043,55043002151,002151,49,1.000000000000,3268406.000000,3268406.000000
BEETOWN - T 0001,BEETOWN - T 0001,043,55043002152,002152,49,1.000000000000,124811106.000000,124811106.000000
BAGLEY - V 0001,Bagley - V 0001,043,55043002153,002153,49,1.000000000000,1911059.000000,1911059.000000
BLUE RIVER - V 0001,Blue River - V 0001,043,55043002154,002154,51,1.000000000000,2360661.000000,2360661.000000
BOSCOBEL - C 0001,Boscobel - C 0001,043,55043002155,002155,49,1.000000000000,3604091.000000,3604091.000000
BOSCOBEL - C 0002,Boscobel - C 0002,043,55043002156,002156,49,1.000000000000,1105699.000000,1105699.000000
BOSCOBEL - C 0003,Boscobel - C 0003,043,55043002157,002157,49,1.000000000000,2683912.000000,2683912.000000
BOSCOBEL - C 0004,Boscobel - C 0004,043,55043002158,002158,49,1.000000000000,991517.000000,991517.000000
BOSCOBEL - T 0001,BOSCOBEL - T 0001,043,55043002159,002159,49,1.000000000000,11533756.000000,11533756.000000
BOSCOBEL - T 0002,BOSCOBEL - T 0002,043,55043002160,002160,49,0.998115976211,6741436.000000,6754161.000000
BOSCOBEL - T 0002,BOSCOBEL - T 0002,043,55043002160,002160,51,0.001884023789,12725.000000,6754161.000000
CASTLE ROCK - T 0001,CASTLE ROCK - T 0001,043,55043002161,002161,51,1.000000000000,92789629.000000,92789629.000000
CLIFTON - T 0001,CLIFTON - T 0001,043,55043002162,002162,51,1.000000000000,74816403.000000,74816403.000000
CLIFTON - T 0002,CLIFTON - T 0002,043,55043002163,002163,51,1.000000000000,17659823.000000,17659823.000000
CUBA CITY - C 0001,Cuba City - C 0001,043,55043002164,002164,51,1.000000000000,1130412.000000,1130412.000000
CUBA CITY - C 0002,Cuba City - C 0002,043,55043002165,002165,51,1.000000000000,570497.000000,570497.000000
CUBA CITY - C 0003,Cuba City - C 0003,043,55043002166,002166,51,1.000000000000,302511.000000,302511.000000
CUBA CITY - C 0004,Cuba City - C 0004,043,55043002167,002167,51,1.000000000000,528701.000000,528701.000000
FENNIMORE - T 0002,FENNIMORE - T 0002,043,55043002168,002168,49,1.000000000000,28064713.000000,28064713.000000
HICKORY GROVE - T 0001,HICKORY GROVE - T 0001,043,55043002169,002169,51,1.000000000000,93958590.000000,93958590.000000
LANCASTER - C 0001,Lancaster - C 0001,043,55043002170,002170,49,1.000000000000,1843837.000000,1843837.000000
LANCASTER - C 0002,Lancaster - C 0002,043,55043002171,002171,49,1.000000000000,1009939.000000,1009939.000000
LANCASTER - C 0003,Lancaster - C 0003,043,55043002172,002172,49,1.000000000000,356277.000000,356277.000000
LANCASTER - C 0004,Lancaster - C 0004,043,55043002173,002173,49,1.000000000000,1552242.000000,1552242.000000
LANCASTER - C 0005,Lancaster - C 0005,043,55043002174,002174,49,1.000000000000,250326.000000,250326.000000
LANCASTER - C 0006,Lancaster - C 0006,043,55043002175,002175,49,1.000000000000,2775722.000000,2775722.000000
LIBERTY - T 0001,LIBERTY - T 0001,043,55043002176,002176,49,1.000000000000,94608512.000000,94608512.000000
LIMA - T 0001,LIMA - T 0001,043,55043002177,002177,49,1.000000000000,94355854.000000,94355854.000000
LITTLE GRANT - T 0001,LITTLE GRANT - T 0001,043,55043002178,002178,49,1.000000000000,93287416.000000,93287416.000000
LIVINGSTON - V 0001,Livingston - V 0001,043,55043002179,002179,51,1.000000000000,2147062.000000,2147062.000000
MARION - T 0001,MARION - T 0001,043,55043002180,002180,49,1.000000000000,92467312.000000,92467312.000000
MONTFORT - V 0001,Montfort - V 0001,043,55043002181,002181,51,1.000000000000,1298520.000000,1298520.000000
MOUNT HOPE - V 0001,Mount Hope - V 0001,043,55043002182,002182,49,1.000000000000,715957.000000,715957.000000
MOUNT HOPE - T 0001,MOUNT HOPE - T 0001,043,55043002183,002183,49,1.000000000000,77251780.000000,77251780.000000
MOUNT IDA - T 0001,MOUNT IDA - T 0001,043,55043002184,002184,49,1.000000000000,93941399.000000,93941399.000000
MUSCODA - V 0001,Muscoda - V 0001,043,55043002185,002185,51,1.000000000000,1508143.000000,1508143.000000
MUSCODA - V 0002,Muscoda - V 0002,043,55043002186,002186,51,1.000000000000,1166007.000000,1166007.000000
MUSCODA - T 0001,MUSCODA - T 0001,043,55043002187,002187,51,1.000000000000,89284051.000000,89284051.000000
NORTH LANCASTER - T 0001,NORTH LANCASTER - T 0001,043,55043002188,002188,49,1.000000000000,89997864.000000,89997864.000000
NORTH LANCASTER - T 0002,NORTH LANCASTER - T 0002,043,55043002189,002189,49,1.000000000000,3208660.000000,3208660.000000
PARIS - T 0001,PARIS - T 0001,043,55043002190,002190,49,1.000000000000,45145357.000000,45145357.000000
PLATTEVILLE - C 0001,Platteville - C 0001,043,55043002191,002191,49,1.000000000000,1661046.000000,1661046.000000
PLATTEVILLE - C 0002,Platteville - C 0002,043,55043002192,002192,49,1.000000000000,915978.000000,915978.000000
PLATTEVILLE - T 0001,PLATTEVILLE - T 0001,043,55043002193,002193,49,1.000000000000,16057261.000000,16057261.000000
PLATTEVILLE - T 0003,PLATTEVILLE - T 0003,043,55043002194,002194,49,1.000000000000,30152217.000000,30152217.000000
SMELSER - T 0001,SMELSER - T 0001,043,55043002195,002195,49,1.000000000000,77303453.000000,77303453.000000
SOUTH LANCASTER - T 0001,SOUTH LANCASTER - T 0001,043,55043002196,002196,49,1.000000000000,12508065.000000,12508065.000000
SOUTH LANCASTER - T 0003,SOUTH LANCASTER - T 0003,043,55043002197,002197,49,1.000000000000,40217595.000000,40217595.000000
WATTERSTOWN - T 0001,WATTERSTOWN - T 0001,043,55043002198,002198,49,0.000758791926,36868.000000,48587760.000000
WATTERSTOWN - T 0001,WATTERSTOWN - T 0001,043,55043002198,002198,51,0.999241208074,48550892.000000,48587760.000000
WATTERSTOWN - T 0002,WATTERSTOWN - T 0002,043,55043002199,002199,51,1.000000000000,25705862.000000,25705862.000000
WINGVILLE - T 0001,WINGVILLE - T 0001,043,55043002200,002200,51,1.000000000000,91897636.000000,91897636.000000
WOODMAN - V 0001,Woodman - V 0001,043,55043002201,002201,49,1.000000000000,638242.000000,638242.000000
WOODMAN - T 0001,WOODMAN - T 0001,043,55043002202,002202,49,1.000000000000,71211345.000000,71211345.000000
PLATTEVILLE - C 0009,Platteville - C 0009,043,55043002203,002203,49,1.000000000000,2220734.000000,2220734.000000
JORDAN - T 0001,JORDAN - T 0001,045,55045002204,002204,50,1.000000000000,93275883.000000,93275883.000000
EXETER - T 0002,EXETER - T 0002,045,55045002205,002205,50,1.000000000000,5073916.000000,5073916.000000
MONROE - C 0007,Monroe - C 0007,045,55045002206,002206,50,1.000000000000,571210.000000,571210.000000
SPRING GROVE - T 0001,SPRING GROVE - T 0001,045,55045002207,002207,50,1.000000000000,103082939.000000,103082939.000000
YORK - T 0001,YORK - T 0001,045,55045002208,002208,50,1.000000000000,93618545.000000,93618545.000000
JEFFERSON - T 0002,JEFFERSON - T 0002,045,55045002209,002209,50,1.000000000000,50201692.000000,50201692.000000
JEFFERSON - T 0001,JEFFERSON - T 0001,045,55045002210,002210,50,1.000000000000,50088189.000000,50088189.000000
BROOKLYN - T 0003,BROOKLYN - T 0003,045,55045002211,002211,50,1.000000000000,15196312.000000,15196312.000000
ADAMS - T 0001,ADAMS - T 0001,045,55045002212,002212,50,1.000000000000,93484929.000000,93484929.000000
MOUNT PLEASANT - T 0002,MOUNT PLEASANT - T 0002,045,55045002213,002213,50,1.000000000000,20269798.000000,20269798.000000
EXETER - T 0003,EXETER - T 0003,045,55045002214,002214,50,1.000000000000,46498313.000000,46498313.000000
BROOKLYN - T 0002,BROOKLYN - T 0002,045,55045002215,002215,50,1.000000000000,20208895.000000,20208895.000000
MONROE - C 0003,Monroe - C 0003,045,55045002216,002216,50,1.000000000000,1274864.000000,1274864.000000
MONROE - C 0004,Monroe - C 0004,045,55045002217,002217,50,1.000000000000,861805.000000,861805.000000
MONROE - C 0001,Monroe - C 0001,045,55045002218,002218,50,1.000000000000,2131341.000000,2131341.000000
MONROE - C 0002,Monroe - C 0002,045,55045002219,002219,50,1.000000000000,920295.000000,920295.000000
CLARNO - T 0002,CLARNO - T 0002,045,55045002220,002220,50,1.000000000000,45245066.000000,45245066.000000
NEW GLARUS - V 0001,New Glarus - V 0001,045,55045002221,002221,50,1.000000000000,1008196.000000,1008196.000000
NEW GLARUS - V 0002,New Glarus - V 0002,045,55045002222,002222,50,1.000000000000,1313872.000000,1313872.000000
NEW GLARUS - V 0003,New Glarus - V 0003,045,55045002223,002223,50,1.000000000000,850822.000000,850822.000000
MONROE - C 0006,Monroe - C 0006,045,55045002224,002224,50,1.000000000000,715934.000000,715934.000000
MONROE - T 0002,MONROE - T 0002,045,55045002225,002225,50,1.000000000000,45484231.000000,45484231.000000
MONROE - C 0008,Monroe - C 0008,045,55045002226,002226,50,1.000000000000,1364811.000000,1364811.000000
MONTICELLO - V 0002,Monticello - V 0002,045,55045002227,002227,50,1.000000000000,1531275.000000,1531275.000000
CADIZ - T 0001,CADIZ - T 0001,045,55045002228,002228,50,1.000000000000,94629481.000000,94629481.000000
BROWNTOWN - V 0001,Browntown - V 0001,045,55045002229,002229,50,1.000000000000,2728705.000000,2728705.000000
EXETER - T 0004,EXETER - T 0004,045,55045002230,002230,50,1.000000000000,29721368.000000,29721368.000000
EXETER - T 0001,EXETER - T 0001,045,55045002231,002231,50,1.000000000000,9802637.000000,9802637.000000
BELLEVILLE - V 0003,Belleville - V 0003,045,55045002232,002232,50,1.000000000000,386313.000000,386313.000000
ALBANY - V 0002,Albany - V 0002,045,55045002233,002233,50,1.000000000000,1464234.000000,1464234.000000
ALBANY - T 0002,ALBANY - T 0002,045,55045002234,002234,50,1.000000000000,46949744.000000,46949744.000000
ALBANY - V 0001,Albany - V 0001,045,55045002235,002235,50,1.000000000000,1889883.000000,1889883.000000
ALBANY - T 0001,ALBANY - T 0001,045,55045002236,002236,50,1.000000000000,42098789.000000,42098789.000000
MONROE - C 0009,Monroe - C 0009,045,55045002237,002237,50,1.000000000000,3898125.000000,3898125.000000
BRODHEAD - C 0005,Brodhead - C 0005,045,55045002238,002238,50,1.000000000000,700113.000000,700113.000000
DECATUR - T 0003,DECATUR - T 0003,045,55045002239,002239,50,1.000000000000,7530703.000000,7530703.000000
BRODHEAD - C 0004,Brodhead - C 0004,045,55045002240,002240,50,1.000000000000,1136149.000000,1136149.000000
NEW GLARUS - T 0001,NEW GLARUS - T 0001,045,55045002241,002241,50,1.000000000000,57633348.000000,57633348.000000
NEW GLARUS - T 0002,NEW GLARUS - T 0002,045,55045002242,002242,50,1.000000000000,30710467.000000,30710467.000000
NEW GLARUS - V 0004,New Glarus - V 0004,045,55045002243,002243,50,1.000000000000,1528706.000000,1528706.000000
MONROE - C 0005,Monroe - C 0005,045,55045002244,002244,50,1.000000000000,1244863.000000,1244863.000000
CLARNO - T 0001,CLARNO - T 0001,045,55045002245,002245,50,1.000000000000,49101853.000000,49101853.000000
BROOKLYN - V 0002,Brooklyn - V 0002,045,55045002246,002246,50,1.000000000000,1463330.000000,1463330.000000
BROOKLYN - T 0001,BROOKLYN - T 0001,045,55045002247,002247,50,1.000000000000,56326627.000000,56326627.000000
BRODHEAD - C 0003,Brodhead - C 0003,045,55045002248,002248,50,1.000000000000,501565.000000,501565.000000
BRODHEAD - C 0002,Brodhead - C 0002,045,55045002249,002249,50,1.000000000000,385138.000000,385138.000000
DECATUR - T 0002,DECATUR - T 0002,045,55045002250,002250,50,1.000000000000,57710203.000000,57710203.000000
BRODHEAD - C 0006,Brodhead - C 0006,045,55045002251,002251,50,1.000000000000,974139.000000,974139.000000
BRODHEAD - C 0001,Brodhead - C 0001,045,55045002252,002252,50,1.000000000000,577688.000000,577688.000000
DECATUR - T 0001,DECATUR - T 0001,045,55045002253,002253,50,1.000000000000,23751134.000000,23751134.000000
WASHINGTON - T 0001,WASHINGTON - T 0001,045,55045002254,002254,50,1.000000000000,93132658.000000,93132658.000000
MOUNT PLEASANT - T 0003,MOUNT PLEASANT - T 0003,045,55045002255,002255,50,1.000000000000,35187085.000000,35187085.000000
MOUNT PLEASANT - T 0001,MOUNT PLEASANT - T 0001,045,55045002256,002256,50,1.000000000000,33308808.000000,33308808.000000
MONTICELLO - V 0001,Monticello - V 0001,045,55045002257,002257,50,1.000000000000,1598963.000000,1598963.000000
MONROE - T 0001,MONROE - T 0001,045,55045002258,002258,50,1.000000000000,38982623.000000,38982623.000000
SYLVESTER - T 0001,SYLVESTER - T 0001,045,55045002259,002259,50,1.000000000000,38514222.000000,38514222.000000
SYLVESTER - T 0002,SYLVESTER - T 0002,045,55045002260,002260,50,1.000000000000,52596314.000000,52596314.000000
MONROE - C 0010,Monroe - C 0010,045,55045002261,002261,50,1.000000000000,1541305.000000,1541305.000000
BERLIN - C 0001,Berlin - C 0001,047,55047002262,002262,39,1.000000000000,1921874.000000,1921874.000000
BERLIN - C 0002,Berlin - C 0002,047,55047002263,002263,39,1.000000000000,976972.000000,976972.000000
BERLIN - C 0003,Berlin - C 0003,047,55047002264,002264,39,1.000000000000,3018320.000000,3018320.000000
BERLIN - C 0004,Berlin - C 0004,047,55047002265,002265,39,1.000000000000,4297576.000000,4297576.000000
BERLIN - C 0005,Berlin - C 0005,047,55047002266,002266,39,1.000000000000,1675432.000000,1675432.000000
BERLIN - C 0006,Berlin - C 0006,047,55047002267,002267,39,1.000000000000,2531772.000000,2531772.000000
GREEN LAKE - C 0001,Green Lake - C 0001,047,55047002268,002268,39,1.000000000000,1724024.000000,1724024.000000
GREEN LAKE - C 0002,Green Lake - C 0002,047,55047002269,002269,39,1.000000000000,2608152.000000,2608152.000000
GREEN LAKE - C 0003,Green Lake - C 0003,047,55047002270,002270,39,1.000000000000,4393329.000000,4393329.000000
MARKESAN - C 0001,Markesan - C 0001,047,55047002271,002271,39,1.000000000000,2015656.000000,2015656.000000
MARKESAN - C 0002,Markesan - C 0002,047,55047002272,002272,39,1.000000000000,818923.000000,818923.000000
MARKESAN - C 0003,Markesan - C 0003,047,55047002273,002273,39,1.000000000000,3230095.000000,3230095.000000
PRINCETON - C 0001,Princeton - C 0001,047,55047002274,002274,39,1.000000000000,961975.000000,961975.000000
PRINCETON - C 0002,Princeton - C 0002,047,55047002275,002275,39,1.000000000000,802941.000000,802941.000000
PRINCETON - C 0003,Princeton - C 0003,047,55047002276,002276,39,1.000000000000,1141090.000000,1141090.000000
PRINCETON - C 0004,Princeton - C 0004,047,55047002277,002277,39,1.000000000000,1351673.000000,1351673.000000
BERLIN - T 0001,BERLIN - T 0001,047,55047002278,002278,39,1.000000000000,62892907.000000,62892907.000000
BERLIN - T 0002,BERLIN - T 0002,047,55047002279,002279,39,1.000000000000,12217414.000000,12217414.000000
BERLIN - T 0003,BERLIN - T 0003,047,55047002280,002280,39,1.000000000000,2631655.000000,2631655.000000
BROOKLYN - T 0002,BROOKLYN - T 0002,047,55047002281,002281,39,1.000000000000,16435217.000000,16435217.000000
GREEN LAKE - T 0001,GREEN LAKE - T 0001,047,55047002282,002282,39,1.000000000000,135599922.000000,135599922.000000
GREEN LAKE - T 0002,GREEN LAKE - T 0002,047,55047002283,002283,39,1.000000000000,3906583.000000,3906583.000000
KINGSTON - T 0001,KINGSTON - T 0001,047,55047002284,002284,39,1.000000000000,39149504.000000,39149504.000000
KINGSTON - T 0002,KINGSTON - T 0002,047,55047002285,002285,39,1.000000000000,37040338.000000,37040338.000000
MACKFORD - T 0001,MACKFORD - T 0001,047,55047002286,002286,39,1.000000000000,88688071.000000,88688071.000000
MANCHESTER - T 0001,MANCHESTER - T 0001,047,55047002287,002287,39,1.000000000000,91546753.000000,91546753.000000
MARQUETTE - T 0001,MARQUETTE - T 0001,047,55047002288,002288,39,1.000000000000,104677020.000000,104677020.000000
PRINCETON - T 0001,PRINCETON - T 0001,047,55047002289,002289,39,1.000000000000,40494991.000000,40494991.000000
PRINCETON - T 0002,PRINCETON - T 0002,047,55047002290,002290,39,1.000000000000,7821396.000000,7821396.000000
PRINCETON - T 0003,PRINCETON - T 0003,047,55047002291,002291,39,1.000000000000,31481633.000000,31481633.000000
PRINCETON - T 0004,PRINCETON - T 0004,047,55047002292,002292,39,1.000000000000,15606077.000000,15606077.000000
ST. MARIE - T 0001,ST. MARIE - T 0001,047,55047002293,002293,39,1.000000000000,52750455.000000,52750455.000000
ST. MARIE - T 0002,ST. MARIE - T 0002,047,55047002294,002294,39,1.000000000000,34158624.000000,34158624.000000
SENECA - T 0001,SENECA - T 0001,047,55047002295,002295,39,1.000000000000,84571212.000000,84571212.000000
KINGSTON - V 0001,Kingston - V 0001,047,55047002296,002296,39,1.000000000000,3946000.000000,3946000.000000
MARQUETTE - V 0001,Marquette - V 0001,047,55047002297,002297,39,1.000000000000,973839.000000,973839.000000
BROOKLYN - T 0003,BROOKLYN - T 0003,047,55047002298,002298,39,1.000000000000,48564985.000000,48564985.000000
GREEN LAKE - C 0005,Green Lake - C 0005,047,55047002299,002299,39,1.000000000000,3073.000000,3073.000000
BROOKLYN - T 0001,BROOKLYN - T 0001,047,55047002300,002300,39,1.000000000000,35765978.000000,35765978.000000
GREEN LAKE - C 0004,Green Lake - C 0004,047,55047002301,002301,39,1.000000000000,123989.000000,123989.000000
MINERAL POINT - C 0001,Mineral Point - C 0001,049,55049002302,002302,51,1.000000000000,2335022.000000,2335022.000000
HIGHLAND - V 0001,Highland - V 0001,049,55049002303,002303,51,1.000000000000,2947370.000000,2947370.000000
DODGEVILLE - C 0004,Dodgeville - C 0004,049,55049002304,002304,51,1.000000000000,1376780.000000,1376780.000000
DODGEVILLE - T 0002,DODGEVILLE - T 0002,049,55049002305,002305,51,1.000000000000,40848457.000000,40848457.000000
MUSCODA - V 0003,Muscoda - V 0003,049,55049002306,002306,51,1.000000000000,1366965.000000,1366965.000000
ARENA - T 0002,ARENA - T 0002,049,55049002307,002307,51,1.000000000000,158620665.000000,158620665.000000
BLANCHARDVILLE - V 0002,Blanchardville - V 0002,049,55049002308,002308,51,1.000000000000,245151.000000,245151.000000
MOSCOW - T 0002,MOSCOW - T 0002,049,55049002309,002309,51,1.000000000000,25625961.000000,25625961.000000
HOLLANDALE - V 0001,Hollandale - V 0001,049,55049002310,002310,51,1.000000000000,1754645.000000,1754645.000000
BARNEVELD - V 0002,Barneveld - V 0002,049,55049002311,002311,51,1.000000000000,2167459.000000,2167459.000000
MOSCOW - T 0001,MOSCOW - T 0001,049,55049002312,002312,51,1.000000000000,81663211.000000,81663211.000000
BARNEVELD - V 0001,Barneveld - V 0001,049,55049002313,002313,51,1.000000000000,2796855.000000,2796855.000000
BRIGHAM - T 0001,BRIGHAM - T 0001,049,55049002314,002314,51,1.000000000000,18783493.000000,18783493.000000
BRIGHAM - T 0002,BRIGHAM - T 0002,049,55049002315,002315,51,1.000000000000,145910829.000000,145910829.000000
ARENA - V 0001,Arena - V 0001,049,55049002316,002316,51,1.000000000000,2994170.000000,2994170.000000
ARENA - T 0001,ARENA - T 0001,049,55049002317,002317,51,1.000000000000,47220876.000000,47220876.000000
RIDGEWAY - V 0001,Ridgeway - V 0001,049,55049002318,002318,51,1.000000000000,3227190.000000,3227190.000000
RIDGEWAY - T 0001,RIDGEWAY - T 0001,049,55049002319,002319,51,1.000000000000,76712898.000000,76712898.000000
WALDWICK - T 0001,WALDWICK - T 0001,049,55049002320,002320,51,1.000000000000,67427012.000000,67427012.000000
RIDGEWAY - T 0002,RIDGEWAY - T 0002,049,55049002321,002321,51,1.000000000000,34084572.000000,34084572.000000
DODGEVILLE - C 0008,Dodgeville - C 0008,049,55049002322,002322,51,1.000000000000,922259.000000,922259.000000
DODGEVILLE - C 0002,Dodgeville - C 0002,049,55049002323,002323,51,1.000000000000,633012.000000,633012.000000
DODGEVILLE - T 0004,DODGEVILLE - T 0004,049,55049002324,002324,51,1.000000000000,17545542.000000,17545542.000000
DODGEVILLE - C 0005,Dodgeville - C 0005,049,55049002325,002325,51,1.000000000000,1349933.000000,1349933.000000
DODGEVILLE - C 0010,Dodgeville - C 0010,049,55049002326,002326,51,1.000000000000,1200773.000000,1200773.000000
DODGEVILLE - T 0001,DODGEVILLE - T 0001,049,55049002327,002327,51,1.000000000000,70660342.000000,70660342.000000
DODGEVILLE - C 0009,Dodgeville - C 0009,049,55049002328,002328,51,1.000000000000,2071487.000000,2071487.000000
DODGEVILLE - T 0003,DODGEVILLE - T 0003,049,55049002329,002329,51,1.000000000000,103217980.000000,103217980.000000
DODGEVILLE - C 0001,Dodgeville - C 0001,049,55049002330,002330,51,1.000000000000,1106166.000000,1106166.000000
DODGEVILLE - C 0003,Dodgeville - C 0003,049,55049002331,002331,51,1.000000000000,356111.000000,356111.000000
DODGEVILLE - C 0007,Dodgeville - C 0007,049,55049002332,002332,51,1.000000000000,811147.000000,811147.000000
DODGEVILLE - C 0006,Dodgeville - C 0006,049,55049002333,002333,51,1.000000000000,693267.000000,693267.000000
MINERAL POINT - C 0006,Mineral Point - C 0006,049,55049002334,002334,51,1.000000000000,421753.000000,421753.000000
MINERAL POINT - C 0005,Mineral Point - C 0005,049,55049002335,002335,51,1.000000000000,1293424.000000,1293424.000000
MINERAL POINT - C 0004,Mineral Point - C 0004,049,55049002336,002336,51,1.000000000000,575409.000000,575409.000000
MINERAL POINT - C 0002,Mineral Point - C 0002,049,55049002337,002337,51,1.000000000000,1728099.000000,1728099.000000
LINDEN - V 0001,Linden - V 0001,049,55049002338,002338,51,1.000000000000,2021356.000000,2021356.000000
MINERAL POINT - C 0003,Mineral Point - C 0003,049,55049002339,002339,51,1.000000000000,1348579.000000,1348579.000000
MINERAL POINT - T 0001,MINERAL POINT - T 0001,049,55049002340,002340,51,1.000000000000,98264706.000000,98264706.000000
WALDWICK - T 0002,WALDWICK - T 0002,049,55049002341,002341,51,1.000000000000,41134644.000000,41134644.000000
MINERAL POINT - T 0002,MINERAL POINT - T 0002,049,55049002342,002342,51,1.000000000000,55047978.000000,55047978.000000
LINDEN - T 0002,LINDEN - T 0002,049,55049002343,002343,51,1.000000000000,27763559.000000,27763559.000000
MIFFLIN - T 0002,MIFFLIN - T 0002,049,55049002344,002344,51,1.000000000000,17614486.000000,17614486.000000
LINDEN - T 0001,LINDEN - T 0001,049,55049002345,002345,51,1.000000000000,62691712.000000,62691712.000000
LINDEN - T 0003,LINDEN - T 0003,049,55049002346,002346,51,1.000000000000,66743238.000000,66743238.000000
REWEY - V 0001,Rewey - V 0001,049,55049002347,002347,51,1.000000000000,1312264.000000,1312264.000000
LIVINGSTON - V 0002,Livingston - V 0002,049,55049002348,002348,51,1.000000000000,545460.000000,545460.000000
MIFFLIN - T 0001,MIFFLIN - T 0001,049,55049002349,002349,51,1.000000000000,113549502.000000,113549502.000000
HIGHLAND - T 0001,HIGHLAND - T 0001,049,55049002350,002350,51,1.000000000000,57777583.000000,57777583.000000
HIGHLAND - T 0002,HIGHLAND - T 0002,049,55049002351,002351,51,1.000000000000,110178944.000000,110178944.000000
EDEN - T 0001,EDEN - T 0001,049,55049002352,002352,51,1.000000000000,91230661.000000,91230661.000000
MONTFORT - V 0002,Montfort - V 0002,049,55049002353,002353,51,1.000000000000,93264.000000,93264.000000
COBB - V 0001,Cobb - V 0001,049,55049002354,002354,51,1.000000000000,2308787.000000,2308787.000000
AVOCA - V 0001,Avoca - V 0001,049,55049002355,002355,51,1.000000000000,6337047.000000,6337047.000000
PULASKI - T 0001,PULASKI - T 0001,049,55049002356,002356,51,1.000000000000,115283917.000000,115283917.000000
WYOMING - T 0002,WYOMING - T 0002,049,55049002357,002357,51,1.000000000000,61426575.000000,61426575.000000
WYOMING - T 0001,WYOMING - T 0001,049,55049002358,002358,51,1.000000000000,44239926.000000,44239926.000000
CLYDE - T 0001,CLYDE - T 0001,049,55049002359,002359,51,1.000000000000,89639755.000000,89639755.000000
ANDERSON - T 0001,ANDERSON - T 0001,051,55051002360,002360,74,1.000000000000,216745797.000000,216745797.000000
CAREY - T 0001,CAREY - T 0001,051,55051002361,002361,74,1.000000000000,111331221.000000,111331221.000000
GURNEY - T 0001,GURNEY - T 0001,051,55051002362,002362,74,1.000000000000,95542241.000000,95542241.000000
HURLEY - C 0002,Hurley - C 0002,051,55051002363,002363,74,1.000000000000,452745.000000,452745.000000
KIMBALL - T 0001,KIMBALL - T 0001,051,55051002364,002364,74,1.000000000000,95837032.000000,95837032.000000
KNIGHT - T 0001,KNIGHT - T 0001,051,55051002365,002365,74,1.000000000000,245978054.000000,245978054.000000
OMA - T 0001,OMA - T 0001,051,55051002366,002366,74,1.000000000000,200907878.000000,200907878.000000
PENCE - T 0001,PENCE - T 0001,051,55051002367,002367,74,1.000000000000,93966955.000000,93966955.000000
SHERMAN - T 0001,SHERMAN - T 0001,051,55051002369,002369,74,1.000000000000,353881167.000000,353881167.000000
MERCER - T 0003,MERCER - T 0003,051,55051002370,002370,74,1.000000000000,6908407.000000,6908407.000000
MERCER - T 0001,MERCER - T 0001,051,55051002371,002371,74,1.000000000000,149403590.000000,149403590.000000
MONTREAL - C 0001,Montreal - C 0001,051,55051002372,002372,74,1.000000000000,3128837.000000,3128837.000000
MONTREAL - C 0002,Montreal - C 0002,051,55051002373,002373,74,1.000000000000,2660334.000000,2660334.000000
HURLEY - C 0003,Hurley - C 0003,051,55051002374,002374,74,1.000000000000,769921.000000,769921.000000
HURLEY - C 0004,Hurley - C 0004,051,55051002375,002375,74,1.000000000000,5492826.000000,5492826.000000
MERCER - T 0004,MERCER - T 0004,051,55051002376,002376,74,1.000000000000,97117952.000000,97117952.000000
MERCER - T 0002,MERCER - T 0002,051,55051002377,002377,74,1.000000000000,225302533.000000,225302533.000000
SAXON - T 0001,SAXON - T 0001,051,55051002378,002378,73,0.629622245271,297907165.000000,473152223.000000
SAXON - T 0001,SAXON - T 0001,051,55051002378,002378,74,0.370377754729,175245058.000000,473152223.000000
HURLEY - C 0001,Hurley - C 0001,051,55051002382,002382,74,1.000000000000,2043980.000000,2043980.000000
GARFIELD - T 0001,GARFIELD - T 0001,053,55053002383,002383,70,1.000000000000,93292223.000000,93292223.000000
CLEVELAND - T 0001,CLEVELAND - T 0001,053,55053002384,002384,70,1.000000000000,93019808.000000,93019808.000000
NORTHFIELD - T 0001,NORTHFIELD - T 0001,053,55053002385,002385,70,1.000000000000,93222410.000000,93222410.000000
GARDEN VALLEY - T 0001,GARDEN VALLEY - T 0001,053,55053002386,002386,70,1.000000000000,93546968.000000,93546968.000000
CURRAN - T 0001,CURRAN - T 0001,053,55053002387,002387,70,1.000000000000,93796587.000000,93796587.000000
FRANKLIN - T 0001,FRANKLIN - T 0001,053,55053002388,002388,70,1.000000000000,94792829.000000,94792829.000000
NORTH BEND - T 0001,NORTH BEND - T 0001,053,55053002389,002389,70,1.000000000000,73386241.000000,73386241.000000
BEAR BLUFF - T 0001,BEAR BLUFF - T 0001,053,55053002390,002390,70,1.000000000000,145246776.000000,145246776.000000
MILLSTON - T 0001,MILLSTON - T 0001,053,55053002391,002391,70,1.000000000000,187642092.000000,187642092.000000
MANCHESTER - T 0001,MANCHESTER - T 0001,053,55053002392,002392,70,1.000000000000,165797488.000000,165797488.000000
MELROSE - T 0001,MELROSE - T 0001,053,55053002393,002393,70,1.000000000000,71633814.000000,71633814.000000
MELROSE - V 0001,Melrose - V 0001,053,55053002394,002394,70,1.000000000000,2156000.000000,2156000.000000
KNAPP - T 0001,KNAPP - T 0001,053,55053002395,002395,70,1.000000000000,184732716.000000,184732716.000000
CITY POINT - T 0001,CITY POINT - T 0001,053,55053002396,002396,70,1.000000000000,234238755.000000,234238755.000000
HIXTON - T 0002,HIXTON - T 0002,053,55053002397,002397,70,1.000000000000,60751865.000000,60751865.000000
HIXTON - V 0001,Hixton - V 0001,053,55053002398,002398,70,1.000000000000,2954458.000000,2954458.000000
HIXTON - T 0001,HIXTON - T 0001,053,55053002399,002399,70,1.000000000000,29815646.000000,29815646.000000
ALMA - T 0001,ALMA - T 0001,053,55053002400,002400,70,1.000000000000,75937045.000000,75937045.000000
ALMA - T 0005,ALMA - T 0005,053,55053002401,002401,70,1.000000000000,21188.000000,21188.000000
ALMA - T 0002,ALMA - T 0002,053,55053002402,002402,70,1.000000000000,59470856.000000,59470856.000000
ALMA CENTER - V 0001,Alma Center - V 0001,053,55053002403,002403,70,1.000000000000,2596008.000000,2596008.000000
MERRILLAN - V 0001,Merrillan - V 0001,053,55053002404,002404,70,1.000000000000,3676561.000000,3676561.000000
ALMA - T 0003,ALMA - T 0003,053,55053002405,002405,70,1.000000000000,9054933.000000,9054933.000000
ALMA - T 0004,ALMA - T 0004,053,55053002406,002406,70,1.000000000000,5610897.000000,5610897.000000
IRVING - T 0001,IRVING - T 0001,053,55053002407,002407,70,1.000000000000,62630211.000000,62630211.000000
IRVING - T 0002,IRVING - T 0002,053,55053002408,002408,70,1.000000000000,26260383.000000,26260383.000000
IRVING - T 0003,IRVING - T 0003,053,55053002409,002409,70,1.000000000000,27234016.000000,27234016.000000
SPRINGFIELD - T 0001,SPRINGFIELD - T 0001,053,55053002410,002410,70,1.000000000000,94509807.000000,94509807.000000
TAYLOR - V 0001,Taylor - V 0001,053,55053002411,002411,70,1.000000000000,1888135.000000,1888135.000000
ALBION - T 0002,ALBION - T 0002,053,55053002412,002412,70,1.000000000000,52971932.000000,52971932.000000
ALBION - T 0001,ALBION - T 0001,053,55053002413,002413,70,1.000000000000,5253098.000000,5253098.000000
ALBION - T 0004,ALBION - T 0004,053,55053002414,002414,70,1.000000000000,23956865.000000,23956865.000000
ALBION - T 0003,ALBION - T 0003,053,55053002415,002415,70,1.000000000000,36231387.000000,36231387.000000
ADAMS - T 0002,ADAMS - T 0002,053,55053002416,002416,70,1.000000000000,49135847.000000,49135847.000000
ADAMS - T 0001,ADAMS - T 0001,053,55053002417,002417,70,1.000000000000,45000308.000000,45000308.000000
ADAMS - T 0003,ADAMS - T 0003,053,55053002418,002418,70,1.000000000000,1044534.000000,1044534.000000
BLACK RIVER FALLS - C 0004,Black River Falls - C 0004,053,55053002419,002419,70,1.000000000000,2204097.000000,2204097.000000
BLACK RIVER FALLS - C 0002,Black River Falls - C 0002,053,55053002420,002420,70,1.000000000000,1431956.000000,1431956.000000
BLACK RIVER FALLS - C 0001,Black River Falls - C 0001,053,55053002421,002421,70,1.000000000000,2108851.000000,2108851.000000
BROCKWAY - T 0002,BROCKWAY - T 0002,053,55053002422,002422,70,1.000000000000,56114418.000000,56114418.000000
BROCKWAY - T 0004,BROCKWAY - T 0004,053,55053002423,002423,70,1.000000000000,16247714.000000,16247714.000000
BROCKWAY - T 0003,BROCKWAY - T 0003,053,55053002424,002424,70,1.000000000000,36723982.000000,36723982.000000
BROCKWAY - T 0001,BROCKWAY - T 0001,053,55053002425,002425,70,1.000000000000,9937302.000000,9937302.000000
BROCKWAY - T 0006,BROCKWAY - T 0006,053,55053002426,002426,70,1.000000000000,607726.000000,607726.000000
KOMENSKY - T 0001,KOMENSKY - T 0001,053,55053002427,002427,70,1.000000000000,154100913.000000,154100913.000000
BLACK RIVER FALLS - C 0003,Black River Falls - C 0003,053,55053002428,002428,70,1.000000000000,5196295.000000,5196295.000000
BROCKWAY - T 0005,BROCKWAY - T 0005,053,55053002429,002429,70,1.000000000000,4042132.000000,4042132.000000
FORT ATKINSON - C 0006,Fort Atkinson - C 0006,055,55055002431,002431,46,1.000000000000,1104357.000000,1104357.000000
WATERTOWN - C 0009,Watertown - C 0009,055,55055002432,002432,38,1.000000000000,1205176.000000,1205176.000000
WHITEWATER - C 0012,Whitewater - C 0012,055,55055002433,002433,43,1.000000000000,252433.000000,252433.000000
JEFFERSON - C 0010,Jefferson - C 0010,055,55055002434,002434,38,1.000000000000,674604.000000,674604.000000
WATERLOO - C 0001,Waterloo - C 0001,055,55055002435,002435,46,1.000000000000,1444342.000000,1444342.000000
IXONIA - T 0006,IXONIA - T 0006,055,55055002436,002436,99,1.000000000000,7765191.000000,7765191.000000
FORT ATKINSON - C 0007,Fort Atkinson - C 0007,055,55055002437,002437,46,1.000000000000,1158880.000000,1158880.000000
WATERTOWN - C 0010,Watertown - C 0010,055,55055002438,002438,38,1.000000000000,915130.000000,915130.000000
FORT ATKINSON - C 0002,Fort Atkinson - C 0002,055,55055002439,002439,46,1.000000000000,1497912.000000,1497912.000000
FORT ATKINSON - C 0005,Fort Atkinson - C 0005,055,55055002440,002440,46,1.000000000000,3820500.000000,3820500.000000
OAKLAND - T 0002,OAKLAND - T 0002,055,55055002441,002441,46,1.000000000000,3557878.000000,3557878.000000
WATERTOWN - C 0012,Watertown - C 0012,055,55055002442,002442,38,1.000000000000,719692.000000,719692.000000
FORT ATKINSON - C 0008,Fort Atkinson - C 0008,055,55055002443,002443,46,1.000000000000,2458611.000000,2458611.000000
WATERLOO - C 0004,Waterloo - C 0004,055,55055002444,002444,46,1.000000000000,245562.000000,245562.000000
KOSHKONONG - T 0004,KOSHKONONG - T 0004,055,55055002445,002445,46,1.000000000000,18727344.000000,18727344.000000
WATERTOWN - C 0015,Watertown - C 0015,055,55055002446,002446,38,1.000000000000,1074590.000000,1074590.000000
FORT ATKINSON - C 0004,Fort Atkinson - C 0004,055,55055002447,002447,46,1.000000000000,711014.000000,711014.000000
WATERTOWN - C 0011,Watertown - C 0011,055,55055002448,002448,38,1.000000000000,749271.000000,749271.000000
FORT ATKINSON - C 0009,Fort Atkinson - C 0009,055,55055002449,002449,46,1.000000000000,1804237.000000,1804237.000000
WATERTOWN - C 0018,Watertown - C 0018,055,55055002450,002450,38,1.000000000000,1799934.000000,1799934.000000
KOSHKONONG - T 0005,KOSHKONONG - T 0005,055,55055002451,002451,46,1.000000000000,24010877.000000,24010877.000000
FORT ATKINSON - C 0003,Fort Atkinson - C 0003,055,55055002453,002453,46,1.000000000000,760077.000000,760077.000000
KOSHKONONG - T 0001,KOSHKONONG - T 0001,055,55055002454,002454,46,1.000000000000,11388683.000000,11388683.000000
FORT ATKINSON - C 0001,Fort Atkinson - C 0001,055,55055002455,002455,46,1.000000000000,1782789.000000,1782789.000000
JEFFERSON - C 0004,Jefferson - C 0004,055,55055002456,002456,38,1.000000000000,813378.000000,813378.000000
JEFFERSON - C 0011,Jefferson - C 0011,055,55055002457,002457,38,1.000000000000,24624.000000,24624.000000
JEFFERSON - C 0003,Jefferson - C 0003,055,55055002458,002458,38,1.000000000000,1743511.000000,1743511.000000
JEFFERSON - C 0002,Jefferson - C 0002,055,55055002459,002459,38,1.000000000000,1891704.000000,1891704.000000
JOHNSON CREEK - V 0001,Johnson Creek - V 0001,055,55055002460,002460,38,1.000000000000,1559950.000000,1559950.000000
LAKE MILLS - C 0002,Lake Mills - C 0002,055,55055002461,002461,46,1.000000000000,1329932.000000,1329932.000000
PALMYRA - V 0001,Palmyra - V 0001,055,55055002462,002462,97,1.000000000000,3760364.000000,3760364.000000
PALMYRA - V 0002,Palmyra - V 0002,055,55055002463,002463,97,1.000000000000,1956935.000000,1956935.000000
WATERTOWN - C 0019,Watertown - C 0019,055,55055002464,002464,38,1.000000000000,12187.000000,12187.000000
LAKE MILLS - C 0008,Lake Mills - C 0008,055,55055002465,002465,46,1.000000000000,300363.000000,300363.000000
LAKE MILLS - C 0005,Lake Mills - C 0005,055,55055002466,002466,46,1.000000000000,327182.000000,327182.000000
LAKE MILLS - C 0004,Lake Mills - C 0004,055,55055002467,002467,46,1.000000000000,1217495.000000,1217495.000000
MILFORD - T 0002,MILFORD - T 0002,055,55055002468,002468,38,1.000000000000,41170301.000000,41170301.000000
MILFORD - T 0001,MILFORD - T 0001,055,55055002469,002469,38,1.000000000000,49355712.000000,49355712.000000
WATERLOO - C 0005,Waterloo - C 0005,055,55055002470,002470,46,1.000000000000,3399146.000000,3399146.000000
WATERLOO - C 0003,Waterloo - C 0003,055,55055002471,002471,46,1.000000000000,2130216.000000,2130216.000000
WATERLOO - C 0002,Waterloo - C 0002,055,55055002472,002472,46,1.000000000000,2799706.000000,2799706.000000
WATERLOO - T 0001,WATERLOO - T 0001,055,55055002473,002473,46,1.000000000000,83862973.000000,83862973.000000
WATERTOWN - C 0013,Watertown - C 0013,055,55055002474,002474,38,1.000000000000,1549940.000000,1549940.000000
WATERTOWN - C 0014,Watertown - C 0014,055,55055002475,002475,38,1.000000000000,1233581.000000,1233581.000000
WATERTOWN - C 0016,Watertown - C 0016,055,55055002476,002476,38,1.000000000000,6036909.000000,6036909.000000
WATERTOWN - C 0017,Watertown - C 0017,055,55055002477,002477,38,1.000000000000,3523632.000000,3523632.000000
WATERTOWN - C 0008,Watertown - C 0008,055,55055002478,002478,38,1.000000000000,2410979.000000,2410979.000000
WATERTOWN - T 0001,WATERTOWN - T 0001,055,55055002479,002479,38,1.000000000000,61679932.000000,61679932.000000
LAC LA BELLE - V 0002,Lac La Belle - V 0002,055,55055002480,002480,99,1.000000000000,771395.000000,771395.000000
IXONIA - T 0002,IXONIA - T 0002,055,55055002481,002481,99,1.000000000000,28805115.000000,28805115.000000
IXONIA - T 0003,IXONIA - T 0003,055,55055002482,002482,99,1.000000000000,848723.000000,848723.000000
CONCORD - T 0003,CONCORD - T 0003,055,55055002483,002483,97,1.000000000000,31529771.000000,31529771.000000
IXONIA - T 0005,IXONIA - T 0005,055,55055002484,002484,99,1.000000000000,6282698.000000,6282698.000000
IXONIA - T 0004,IXONIA - T 0004,055,55055002485,002485,99,1.000000000000,27459192.000000,27459192.000000
IXONIA - T 0001,IXONIA - T 0001,055,55055002486,002486,99,1.000000000000,22740047.000000,22740047.000000
WATERTOWN - T 0002,WATERTOWN - T 0002,055,55055002487,002487,38,1.000000000000,36367426.000000,36367426.000000
LAKE MILLS - C 0006,Lake Mills - C 0006,055,55055002488,002488,46,1.000000000000,1352422.000000,1352422.000000
LAKE MILLS - C 0007,Lake Mills - C 0007,055,55055002489,002489,46,1.000000000000,1920726.000000,1920726.000000
LAKE MILLS - T 0003,LAKE MILLS - T 0003,055,55055002490,002490,46,1.000000000000,49683700.000000,49683700.000000
LAKE MILLS - C 0003,Lake Mills - C 0003,055,55055002491,002491,46,1.000000000000,2391232.000000,2391232.000000
LAKE MILLS - T 0001,LAKE MILLS - T 0001,055,55055002492,002492,46,1.000000000000,12864109.000000,12864109.000000
WHITEWATER - C 0010,Whitewater - C 0010,055,55055002493,002493,43,1.000000000000,570823.000000,570823.000000
KOSHKONONG - T 0003,KOSHKONONG - T 0003,055,55055002494,002494,46,1.000000000000,28820516.000000,28820516.000000
PALMYRA - T 0002,PALMYRA - T 0002,055,55055002495,002495,97,1.000000000000,4060651.000000,4060651.000000
JOHNSON CREEK - V 0002,Johnson Creek - V 0002,055,55055002496,002496,38,1.000000000000,927791.000000,927791.000000
JOHNSON CREEK - V 0003,Johnson Creek - V 0003,055,55055002497,002497,38,1.000000000000,5389300.000000,5389300.000000
CAMBRIDGE - V 0001,Cambridge - V 0001,055,55055002500,002500,46,1.000000000000,413895.000000,413895.000000
AZTALAN - T 0002,AZTALAN - T 0002,055,55055002501,002501,38,1.000000000000,18900550.000000,18900550.000000
FARMINGTON - T 0002,FARMINGTON - T 0002,055,55055002502,002502,38,1.000000000000,36129673.000000,36129673.000000
KOSHKONONG - T 0006,KOSHKONONG - T 0006,055,55055002503,002503,46,1.000000000000,7823550.000000,7823550.000000
OAKLAND - T 0004,OAKLAND - T 0004,055,55055002504,002504,46,1.000000000000,24025883.000000,24025883.000000
OAKLAND - T 0001,OAKLAND - T 0001,055,55055002505,002505,46,1.000000000000,35506312.000000,35506312.000000
SUMNER - T 0001,SUMNER - T 0001,055,55055002506,002506,46,1.000000000000,81332368.000000,81332368.000000
KOSHKONONG - T 0002,KOSHKONONG - T 0002,055,55055002507,002507,46,1.000000000000,19528737.000000,19528737.000000
FARMINGTON - T 0001,FARMINGTON - T 0001,055,55055002508,002508,38,1.000000000000,55111820.000000,55111820.000000
CONCORD - T 0002,CONCORD - T 0002,055,55055002509,002509,97,1.000000000000,37962416.000000,37962416.000000
CONCORD - T 0001,CONCORD - T 0001,055,55055002510,002510,97,1.000000000000,24501689.000000,24501689.000000
SULLIVAN - V 0001,Sullivan - V 0001,055,55055002511,002511,97,1.000000000000,2941238.000000,2941238.000000
COLD SPRING - T 0001,COLD SPRING - T 0001,055,55055002512,002512,43,1.000000000000,58465799.000000,58465799.000000
WHITEWATER - C 0011,Whitewater - C 0011,055,55055002513,002513,43,1.000000000000,6571093.000000,6571093.000000
OAKLAND - T 0003,OAKLAND - T 0003,055,55055002514,002514,46,1.000000000000,30385503.000000,30385503.000000
JEFFERSON - C 0008,Jefferson - C 0008,055,55055002515,002515,38,1.000000000000,926785.000000,926785.000000
JEFFERSON - C 0009,Jefferson - C 0009,055,55055002516,002516,38,1.000000000000,786445.000000,786445.000000
JEFFERSON - C 0007,Jefferson - C 0007,055,55055002517,002517,38,0.994982856906,2301861.000000,2313468.000000
JEFFERSON - C 0007,Jefferson - C 0007,055,55055002517,002517,46,0.005017143094,11607.000000,2313468.000000
JEFFERSON - C 0006,Jefferson - C 0006,055,55055002518,002518,38,1.000000000000,982902.000000,982902.000000
JEFFERSON - C 0005,Jefferson - C 0005,055,55055002519,002519,38,1.000000000000,2148784.000000,2148784.000000
AZTALAN - T 0001,AZTALAN - T 0001,055,55055002520,002520,46,1.000000000000,45100404.000000,45100404.000000
JEFFERSON - T 0003,JEFFERSON - T 0003,055,55055002521,002521,46,1.000000000000,48010134.000000,48010134.000000
JEFFERSON - T 0002,JEFFERSON - T 0002,055,55055002522,002522,38,0.999968655679,38889398.000000,38890617.000000
JEFFERSON - T 0002,JEFFERSON - T 0002,055,55055002522,002522,46,0.000031344321,1219.000000,38890617.000000
JEFFERSON - C 0001,Jefferson - C 0001,055,55055002523,002523,38,1.000000000000,3310472.000000,3310472.000000
HEBRON - T 0002,HEBRON - T 0002,055,55055002524,002524,97,1.000000000000,32168195.000000,32168195.000000
JEFFERSON - T 0001,JEFFERSON - T 0001,055,55055002525,002525,38,1.000000000000,24334391.000000,24334391.000000
SULLIVAN - T 0001,SULLIVAN - T 0001,055,55055002526,002526,97,1.000000000000,39736800.000000,39736800.000000
SULLIVAN - T 0003,SULLIVAN - T 0003,055,55055002527,002527,97,1.000000000000,20485372.000000,20485372.000000
HEBRON - T 0001,HEBRON - T 0001,055,55055002528,002528,97,1.000000000000,42890615.000000,42890615.000000
PALMYRA - T 0001,PALMYRA - T 0001,055,55055002529,002529,97,1.000000000000,84465563.000000,84465563.000000
SULLIVAN - T 0002,SULLIVAN - T 0002,055,55055002530,002530,97,1.000000000000,32106350.000000,32106350.000000
LAKE MILLS - C 0001,Lake Mills - C 0001,055,55055002531,002531,46,1.000000000000,2764854.000000,2764854.000000
LAKE MILLS - T 0002,LAKE MILLS - T 0002,055,55055002532,002532,46,1.000000000000,21766089.000000,21766089.000000
ARMENIA - T 0001,ARMENIA - T 0001,057,55057002533,002533,72,1.000000000000,203906866.000000,203906866.000000
CAMP DOUGLAS - V 0001,Camp Douglas - V 0001,057,55057002534,002534,72,1.000000000000,2591614.000000,2591614.000000
CLEARFIELD - T 0001,CLEARFIELD - T 0001,057,55057002535,002535,72,1.000000000000,78003143.000000,78003143.000000
CLEARFIELD - T 0002,CLEARFIELD - T 0002,057,55057002536,002536,72,1.000000000000,14518274.000000,14518274.000000
CUTLER - T 0001,CUTLER - T 0001,057,55057002537,002537,72,1.000000000000,139893393.000000,139893393.000000
ELROY - C 0001,Elroy - C 0001,057,55057002538,002538,70,1.000000000000,972857.000000,972857.000000
ELROY - C 0002,Elroy - C 0002,057,55057002539,002539,70,1.000000000000,978341.000000,978341.000000
ELROY - C 0003,Elroy - C 0003,057,55057002540,002540,70,1.000000000000,1616004.000000,1616004.000000
ELROY - C 0004,Elroy - C 0004,057,55057002541,002541,70,1.000000000000,1117282.000000,1117282.000000
ELROY - C 0005,Elroy - C 0005,057,55057002542,002542,70,1.000000000000,108033.000000,108033.000000
ELROY - C 0006,Elroy - C 0006,057,55057002543,002543,70,1.000000000000,47456.000000,47456.000000
ELROY - C 0007,Elroy - C 0007,057,55057002544,002544,70,1.000000000000,265995.000000,265995.000000
FINLEY - T 0001,FINLEY - T 0001,057,55057002545,002545,72,1.000000000000,99600132.000000,99600132.000000
FOUNTAIN - T 0001,FOUNTAIN - T 0001,057,55057002546,002546,70,1.000000000000,70768457.000000,70768457.000000
FOUNTAIN - T 0002,FOUNTAIN - T 0002,057,55057002547,002547,70,1.000000000000,8880835.000000,8880835.000000
GERMANTOWN - T 0001,GERMANTOWN - T 0001,057,55057002548,002548,72,1.000000000000,21921456.000000,21921456.000000
GERMANTOWN - T 0002,GERMANTOWN - T 0002,057,55057002549,002549,72,1.000000000000,66332043.000000,66332043.000000
GERMANTOWN - T 0003,GERMANTOWN - T 0003,057,55057002550,002550,72,1.000000000000,26900376.000000,26900376.000000
HUSTLER - V 0001,Hustler - V 0001,057,55057002551,002551,70,1.000000000000,1807113.000000,1807113.000000
KILDARE - T 0001,KILDARE - T 0001,057,55057002552,002552,41,0.999337854846,73904605.000000,73953573.000000
KILDARE - T 0001,KILDARE - T 0001,057,55057002552,002552,70,0.000662145154,48968.000000,73953573.000000
KINGSTON - T 0001,KINGSTON - T 0001,057,55057002553,002553,72,1.000000000000,147687092.000000,147687092.000000
LEMONWEIR - T 0001,LEMONWEIR - T 0001,057,55057002554,002554,70,1.000000000000,32967278.000000,32967278.000000
LEMONWEIR - T 0002,LEMONWEIR - T 0002,057,55057002555,002555,70,1.000000000000,15584212.000000,15584212.000000
LEMONWEIR - T 0003,LEMONWEIR - T 0003,057,55057002556,002556,70,1.000000000000,33517778.000000,33517778.000000
LEMONWEIR - T 0004,LEMONWEIR - T 0004,057,55057002557,002557,70,1.000000000000,27029352.000000,27029352.000000
LINDINA - T 0001,LINDINA - T 0001,057,55057002558,002558,70,1.000000000000,84857415.000000,84857415.000000
LISBON - T 0001,LISBON - T 0001,057,55057002559,002559,70,1.000000000000,46184119.000000,46184119.000000
LISBON - T 0002,LISBON - T 0002,057,55057002560,002560,70,1.000000000000,26011732.000000,26011732.000000
LISBON - T 0003,LISBON - T 0003,057,55057002561,002561,70,1.000000000000,867487.000000,867487.000000
LYNDON - T 0001,LYNDON - T 0001,057,55057002562,002562,41,1.000000000000,48749997.000000,48749997.000000
LYNDON - T 0002,LYNDON - T 0002,057,55057002563,002563,41,1.000000000000,3481645.000000,3481645.000000
LYNDON - T 0003,LYNDON - T 0003,057,55057002564,002564,41,1.000000000000,23835914.000000,23835914.000000
LYNDON STATION - V 0001,Lyndon Station - V 0001,057,55057002565,002565,41,1.000000000000,5473715.000000,5473715.000000
MARION - T 0001,MARION - T 0001,057,55057002566,002566,70,1.000000000000,63044084.000000,63044084.000000
MAUSTON - C 0001,Mauston - C 0001,057,55057002567,002567,70,1.000000000000,4928048.000000,4928048.000000
MAUSTON - C 0002,Mauston - C 0002,057,55057002568,002568,70,1.000000000000,2102036.000000,2102036.000000
MAUSTON - C 0003,Mauston - C 0003,057,55057002569,002569,70,1.000000000000,2106519.000000,2106519.000000
MAUSTON - C 0004,Mauston - C 0004,057,55057002570,002570,70,1.000000000000,597341.000000,597341.000000
MAUSTON - C 0005,Mauston - C 0005,057,55057002571,002571,70,1.000000000000,494445.000000,494445.000000
MAUSTON - C 0006,Mauston - C 0006,057,55057002572,002572,70,1.000000000000,1676704.000000,1676704.000000
MAUSTON - C 0007,Mauston - C 0007,057,55057002573,002573,70,1.000000000000,774548.000000,774548.000000
NECEDAH - V 0001,Necedah - V 0001,057,55057002574,002574,72,1.000000000000,7964043.000000,7964043.000000
NECEDAH - T 0001,NECEDAH - T 0001,057,55057002575,002575,72,1.000000000000,100293524.000000,100293524.000000
NECEDAH - T 0002,NECEDAH - T 0002,057,55057002576,002576,72,1.000000000000,75466209.000000,75466209.000000
NECEDAH - T 0003,NECEDAH - T 0003,057,55057002577,002577,72,1.000000000000,20379414.000000,20379414.000000
NECEDAH - T 0004,NECEDAH - T 0004,057,55057002578,002578,72,1.000000000000,19275856.000000,19275856.000000
NEW LISBON - C 0001,New Lisbon - C 0001,057,55057002579,002579,70,1.000000000000,1406141.000000,1406141.000000
NEW LISBON - C 0002,New Lisbon - C 0002,057,55057002580,002580,70,1.000000000000,801111.000000,801111.000000
NEW LISBON - C 0003,New Lisbon - C 0003,057,55057002581,002581,70,1.000000000000,1706812.000000,1706812.000000
NEW LISBON - C 0004,New Lisbon - C 0004,057,55057002582,002582,70,1.000000000000,1188584.000000,1188584.000000
NEW LISBON - C 0005,New Lisbon - C 0005,057,55057002583,002583,70,1.000000000000,158928.000000,158928.000000
NEW LISBON - C 0006,New Lisbon - C 0006,057,55057002584,002584,70,1.000000000000,2261761.000000,2261761.000000
NEW LISBON - C 0007,New Lisbon - C 0007,057,55057002585,002585,70,1.000000000000,47193.000000,47193.000000
ORANGE - T 0001,ORANGE - T 0001,057,55057002586,002586,72,1.000000000000,90887896.000000,90887896.000000
PLYMOUTH - T 0001,PLYMOUTH - T 0001,057,55057002587,002587,70,1.000000000000,89418612.000000,89418612.000000
SEVEN MILE CREEK - T 0001,SEVEN MILE CREEK - T 0001,057,55057002588,002588,41,1.000000000000,73506438.000000,73506438.000000
SEVEN MILE CREEK - T 0002,SEVEN MILE CREEK - T 0002,057,55057002589,002589,41,1.000000000000,20592183.000000,20592183.000000
SUMMIT - T 0001,SUMMIT - T 0001,057,55057002590,002590,41,1.000000000000,95576484.000000,95576484.000000
UNION CENTER - V 0001,Union Center - V 0001,057,55057002591,002591,41,1.000000000000,2135096.000000,2135096.000000
WISCONSIN DELLS - C 0007,Wisconsin Dells - C 0007,057,55057002592,002592,41,1.000000000000,1137735.000000,1137735.000000
WONEWOC - V 0001,Wonewoc - V 0001,057,55057002593,002593,41,1.000000000000,2893642.000000,2893642.000000
WONEWOC - T 0001,WONEWOC - T 0001,057,55057002594,002594,41,1.000000000000,48778172.000000,48778172.000000
WONEWOC - T 0002,WONEWOC - T 0002,057,55057002595,002595,41,1.000000000000,43073137.000000,43073137.000000
LINDINA - T 0001,LINDINA - T 0001,057,55057002597,002597,70,1.000000000000,185249.000000,185249.000000
LINDINA - T 0001,LINDINA - T 0001,057,55057002598,002598,70,1.000000000000,79156.000000,79156.000000
BRIGHTON - T 0004,BRIGHTON - T 0004,059,55059002599,002599,32,1.000000000000,5696040.000000,5696040.000000
WHEATLAND - T 0006,WHEATLAND - T 0006,059,55059002600,002600,32,1.000000000000,404700.000000,404700.000000
GENOA CITY - V 0005,Genoa City - V 0005,059,55059002601,002601,32,1.000000000000,582775.000000,582775.000000
PADDOCK LAKE - V 0004,Paddock Lake - V 0004,059,55059002602,002602,32,1.000000000000,346021.000000,346021.000000
PADDOCK LAKE - V 0006,Paddock Lake - V 0006,059,55059002603,002603,32,1.000000000000,298182.000000,298182.000000
PADDOCK LAKE - V 0002,Paddock Lake - V 0002,059,55059002604,002604,32,1.000000000000,963669.000000,963669.000000
PADDOCK LAKE - V 0003,Paddock Lake - V 0003,059,55059002605,002605,32,1.000000000000,849793.000000,849793.000000
SALEM LAKES - V 0013,Salem Lakes - V 0013,059,55059002606,002606,32,1.000000000000,1163114.000000,1163114.000000
SALEM LAKES - V 0012,Salem Lakes - V 0012,059,55059002607,002607,32,1.000000000000,890303.000000,890303.000000
SALEM LAKES - V 0011,Salem Lakes - V 0011,059,55059002608,002608,32,1.000000000000,1476983.000000,1476983.000000
RANDALL - T 0007,RANDALL - T 0007,059,55059002609,002609,32,1.000000000000,2553220.000000,2553220.000000
RANDALL - T 0006,RANDALL - T 0006,059,55059002610,002610,32,1.000000000000,2318559.000000,2318559.000000
RANDALL - T 0005,RANDALL - T 0005,059,55059002611,002611,32,1.000000000000,7397949.000000,7397949.000000
RANDALL - T 0003,RANDALL - T 0003,059,55059002612,002612,32,1.000000000000,4165802.000000,4165802.000000
WHEATLAND - T 0005,WHEATLAND - T 0005,059,55059002613,002613,32,1.000000000000,22842879.000000,22842879.000000
WHEATLAND - T 0002,WHEATLAND - T 0002,059,55059002614,002614,32,1.000000000000,7785242.000000,7785242.000000
WHEATLAND - T 0001,WHEATLAND - T 0001,059,55059002615,002615,32,1.000000000000,8577834.000000,8577834.000000
WHEATLAND - T 0004,WHEATLAND - T 0004,059,55059002616,002616,32,1.000000000000,14277565.000000,14277565.000000
WHEATLAND - T 0003,WHEATLAND - T 0003,059,55059002617,002617,32,1.000000000000,8423386.000000,8423386.000000
TWIN LAKES - V 0001,Twin Lakes - V 0001,059,55059002618,002618,32,1.000000000000,1884332.000000,1884332.000000
TWIN LAKES - V 0003,Twin Lakes - V 0003,059,55059002619,002619,32,1.000000000000,2834113.000000,2834113.000000
TWIN LAKES - V 0002,Twin Lakes - V 0002,059,55059002620,002620,32,1.000000000000,4482460.000000,4482460.000000
TWIN LAKES - V 0004,Twin Lakes - V 0004,059,55059002621,002621,32,1.000000000000,1570988.000000,1570988.000000
TWIN LAKES - V 0006,Twin Lakes - V 0006,059,55059002622,002622,32,1.000000000000,2449349.000000,2449349.000000
TWIN LAKES - V 0007,Twin Lakes - V 0007,059,55059002623,002623,32,1.000000000000,3851977.000000,3851977.000000
PADDOCK LAKE - V 0005,Paddock Lake - V 0005,059,55059002624,002624,32,1.000000000000,2646653.000000,2646653.000000
PADDOCK LAKE - V 0001,Paddock Lake - V 0001,059,55059002625,002625,32,1.000000000000,2946318.000000,2946318.000000
SALEM LAKES - V 0009,Salem Lakes - V 0009,059,55059002626,002626,32,1.000000000000,9409134.000000,9409134.000000
SALEM LAKES - V 0010,Salem Lakes - V 0010,059,55059002627,002627,32,1.000000000000,11340492.000000,11340492.000000
SALEM LAKES - V 0003,Salem Lakes - V 0003,059,55059002628,002628,32,1.000000000000,16592062.000000,16592062.000000
SALEM LAKES - V 0002,Salem Lakes - V 0002,059,55059002629,002629,32,1.000000000000,4112263.000000,4112263.000000
KENOSHA - C 0077,Kenosha - C 0077,059,55059002630,002630,64,1.000000000000,658890.000000,658890.000000
PLEASANT PRAIRIE - V 0013,Pleasant Prairie - V 0013,059,55059002631,002631,32,1.000000000000,3316899.000000,3316899.000000
PLEASANT PRAIRIE - V 0004,Pleasant Prairie - V 0004,059,55059002632,002632,32,1.000000000000,4041777.000000,4041777.000000
PLEASANT PRAIRIE - V 0014,Pleasant Prairie - V 0014,059,55059002633,002633,65,1.000000000000,2561765.000000,2561765.000000
PLEASANT PRAIRIE - V 0002,Pleasant Prairie - V 0002,059,55059002634,002634,65,1.000000000000,5363551.000000,5363551.000000
PLEASANT PRAIRIE - V 0001,Pleasant Prairie - V 0001,059,55059002635,002635,32,0.425708751670,4421234.000000,10385584.000000
PLEASANT PRAIRIE - V 0001,Pleasant Prairie - V 0001,059,55059002635,002635,65,0.574291248330,5964350.000000,10385584.000000
PLEASANT PRAIRIE - V 0005,Pleasant Prairie - V 0005,059,55059002636,002636,32,1.000000000000,9237286.000000,9237286.000000
PLEASANT PRAIRIE - V 0003,Pleasant Prairie - V 0003,059,55059002637,002637,65,1.000000000000,2411386.000000,2411386.000000
PLEASANT PRAIRIE - V 0007,Pleasant Prairie - V 0007,059,55059002638,002638,65,1.000000000000,3631978.000000,3631978.000000
KENOSHA - C 0017,Kenosha - C 0017,059,55059002639,002639,64,1.000000000000,107462.000000,107462.000000
KENOSHA - C 0018,Kenosha - C 0018,059,55059002640,002640,64,1.000000000000,527191.000000,527191.000000
KENOSHA - C 0028,Kenosha - C 0028,059,55059002641,002641,64,1.000000000000,508646.000000,508646.000000
KENOSHA - C 0027,Kenosha - C 0027,059,55059002642,002642,64,1.000000000000,901422.000000,901422.000000
KENOSHA - C 0026,Kenosha - C 0026,059,55059002643,002643,65,1.000000000000,602659.000000,602659.000000
KENOSHA - C 0005,Kenosha - C 0005,059,55059002644,002644,65,1.000000000000,1205218.000000,1205218.000000
KENOSHA - C 0008,Kenosha - C 0008,059,55059002645,002645,32,0.000430587158,522609.000000,1213712464.000000
KENOSHA - C 0008,Kenosha - C 0008,059,55059002645,002645,62,0.998405648737,1211777380.000000,1213712464.000000
KENOSHA - C 0008,Kenosha - C 0008,059,55059002645,002645,65,0.001163764105,1412475.000000,1213712464.000000
KENOSHA - C 0006,Kenosha - C 0006,059,55059002646,002646,32,0.421148595481,683469.000000,1622869.000000
KENOSHA - C 0006,Kenosha - C 0006,059,55059002646,002646,65,0.578851404519,939400.000000,1622869.000000
KENOSHA - C 0049,Kenosha - C 0049,059,55059002647,002647,64,1.000000000000,461720.000000,461720.000000
KENOSHA - C 0048,Kenosha - C 0048,059,55059002648,002648,64,1.000000000000,440655.000000,440655.000000
KENOSHA - C 0047,Kenosha - C 0047,059,55059002649,002649,64,1.000000000000,404851.000000,404851.000000
KENOSHA - C 0011,Kenosha - C 0011,059,55059002650,002650,65,1.000000000000,333362.000000,333362.000000
KENOSHA - C 0058,Kenosha - C 0058,059,55059002651,002651,65,1.000000000000,68923.000000,68923.000000
KENOSHA - C 0066,Kenosha - C 0066,059,55059002652,002652,65,1.000000000000,1134828.000000,1134828.000000
KENOSHA - C 0062,Kenosha - C 0062,059,55059002653,002653,65,1.000000000000,614698.000000,614698.000000
KENOSHA - C 0059,Kenosha - C 0059,059,55059002654,002654,65,1.000000000000,714973.000000,714973.000000
KENOSHA - C 0009,Kenosha - C 0009,059,55059002655,002655,65,1.000000000000,538857.000000,538857.000000
KENOSHA - C 0056,Kenosha - C 0056,059,55059002656,002656,65,1.000000000000,447324.000000,447324.000000
PLEASANT PRAIRIE - V 0012,Pleasant Prairie - V 0012,059,55059002657,002657,65,1.000000000000,11027484.000000,11027484.000000
KENOSHA - C 0044,Kenosha - C 0044,059,55059002658,002658,65,1.000000000000,320622.000000,320622.000000
KENOSHA - C 0042,Kenosha - C 0042,059,55059002659,002659,65,1.000000000000,384587.000000,384587.000000
KENOSHA - C 0041,Kenosha - C 0041,059,55059002660,002660,65,1.000000000000,362948.000000,362948.000000
KENOSHA - C 0061,Kenosha - C 0061,059,55059002661,002661,65,1.000000000000,449029.000000,449029.000000
KENOSHA - C 0039,Kenosha - C 0039,059,55059002662,002662,65,1.000000000000,715042.000000,715042.000000
KENOSHA - C 0067,Kenosha - C 0067,059,55059002663,002663,65,1.000000000000,1293717.000000,1293717.000000
KENOSHA - C 0043,Kenosha - C 0043,059,55059002664,002664,65,1.000000000000,1241112.000000,1241112.000000
KENOSHA - C 0040,Kenosha - C 0040,059,55059002665,002665,65,1.000000000000,724260.000000,724260.000000
KENOSHA - C 0012,Kenosha - C 0012,059,55059002666,002666,32,0.340678149004,520902.000000,1529015.000000
KENOSHA - C 0012,Kenosha - C 0012,059,55059002666,002666,65,0.659321850996,1008113.000000,1529015.000000
KENOSHA - C 0038,Kenosha - C 0038,059,55059002667,002667,65,1.000000000000,1844296.000000,1844296.000000
KENOSHA - C 0078,Kenosha - C 0078,059,55059002668,002668,64,1.000000000000,898350.000000,898350.000000
KENOSHA - C 0079,Kenosha - C 0079,059,55059002669,002669,64,1.000000000000,758369.000000,758369.000000
KENOSHA - C 0025,Kenosha - C 0025,059,55059002670,002670,64,1.000000000000,994437.000000,994437.000000
KENOSHA - C 0004,Kenosha - C 0004,059,55059002671,002671,64,1.000000000000,2168229.000000,2168229.000000
KENOSHA - C 0046,Kenosha - C 0046,059,55059002672,002672,64,1.000000000000,838186.000000,838186.000000
KENOSHA - C 0086,Kenosha - C 0086,059,55059002673,002673,65,1.000000000000,148774.000000,148774.000000
KENOSHA - C 0080,Kenosha - C 0080,059,55059002674,002674,65,1.000000000000,177703.000000,177703.000000
KENOSHA - C 0081,Kenosha - C 0081,059,55059002675,002675,65,1.000000000000,230620.000000,230620.000000
KENOSHA - C 0083,Kenosha - C 0083,059,55059002676,002676,64,1.000000000000,15310.000000,15310.000000
KENOSHA - C 0055,Kenosha - C 0055,059,55059002677,002677,65,1.000000000000,330315.000000,330315.000000
PLEASANT PRAIRIE - V 0006,Pleasant Prairie - V 0006,059,55059002678,002678,65,1.000000000000,1582145.000000,1582145.000000
RANDALL - T 0001,RANDALL - T 0001,059,55059002679,002679,32,1.000000000000,8680936.000000,8680936.000000
TWIN LAKES - V 0005,Twin Lakes - V 0005,059,55059002680,002680,32,1.000000000000,2309746.000000,2309746.000000
BRIGHTON - T 0001,BRIGHTON - T 0001,059,55059002681,002681,32,1.000000000000,5176534.000000,5176534.000000
BRIGHTON - T 0002,BRIGHTON - T 0002,059,55059002682,002682,32,1.000000000000,56627300.000000,56627300.000000
BRIGHTON - T 0003,BRIGHTON - T 0003,059,55059002683,002683,32,1.000000000000,25210457.000000,25210457.000000
RANDALL - T 0004,RANDALL - T 0004,059,55059002684,002684,32,1.000000000000,2878510.000000,2878510.000000
RANDALL - T 0002,RANDALL - T 0002,059,55059002685,002685,32,1.000000000000,7530476.000000,7530476.000000
TWIN LAKES - V 0008,Twin Lakes - V 0008,059,55059002686,002686,32,1.000000000000,6769687.000000,6769687.000000
SALEM LAKES - V 0004,Salem Lakes - V 0004,059,55059002687,002687,32,1.000000000000,3187653.000000,3187653.000000
SALEM LAKES - V 0007,Salem Lakes - V 0007,059,55059002688,002688,32,1.000000000000,14547418.000000,14547418.000000
SALEM LAKES - V 0006,Salem Lakes - V 0006,059,55059002689,002689,32,1.000000000000,9495094.000000,9495094.000000
SALEM LAKES - V 0001,Salem Lakes - V 0001,059,55059002690,002690,32,1.000000000000,3551590.000000,3551590.000000
SALEM LAKES - V 0005,Salem Lakes - V 0005,059,55059002691,002691,32,1.000000000000,9885148.000000,9885148.000000
SALEM LAKES - V 0008,Salem Lakes - V 0008,059,55059002692,002692,32,1.000000000000,569294.000000,569294.000000
BRISTOL - V 0001,Bristol - V 0001,059,55059002693,002693,32,1.000000000000,13377761.000000,13377761.000000
BRISTOL - V 0007,Bristol - V 0007,059,55059002694,002694,32,1.000000000000,1610354.000000,1610354.000000
BRISTOL - V 0005,Bristol - V 0005,059,55059002695,002695,32,1.000000000000,11014202.000000,11014202.000000
BRISTOL - V 0004,Bristol - V 0004,059,55059002696,002696,32,1.000000000000,2577816.000000,2577816.000000
BRISTOL - V 0006,Bristol - V 0006,059,55059002697,002697,32,1.000000000000,28000725.000000,28000725.000000
BRISTOL - V 0003,Bristol - V 0003,059,55059002698,002698,32,1.000000000000,8930172.000000,8930172.000000
BRISTOL - V 0002,Bristol - V 0002,059,55059002699,002699,32,1.000000000000,2542339.000000,2542339.000000
KENOSHA - C 0075,Kenosha - C 0075,059,55059002700,002700,32,1.000000000000,2893594.000000,2893594.000000
BRISTOL - V 0008,Bristol - V 0008,059,55059002701,002701,32,1.000000000000,17586938.000000,17586938.000000
SOMERS - V 0006,Somers - V 0006,059,55059002702,002702,32,0.195306140469,869259.000000,4450751.000000
SOMERS - V 0006,Somers - V 0006,059,55059002702,002702,64,0.804693859531,3581492.000000,4450751.000000
SOMERS - V 0011,Somers - V 0011,059,55059002703,002703,64,1.000000000000,5278249.000000,5278249.000000
SOMERS - V 0004,Somers - V 0004,059,55059002704,002704,64,1.000000000000,15189817.000000,15189817.000000
SOMERS - V 0001,Somers - V 0001,059,55059002705,002705,64,1.000000000000,5595438.000000,5595438.000000
SOMERS - V 0005,Somers - V 0005,059,55059002706,002706,64,1.000000000000,4614986.000000,4614986.000000
SOMERS - V 0007,Somers - V 0007,059,55059002707,002707,64,1.000000000000,1075897.000000,1075897.000000
SOMERS - V 0008,Somers - V 0008,059,55059002708,002708,64,1.000000000000,1945826.000000,1945826.000000
SOMERS - V 0009,Somers - V 0009,059,55059002709,002709,64,1.000000000000,3828138.000000,3828138.000000
PLEASANT PRAIRIE - V 0009,Pleasant Prairie - V 0009,059,55059002710,002710,32,1.000000000000,2862456.000000,2862456.000000
PLEASANT PRAIRIE - V 0011,Pleasant Prairie - V 0011,059,55059002711,002711,32,1.000000000000,4076811.000000,4076811.000000
PLEASANT PRAIRIE - V 0008,Pleasant Prairie - V 0008,059,55059002712,002712,32,1.000000000000,4314154.000000,4314154.000000
PLEASANT PRAIRIE - V 0010,Pleasant Prairie - V 0010,059,55059002713,002713,32,1.000000000000,31540546.000000,31540546.000000
KENOSHA - C 0030,Kenosha - C 0030,059,55059002714,002714,64,1.000000000000,467683.000000,467683.000000
KENOSHA - C 0024,Kenosha - C 0024,059,55059002715,002715,64,1.000000000000,522052.000000,522052.000000
KENOSHA - C 0019,Kenosha - C 0019,059,55059002716,002716,64,1.000000000000,152493.000000,152493.000000
KENOSHA - C 0001,Kenosha - C 0001,059,55059002717,002717,64,1.000000000000,481138.000000,481138.000000
KENOSHA - C 0016,Kenosha - C 0016,059,55059002718,002718,64,1.000000000000,748950.000000,748950.000000
KENOSHA - C 0015,Kenosha - C 0015,059,55059002719,002719,64,1.000000000000,1263239.000000,1263239.000000
KENOSHA - C 0002,Kenosha - C 0002,059,55059002720,002720,64,1.000000000000,706712.000000,706712.000000
KENOSHA - C 0003,Kenosha - C 0003,059,55059002721,002721,64,1.000000000000,4317317.000000,4317317.000000
KENOSHA - C 0020,Kenosha - C 0020,059,55059002722,002722,64,1.000000000000,501773.000000,501773.000000
KENOSHA - C 0023,Kenosha - C 0023,059,55059002723,002723,64,1.000000000000,1148186.000000,1148186.000000
KENOSHA - C 0021,Kenosha - C 0021,059,55059002724,002724,64,1.000000000000,1266380.000000,1266380.000000
KENOSHA - C 0014,Kenosha - C 0014,059,55059002725,002725,64,1.000000000000,703338.000000,703338.000000
KENOSHA - C 0013,Kenosha - C 0013,059,55059002726,002726,64,1.000000000000,654351.000000,654351.000000
KENOSHA - C 0029,Kenosha - C 0029,059,55059002727,002727,64,1.000000000000,874962.000000,874962.000000
KENOSHA - C 0033,Kenosha - C 0033,059,55059002728,002728,65,1.000000000000,25655.000000,25655.000000
KENOSHA - C 0007,Kenosha - C 0007,059,55059002729,002729,65,1.000000000000,493907.000000,493907.000000
KENOSHA - C 0069,Kenosha - C 0069,059,55059002730,002730,64,1.000000000000,106924.000000,106924.000000
KENOSHA - C 0045,Kenosha - C 0045,059,55059002731,002731,64,1.000000000000,740991.000000,740991.000000
KENOSHA - C 0022,Kenosha - C 0022,059,55059002732,002732,64,1.000000000000,1529796.000000,1529796.000000
KENOSHA - C 0068,Kenosha - C 0068,059,55059002733,002733,64,1.000000000000,710611.000000,710611.000000
KENOSHA - C 0052,Kenosha - C 0052,059,55059002734,002734,64,1.000000000000,584713.000000,584713.000000
KENOSHA - C 0084,Kenosha - C 0084,059,55059002735,002735,64,1.000000000000,342115.000000,342115.000000
KENOSHA - C 0070,Kenosha - C 0070,059,55059002736,002736,64,1.000000000000,686991.000000,686991.000000
KENOSHA - C 0050,Kenosha - C 0050,059,55059002737,002737,64,1.000000000000,772770.000000,772770.000000
KENOSHA - C 0064,Kenosha - C 0064,059,55059002738,002738,65,1.000000000000,549412.000000,549412.000000
KENOSHA - C 0054,Kenosha - C 0054,059,55059002739,002739,64,1.000000000000,811235.000000,811235.000000
KENOSHA - C 0010,Kenosha - C 0010,059,55059002740,002740,65,1.000000000000,628714.000000,628714.000000
KENOSHA - C 0032,Kenosha - C 0032,059,55059002741,002741,65,1.000000000000,197362.000000,197362.000000
KENOSHA - C 0034,Kenosha - C 0034,059,55059002742,002742,65,1.000000000000,268832.000000,268832.000000
KENOSHA - C 0035,Kenosha - C 0035,059,55059002743,002743,65,1.000000000000,631975.000000,631975.000000
KENOSHA - C 0065,Kenosha - C 0065,059,55059002744,002744,65,1.000000000000,55542.000000,55542.000000
KENOSHA - C 0031,Kenosha - C 0031,059,55059002745,002745,65,1.000000000000,704904.000000,704904.000000
KENOSHA - C 0071,Kenosha - C 0071,059,55059002746,002746,64,1.000000000000,515354.000000,515354.000000
KENOSHA - C 0076,Kenosha - C 0076,059,55059002747,002747,64,1.000000000000,626400.000000,626400.000000
KENOSHA - C 0036,Kenosha - C 0036,059,55059002748,002748,65,1.000000000000,323241.000000,323241.000000
KENOSHA - C 0060,Kenosha - C 0060,059,55059002749,002749,65,1.000000000000,560968.000000,560968.000000
KENOSHA - C 0037,Kenosha - C 0037,059,55059002750,002750,65,1.000000000000,547935.000000,547935.000000
KENOSHA - C 0073,Kenosha - C 0073,059,55059002751,002751,32,0.003369067243,5925.000000,1758647.000000
KENOSHA - C 0073,Kenosha - C 0073,059,55059002751,002751,64,0.996630932757,1752722.000000,1758647.000000
KENOSHA - C 0074,Kenosha - C 0074,059,55059002752,002752,32,1.000000000000,1099535.000000,1099535.000000
KENOSHA - C 0072,Kenosha - C 0072,059,55059002753,002753,64,1.000000000000,13845997.000000,13845997.000000
KENOSHA - C 0053,Kenosha - C 0053,059,55059002754,002754,64,1.000000000000,265847.000000,265847.000000
KENOSHA - C 0087,Kenosha - C 0087,059,55059002755,002755,65,1.000000000000,367487.000000,367487.000000
KENOSHA - C 0082,Kenosha - C 0082,059,55059002756,002756,64,1.000000000000,653785.000000,653785.000000
KENOSHA - C 0051,Kenosha - C 0051,059,55059002757,002757,64,1.000000000000,298982.000000,298982.000000
KENOSHA - C 0085,Kenosha - C 0085,059,55059002758,002758,65,1.000000000000,56111.000000,56111.000000
KENOSHA - C 0057,Kenosha - C 0057,059,55059002759,002759,65,1.000000000000,614411.000000,614411.000000
KENOSHA - C 0089,Kenosha - C 0089,059,55059002760,002760,32,1.000000000000,172842.000000,172842.000000
KENOSHA - C 0090,Kenosha - C 0090,059,55059002761,002761,64,1.000000000000,206947.000000,206947.000000
KENOSHA - C 0063,Kenosha - C 0063,059,55059002762,002762,64,0.001367877275,2578.000000,1884672.000000
KENOSHA - C 0063,Kenosha - C 0063,059,55059002762,002762,65,0.998632122725,1882094.000000,1884672.000000
SOMERS - V 0010,Somers - V 0010,059,55059002763,002763,64,1.000000000000,3798598.000000,3798598.000000
PARIS - T 0001,PARIS - T 0001,059,55059002764,002764,32,0.999956981483,45583060.000000,45585021.000000
PARIS - T 0001,PARIS - T 0001,059,55059002764,002764,64,0.000043018517,1961.000000,45585021.000000
KENOSHA - C 0091,Kenosha - C 0091,059,55059002765,002765,32,1.000000000000,2417079.000000,2417079.000000
SOMERS - V 0012,Somers - V 0012,059,55059002766,002766,64,1.000000000000,2717486.000000,2717486.000000
SOMERS - V 0002,Somers - V 0002,059,55059002767,002767,64,1.000000000000,8252034.000000,8252034.000000
PARIS - T 0002,PARIS - T 0002,059,55059002768,002768,32,1.000000000000,44897674.000000,44897674.000000
SOMERS - V 0003,Somers - V 0003,059,55059002770,002770,64,1.000000000000,11049313.000000,11049313.000000
KENOSHA - C 0095,Kenosha - C 0095,059,55059002771,002771,64,1.000000000000,7214.000000,7214.000000
KENOSHA - C 0094,Kenosha - C 0094,059,55059002772,002772,64,1.000000000000,4043.000000,4043.000000
KENOSHA - C 0096,Kenosha - C 0096,059,55059002773,002773,64,1.000000000000,13877.000000,13877.000000
KENOSHA - C 0097,Kenosha - C 0097,059,55059002774,002774,32,1.000000000000,43866.000000,43866.000000
KENOSHA - C 0093,Kenosha - C 0093,059,55059002775,002775,64,1.000000000000,9538.000000,9538.000000
SOMERS - T 0002,SOMERS - T 0002,059,55059002776,002776,64,1.000000000000,3791730.000000,3791730.000000
KENOSHA - C 0099,Kenosha - C 0099,059,55059002777,002777,64,1.000000000000,56698.000000,56698.000000
KENOSHA - C 0098,Kenosha - C 0098,059,55059002778,002778,64,1.000000000000,6080.000000,6080.000000
SOMERS - T 0001,SOMERS - T 0001,059,55059002779,002779,64,1.000000000000,3366865.000000,3366865.000000
KENOSHA - C 0088,Kenosha - C 0088,059,55059002780,002780,64,1.000000000000,100097.000000,100097.000000
KENOSHA - C 0100,Kenosha - C 0100,059,55059002781,002781,64,1.000000000000,5755.000000,5755.000000
KENOSHA - C 0103,Kenosha - C 0103,059,55059002783,002783,64,1.000000000000,3464.000000,3464.000000
KENOSHA - C 0109,Kenosha - C 0109,059,55059003046,003046,64,1.000000000000,20339.000000,20339.000000
TWIN LAKES - V 0009,Twin Lakes - V 0009,059,55059003047,003047,32,1.000000000000,12171.000000,12171.000000
KENOSHA - C 0104,Kenosha - C 0104,059,55059003048,003048,64,1.000000000000,9735.000000,9735.000000
KENOSHA - C 0105,Kenosha - C 0105,059,55059003049,003049,64,1.000000000000,6231.000000,6231.000000
KENOSHA - C 0106,Kenosha - C 0106,059,55059003050,003050,64,1.000000000000,9547.000000,9547.000000
KENOSHA - C 0107,Kenosha - C 0107,059,55059003051,003051,64,1.000000000000,2049.000000,2049.000000
KENOSHA - C 0108,Kenosha - C 0108,059,55059003052,003052,64,1.000000000000,53915.000000,53915.000000
KENOSHA - C 0110,Kenosha - C 0110,059,55059003053,003053,64,1.000000000000,35223.000000,35223.000000
KENOSHA - C 0113,Kenosha - C 0113,059,55059003054,003054,64,1.000000000000,3984.000000,3984.000000
KENOSHA - C 0111,Kenosha - C 0111,059,55059003055,003055,32,1.000000000000,315361.000000,315361.000000
KENOSHA - C 0112,Kenosha - C 0112,059,55059003056,003056,64,1.000000000000,6270.000000,6270.000000
KENOSHA - C 0101,Kenosha - C 0101,059,55059080028,080028,64,1.000000000000,3175.000000,3175.000000
KENOSHA - C 0102,Kenosha - C 0102,059,55059080029,080029,64,1.000000000000,4332.000000,4332.000000
KENOSHA - C 0092,Kenosha - C 0092,059,55059080030,080030,64,1.000000000000,4833.000000,4833.000000
AHNAPEE - T 0001,AHNAPEE - T 0001,061,55061002785,002785,1,1.000000000000,80303604.000000,80303604.000000
ALGOMA - C 0001,Algoma - C 0001,061,55061002786,002786,1,1.000000000000,3156249.000000,3156249.000000
ALGOMA - C 0002,Algoma - C 0002,061,55061002787,002787,1,1.000000000000,1951646.000000,1951646.000000
ALGOMA - C 0003,Algoma - C 0003,061,55061002788,002788,1,1.000000000000,591285.000000,591285.000000
ALGOMA - C 0004,Algoma - C 0004,061,55061002789,002789,1,1.000000000000,1959363.000000,1959363.000000
ALGOMA - C 0005,Algoma - C 0005,061,55061002790,002790,1,1.000000000000,175261.000000,175261.000000
ALGOMA - C 0006,Algoma - C 0006,061,55061002791,002791,1,1.000000000000,197018.000000,197018.000000
CARLTON - T 0001,CARLTON - T 0001,061,55061002792,002792,1,1.000000000000,45257050.000000,45257050.000000
CARLTON - T 0002,CARLTON - T 0002,061,55061002793,002793,1,1.000000000000,47015059.000000,47015059.000000
CASCO - V 0001,Casco - V 0001,061,55061002794,002794,1,1.000000000000,1737518.000000,1737518.000000
CASCO - T 0001,CASCO - T 0001,061,55061002795,002795,1,1.000000000000,22418330.000000,22418330.000000
CASCO - T 0002,CASCO - T 0002,061,55061002796,002796,1,1.000000000000,20061176.000000,20061176.000000
CASCO - T 0003,CASCO - T 0003,061,55061002797,002797,1,1.000000000000,49780364.000000,49780364.000000
FRANKLIN - T 0001,FRANKLIN - T 0001,061,55061002798,002798,1,1.000000000000,93738196.000000,93738196.000000
KEWAUNEE - C 0001,Kewaunee - C 0001,061,55061002799,002799,1,1.000000000000,5643789.000000,5643789.000000
KEWAUNEE - C 0002,Kewaunee - C 0002,061,55061002800,002800,1,1.000000000000,1118937.000000,1118937.000000
KEWAUNEE - C 0003,Kewaunee - C 0003,061,55061002801,002801,1,1.000000000000,1036204.000000,1036204.000000
KEWAUNEE - C 0004,Kewaunee - C 0004,061,55061002802,002802,1,1.000000000000,1361606.000000,1361606.000000
KEWAUNEE - C 0005,Kewaunee - C 0005,061,55061002803,002803,1,1.000000000000,501520.000000,501520.000000
LINCOLN - T 0001,LINCOLN - T 0001,061,55061002804,002804,1,1.000000000000,92633341.000000,92633341.000000
LUXEMBURG - V 0001,Luxemburg - V 0001,061,55061002805,002805,1,1.000000000000,711953.000000,711953.000000
LUXEMBURG - V 0002,Luxemburg - V 0002,061,55061002806,002806,1,1.000000000000,503009.000000,503009.000000
LUXEMBURG - V 0003,Luxemburg - V 0003,061,55061002807,002807,1,1.000000000000,709117.000000,709117.000000
LUXEMBURG - V 0004,Luxemburg - V 0004,061,55061002808,002808,1,1.000000000000,1090429.000000,1090429.000000
LUXEMBURG - V 0005,Luxemburg - V 0005,061,55061002809,002809,1,1.000000000000,2934291.000000,2934291.000000
LUXEMBURG - T 0001,LUXEMBURG - T 0001,061,55061002810,002810,1,1.000000000000,17397947.000000,17397947.000000
MONTPELIER - T 0001,MONTPELIER - T 0001,061,55061002811,002811,1,1.000000000000,41541462.000000,41541462.000000
MONTPELIER - T 0002,MONTPELIER - T 0002,061,55061002812,002812,1,1.000000000000,31101701.000000,31101701.000000
MONTPELIER - T 0003,MONTPELIER - T 0003,061,55061002813,002813,1,1.000000000000,20839174.000000,20839174.000000
PIERCE - T 0001,PIERCE - T 0001,061,55061002814,002814,1,1.000000000000,19516632.000000,19516632.000000
PIERCE - T 0002,PIERCE - T 0002,061,55061002815,002815,1,1.000000000000,1941836158.000000,1941836158.000000
RED RIVER - T 0001,RED RIVER - T 0001,061,55061002816,002816,1,1.000000000000,27704696.000000,27704696.000000
RED RIVER - T 0002,RED RIVER - T 0002,061,55061002817,002817,1,1.000000000000,36882362.000000,36882362.000000
RED RIVER - T 0003,RED RIVER - T 0003,061,55061002818,002818,1,1.000000000000,28418624.000000,28418624.000000
WEST KEWAUNEE - T 0001,WEST KEWAUNEE - T 0001,061,55061002819,002819,1,1.000000000000,61337469.000000,61337469.000000
WEST KEWAUNEE - T 0002,WEST KEWAUNEE - T 0002,061,55061002820,002820,1,1.000000000000,34430590.000000,34430590.000000
LUXEMBURG - T 0002,LUXEMBURG - T 0002,061,55061002821,002821,1,1.000000000000,44131009.000000,44131009.000000
LUXEMBURG - T 0003,LUXEMBURG - T 0003,061,55061002822,002822,1,1.000000000000,26563921.000000,26563921.000000
LA CROSSE - C 0020,La Crosse - C 0020,063,55063002823,002823,96,1.000000000000,601756.000000,601756.000000
LA CROSSE - C 0024,La Crosse - C 0024,063,55063002824,002824,96,1.000000000000,1524486.000000,1524486.000000
LA CROSSE - C 0010,La Crosse - C 0010,063,55063002825,002825,95,1.000000000000,168616.000000,168616.000000
LA CROSSE - C 0023,La Crosse - C 0023,063,55063002826,002826,96,1.000000000000,405029.000000,405029.000000
LA CROSSE - C 0018,La Crosse - C 0018,063,55063002827,002827,95,1.000000000000,305404.000000,305404.000000
LA CROSSE - C 0007,La Crosse - C 0007,063,55063002828,002828,95,0.999632019320,2838778.000000,2839823.000000
LA CROSSE - C 0007,La Crosse - C 0007,063,55063002828,002828,96,0.000367980680,1045.000000,2839823.000000
LA CROSSE - C 0015,La Crosse - C 0015,063,55063002829,002829,96,1.000000000000,423991.000000,423991.000000
LA CROSSE - C 0002,La Crosse - C 0002,063,55063002830,002830,94,1.000000000000,350475.000000,350475.000000
LA CROSSE - C 0012,La Crosse - C 0012,063,55063002831,002831,95,1.000000000000,281916.000000,281916.000000
LA CROSSE - C 0026,La Crosse - C 0026,063,55063002832,002832,96,1.000000000000,1844021.000000,1844021.000000
LA CROSSE - C 0025,La Crosse - C 0025,063,55063002833,002833,96,1.000000000000,1063936.000000,1063936.000000
LA CROSSE - C 0019,La Crosse - C 0019,063,55063002834,002834,95,1.000000000000,297782.000000,297782.000000
LA CROSSE - C 0014,La Crosse - C 0014,063,55063002835,002835,96,1.000000000000,614962.000000,614962.000000
LA CROSSE - C 0011,La Crosse - C 0011,063,55063002836,002836,95,1.000000000000,81515.000000,81515.000000
LA CROSSE - C 0008,La Crosse - C 0008,063,55063002837,002837,95,1.000000000000,571059.000000,571059.000000
LA CROSSE - C 0017,La Crosse - C 0017,063,55063002838,002838,95,0.006713071230,1708.000000,254429.000000
LA CROSSE - C 0017,La Crosse - C 0017,063,55063002838,002838,96,0.993286928770,252721.000000,254429.000000
LA CROSSE - C 0013,La Crosse - C 0013,063,55063002839,002839,95,0.991946631799,304973.000000,307449.000000
LA CROSSE - C 0013,La Crosse - C 0013,063,55063002839,002839,96,0.008053368201,2476.000000,307449.000000
LA CROSSE - C 0004,La Crosse - C 0004,063,55063002840,002840,95,1.000000000000,1108599.000000,1108599.000000
CAMPBELL - T 0005,CAMPBELL - T 0005,063,55063002841,002841,95,1.000000000000,503556.000000,503556.000000
CAMPBELL - T 0003,CAMPBELL - T 0003,063,55063002842,002842,95,1.000000000000,626927.000000,626927.000000
ONALASKA - C 0010,Onalaska - C 0010,063,55063002843,002843,94,1.000000000000,1821502.000000,1821502.000000
ONALASKA - C 0008,Onalaska - C 0008,063,55063002844,002844,94,1.000000000000,1033685.000000,1033685.000000
ONALASKA - C 0009,Onalaska - C 0009,063,55063002845,002845,94,1.000000000000,1743272.000000,1743272.000000
LA CROSSE - C 0027,La Crosse - C 0027,063,55063002846,002846,96,1.000000000000,1472661.000000,1472661.000000
SHELBY - T 0001,SHELBY - T 0001,063,55063002847,002847,96,1.000000000000,21663284.000000,21663284.000000
LA CROSSE - C 0028,La Crosse - C 0028,063,55063002848,002848,96,1.000000000000,925417.000000,925417.000000
CAMPBELL - T 0002,CAMPBELL - T 0002,063,55063002849,002849,95,1.000000000000,646804.000000,646804.000000
LA CROSSE - C 0016,La Crosse - C 0016,063,55063002850,002850,95,0.000582068276,2258.000000,3879270.000000
LA CROSSE - C 0016,La Crosse - C 0016,063,55063002850,002850,96,0.999417931724,3877012.000000,3879270.000000
LA CROSSE - C 0022,La Crosse - C 0022,063,55063002851,002851,96,1.000000000000,1430005.000000,1430005.000000
LA CROSSE - C 0029,La Crosse - C 0029,063,55063002852,002852,96,1.000000000000,3579450.000000,3579450.000000
SHELBY - T 0002,SHELBY - T 0002,063,55063002853,002853,96,1.000000000000,22151153.000000,22151153.000000
LA CROSSE - C 0001,La Crosse - C 0001,063,55063002854,002854,94,0.000165502759,1500.000000,9063293.000000
LA CROSSE - C 0001,La Crosse - C 0001,063,55063002854,002854,95,0.999834497241,9061793.000000,9063293.000000
SHELBY - T 0004,SHELBY - T 0004,063,55063002855,002855,96,1.000000000000,8571824.000000,8571824.000000
SHELBY - T 0006,SHELBY - T 0006,063,55063002856,002856,96,1.000000000000,2434140.000000,2434140.000000
ONALASKA - C 0012,Onalaska - C 0012,063,55063002857,002857,94,1.000000000000,6271726.000000,6271726.000000
LA CROSSE - C 0009,La Crosse - C 0009,063,55063002858,002858,95,1.000000000000,5679030.000000,5679030.000000
SHELBY - T 0005,SHELBY - T 0005,063,55063002859,002859,96,1.000000000000,3618581.000000,3618581.000000
LA CROSSE - C 0030,La Crosse - C 0030,063,55063002860,002860,95,1.000000000000,2119263.000000,2119263.000000
CAMPBELL - T 0006,CAMPBELL - T 0006,063,55063002861,002861,95,1.000000000000,6508169.000000,6508169.000000
CAMPBELL - T 0004,CAMPBELL - T 0004,063,55063002862,002862,95,1.000000000000,2495465.000000,2495465.000000
LA CROSSE - C 0034,La Crosse - C 0034,063,55063002863,002863,94,1.000000000000,105142.000000,105142.000000
LA CROSSE - C 0021,La Crosse - C 0021,063,55063002864,002864,95,1.000000000000,1918032.000000,1918032.000000
LA CROSSE - C 0033,La Crosse - C 0033,063,55063002865,002865,96,1.000000000000,136339.000000,136339.000000
SHELBY - T 0003,SHELBY - T 0003,063,55063002866,002866,96,1.000000000000,15418076.000000,15418076.000000
LA CROSSE - C 0032,La Crosse - C 0032,063,55063002867,002867,95,1.000000000000,34665.000000,34665.000000
LA CROSSE - C 0031,La Crosse - C 0031,063,55063002868,002868,95,1.000000000000,646806.000000,646806.000000
MEDARY - T 0002,MEDARY - T 0002,063,55063002869,002869,95,1.000000000000,22702631.000000,22702631.000000
LA CROSSE - C 0005,La Crosse - C 0005,063,55063002871,002871,95,1.000000000000,2362475.000000,2362475.000000
LA CROSSE - C 0003,La Crosse - C 0003,063,55063002872,002872,94,1.000000000000,9624256.000000,9624256.000000
LA CROSSE - C 0006,La Crosse - C 0006,063,55063002873,002873,95,1.000000000000,5597334.000000,5597334.000000
HOLMEN - V 0004,Holmen - V 0004,063,55063002874,002874,94,1.000000000000,428003.000000,428003.000000
HOLMEN - V 0006,Holmen - V 0006,063,55063002875,002875,94,1.000000000000,598240.000000,598240.000000
HOLMEN - V 0003,Holmen - V 0003,063,55063002876,002876,94,1.000000000000,901689.000000,901689.000000
CAMPBELL - T 0001,CAMPBELL - T 0001,063,55063002877,002877,95,1.000000000000,22177263.000000,22177263.000000
ONALASKA - T 0006,ONALASKA - T 0006,063,55063002878,002878,94,1.000000000000,3487495.000000,3487495.000000
HOLLAND - T 0002,HOLLAND - T 0002,063,55063002879,002879,94,1.000000000000,1874706.000000,1874706.000000
HOLMEN - V 0002,Holmen - V 0002,063,55063002880,002880,94,1.000000000000,1010199.000000,1010199.000000
HOLLAND - T 0003,HOLLAND - T 0003,063,55063002881,002881,94,1.000000000000,4483678.000000,4483678.000000
HOLMEN - V 0011,Holmen - V 0011,063,55063002882,002882,94,1.000000000000,1206517.000000,1206517.000000
HOLMEN - V 0001,Holmen - V 0001,063,55063002883,002883,94,1.000000000000,7844916.000000,7844916.000000
HOLMEN - V 0005,Holmen - V 0005,063,55063002884,002884,94,1.000000000000,713574.000000,713574.000000
ONALASKA - T 0007,ONALASKA - T 0007,063,55063002885,002885,94,1.000000000000,28033601.000000,28033601.000000
HOLMEN - V 0009,Holmen - V 0009,063,55063002886,002886,94,1.000000000000,1271675.000000,1271675.000000
ONALASKA - T 0005,ONALASKA - T 0005,063,55063002887,002887,94,1.000000000000,11610518.000000,11610518.000000
HOLMEN - V 0007,Holmen - V 0007,063,55063002888,002888,94,1.000000000000,1623981.000000,1623981.000000
HOLMEN - V 0008,Holmen - V 0008,063,55063002889,002889,94,1.000000000000,437670.000000,437670.000000
HOLLAND - T 0004,HOLLAND - T 0004,063,55063002890,002890,94,1.000000000000,51172919.000000,51172919.000000
HOLLAND - T 0001,HOLLAND - T 0001,063,55063002891,002891,94,1.000000000000,795858.000000,795858.000000
HOLLAND - T 0005,HOLLAND - T 0005,063,55063002892,002892,94,1.000000000000,37845378.000000,37845378.000000
ONALASKA - T 0008,ONALASKA - T 0008,063,55063002893,002893,94,1.000000000000,8736401.000000,8736401.000000
ONALASKA - C 0004,Onalaska - C 0004,063,55063002894,002894,94,1.000000000000,497050.000000,497050.000000
ONALASKA - C 0005,Onalaska - C 0005,063,55063002895,002895,94,1.000000000000,1784794.000000,1784794.000000
ONALASKA - C 0006,Onalaska - C 0006,063,55063002896,002896,94,1.000000000000,975196.000000,975196.000000
ONALASKA - C 0007,Onalaska - C 0007,063,55063002897,002897,94,1.000000000000,919145.000000,919145.000000
HOLLAND - T 0006,HOLLAND - T 0006,063,55063002898,002898,94,1.000000000000,15955055.000000,15955055.000000
ONALASKA - T 0004,ONALASKA - T 0004,063,55063002899,002899,94,1.000000000000,2054412.000000,2054412.000000
ONALASKA - C 0002,Onalaska - C 0002,063,55063002900,002900,94,1.000000000000,1025974.000000,1025974.000000
ONALASKA - T 0003,ONALASKA - T 0003,063,55063002901,002901,94,1.000000000000,4721152.000000,4721152.000000
HOLMEN - V 0010,Holmen - V 0010,063,55063002902,002902,94,1.000000000000,702462.000000,702462.000000
ONALASKA - C 0003,Onalaska - C 0003,063,55063002903,002903,94,1.000000000000,4306641.000000,4306641.000000
ONALASKA - C 0001,Onalaska - C 0001,063,55063002905,002905,94,1.000000000000,1479340.000000,1479340.000000
ONALASKA - T 0002,ONALASKA - T 0002,063,55063002906,002906,94,1.000000000000,11474601.000000,11474601.000000
ONALASKA - C 0011,Onalaska - C 0011,063,55063002907,002907,94,1.000000000000,6364735.000000,6364735.000000
MEDARY - T 0001,MEDARY - T 0001,063,55063002908,002908,94,1.000000000000,2590950.000000,2590950.000000
HOLMEN - V 0012,Holmen - V 0012,063,55063002909,002909,94,1.000000000000,1286313.000000,1286313.000000
ONALASKA - T 0001,ONALASKA - T 0001,063,55063002910,002910,94,1.000000000000,40888851.000000,40888851.000000
FARMINGTON - T 0001,FARMINGTON - T 0001,063,55063002913,002913,94,1.000000000000,100455536.000000,100455536.000000
ROCKLAND - V 0001,Rockland - V 0001,063,55063002914,002914,95,1.000000000000,1554884.000000,1554884.000000
BANGOR - V 0002,Bangor - V 0002,063,55063002915,002915,95,1.000000000000,1918285.000000,1918285.000000
WASHINGTON - T 0001,WASHINGTON - T 0001,063,55063002916,002916,95,1.000000000000,93744949.000000,93744949.000000
HAMILTON - T 0005,HAMILTON - T 0005,063,55063002917,002917,94,1.000000000000,22629311.000000,22629311.000000
WEST SALEM - V 0005,West Salem - V 0005,063,55063002918,002918,94,1.000000000000,759276.000000,759276.000000
WEST SALEM - V 0004,West Salem - V 0004,063,55063002919,002919,94,1.000000000000,666750.000000,666750.000000
FARMINGTON - T 0002,FARMINGTON - T 0002,063,55063002920,002920,94,1.000000000000,95083641.000000,95083641.000000
HAMILTON - T 0004,HAMILTON - T 0004,063,55063002921,002921,94,1.000000000000,9138839.000000,9138839.000000
WEST SALEM - V 0006,West Salem - V 0006,063,55063002922,002922,94,1.000000000000,2204701.000000,2204701.000000
WEST SALEM - V 0001,West Salem - V 0001,063,55063002923,002923,94,1.000000000000,1191576.000000,1191576.000000
GREENFIELD - T 0002,GREENFIELD - T 0002,063,55063002924,002924,96,1.000000000000,41907319.000000,41907319.000000
BANGOR - V 0001,Bangor - V 0001,063,55063002926,002926,95,1.000000000000,2431195.000000,2431195.000000
BURNS - T 0001,BURNS - T 0001,063,55063002927,002927,95,1.000000000000,124876104.000000,124876104.000000
HAMILTON - T 0001,HAMILTON - T 0001,063,55063002928,002928,94,1.000000000000,63862013.000000,63862013.000000
HAMILTON - T 0003,HAMILTON - T 0003,063,55063002929,002929,94,1.000000000000,10905945.000000,10905945.000000
BARRE - T 0001,BARRE - T 0001,063,55063002930,002930,95,1.000000000000,40558324.000000,40558324.000000
GREENFIELD - T 0001,GREENFIELD - T 0001,063,55063002931,002931,96,1.000000000000,36025259.000000,36025259.000000
WEST SALEM - V 0002,West Salem - V 0002,063,55063002932,002932,94,1.000000000000,2837013.000000,2837013.000000
WEST SALEM - V 0003,West Salem - V 0003,063,55063002933,002933,94,1.000000000000,1019919.000000,1019919.000000
BARRE - T 0002,BARRE - T 0002,063,55063002934,002934,95,1.000000000000,12979505.000000,12979505.000000
HAMILTON - T 0002,HAMILTON - T 0002,063,55063002935,002935,94,1.000000000000,22745167.000000,22745167.000000
WEST SALEM - V 0008,West Salem - V 0008,063,55063002936,002936,94,1.000000000000,136333.000000,136333.000000
BANGOR - T 0001,BANGOR - T 0001,063,55063002937,002937,95,1.000000000000,89816154.000000,89816154.000000
HOLMEN - V 0013,Holmen - V 0013,063,55063003005,003005,94,1.000000000000,238625.000000,238625.000000
HOLMEN - V 0014,Holmen - V 0014,063,55063003006,003006,94,1.000000000000,525175.000000,525175.000000
LA CROSSE - C 0035,La Crosse - C 0035,063,55063080031,080031,95,1.000000000000,3247.000000,3247.000000
ELK GROVE - T 0002,ELK GROVE - T 0002,065,55065002938,002938,51,1.000000000000,14730451.000000,14730451.000000
SOUTH WAYNE - V 0001,South Wayne - V 0001,065,55065002939,002939,51,1.000000000000,2155411.000000,2155411.000000
SHULLSBURG - C 0001,Shullsburg - C 0001,065,55065002940,002940,51,1.000000000000,786266.000000,786266.000000
SHULLSBURG - C 0002,Shullsburg - C 0002,065,55065002941,002941,51,1.000000000000,1993076.000000,1993076.000000
SHULLSBURG - C 0003,Shullsburg - C 0003,065,55065002942,002942,51,1.000000000000,674955.000000,674955.000000
SEYMOUR - T 0001,SEYMOUR - T 0001,065,55065002943,002943,51,1.000000000000,62749120.000000,62749120.000000
SEYMOUR - T 0002,SEYMOUR - T 0002,065,55065002944,002944,51,1.000000000000,30809355.000000,30809355.000000
GRATIOT - V 0001,Gratiot - V 0001,065,55065002945,002945,51,1.000000000000,1420287.000000,1420287.000000
SHULLSBURG - T 0001,SHULLSBURG - T 0001,065,55065002946,002946,51,1.000000000000,90038188.000000,90038188.000000
CUBA CITY - C 0005,Cuba City - C 0005,065,55065002947,002947,51,1.000000000000,472326.000000,472326.000000
HAZEL GREEN - V 0003,Hazel Green - V 0003,065,55065002948,002948,51,1.000000000000,115476.000000,115476.000000
LAMONT - T 0001,LAMONT - T 0001,065,55065002949,002949,51,1.000000000000,38090360.000000,38090360.000000
LAMONT - T 0002,LAMONT - T 0002,065,55065002950,002950,51,1.000000000000,13533768.000000,13533768.000000
ARGYLE - V 0001,Argyle - V 0001,065,55065002951,002951,51,1.000000000000,1627340.000000,1627340.000000
FAYETTE - T 0002,FAYETTE - T 0002,065,55065002952,002952,51,1.000000000000,21463115.000000,21463115.000000
BLANCHARDVILLE - V 0001,Blanchardville - V 0001,065,55065002953,002953,51,1.000000000000,995982.000000,995982.000000
DARLINGTON - C 0005,Darlington - C 0005,065,55065002954,002954,51,1.000000000000,343312.000000,343312.000000
DARLINGTON - C 0006,Darlington - C 0006,065,55065002955,002955,51,1.000000000000,92397.000000,92397.000000
WIOTA - T 0001,WIOTA - T 0001,065,55065002956,002956,51,1.000000000000,136810707.000000,136810707.000000
ELK GROVE - T 0001,ELK GROVE - T 0001,065,55065002957,002957,51,1.000000000000,79273493.000000,79273493.000000
MONTICELLO - T 0001,MONTICELLO - T 0001,065,55065002958,002958,51,1.000000000000,50860170.000000,50860170.000000
GRATIOT - T 0001,GRATIOT - T 0001,065,55065002959,002959,51,1.000000000000,140854818.000000,140854818.000000
WAYNE - T 0001,WAYNE - T 0001,065,55065002960,002960,51,1.000000000000,95152443.000000,95152443.000000
ARGYLE - T 0003,ARGYLE - T 0003,065,55065002961,002961,51,1.000000000000,23176477.000000,23176477.000000
ARGYLE - T 0002,ARGYLE - T 0002,065,55065002962,002962,51,1.000000000000,38223775.000000,38223775.000000
ARGYLE - T 0001,ARGYLE - T 0001,065,55065002963,002963,51,1.000000000000,30779527.000000,30779527.000000
BLANCHARD - T 0001,BLANCHARD - T 0001,065,55065002964,002964,51,1.000000000000,45466811.000000,45466811.000000
FAYETTE - T 0001,FAYETTE - T 0001,065,55065002965,002965,51,1.000000000000,71466155.000000,71466155.000000
WILLOW SPRINGS - T 0001,WILLOW SPRINGS - T 0001,065,55065002966,002966,51,1.000000000000,124893541.000000,124893541.000000
BENTON - T 0001,BENTON - T 0001,065,55065002967,002967,51,1.000000000000,47142181.000000,47142181.000000
BENTON - V 0001,Benton - V 0001,065,55065002968,002968,51,1.000000000000,2179670.000000,2179670.000000
DARLINGTON - C 0004,Darlington - C 0004,065,55065002969,002969,51,1.000000000000,361535.000000,361535.000000
DARLINGTON - C 0003,Darlington - C 0003,065,55065002970,002970,51,1.000000000000,604945.000000,604945.000000
DARLINGTON - T 0001,DARLINGTON - T 0001,065,55065002972,002972,51,1.000000000000,49462774.000000,49462774.000000
NEW DIGGINGS - T 0001,NEW DIGGINGS - T 0001,065,55065002973,002973,51,1.000000000000,65470141.000000,65470141.000000
BENTON - T 0002,BENTON - T 0002,065,55065002974,002974,51,1.000000000000,25378801.000000,25378801.000000
WHITE OAK SPRINGS - T 0001,WHITE OAK SPRINGS - T 0001,065,55065002975,002975,51,1.000000000000,42826213.000000,42826213.000000
DARLINGTON - C 0002,Darlington - C 0002,065,55065002976,002976,51,1.000000000000,867886.000000,867886.000000
KENDALL - T 0001,KENDALL - T 0001,065,55065002979,002979,51,1.000000000000,110168569.000000,110168569.000000
BELMONT - T 0001,BELMONT - T 0001,065,55065002980,002980,51,1.000000000000,85775627.000000,85775627.000000
BELMONT - T 0002,BELMONT - T 0002,065,55065002983,002983,51,1.000000000000,20561313.000000,20561313.000000
BELMONT - V 0001,Belmont - V 0001,065,55065002984,002984,51,1.000000000000,2224835.000000,2224835.000000
DARLINGTON - C 0001,Darlington - C 0001,065,55065002985,002985,51,1.000000000000,1974225.000000,1974225.000000
DARLINGTON - T 0002,DARLINGTON - T 0002,065,55065002986,002986,51,1.000000000000,33318890.000000,33318890.000000
DARLINGTON - T 0003,DARLINGTON - T 0003,065,55065002987,002987,51,1.000000000000,36157730.000000,36157730.000000
PARRISH - T 0001,PARRISH - T 0001,067,55067002988,002988,35,1.000000000000,94451493.000000,94451493.000000
ELCHO - T 0001,ELCHO - T 0001,067,55067002989,002989,35,1.000000000000,153852621.000000,153852621.000000
AINSWORTH - T 0001,AINSWORTH - T 0001,067,55067002990,002990,35,1.000000000000,186759536.000000,186759536.000000
ELCHO - T 0002,ELCHO - T 0002,067,55067002991,002991,35,1.000000000000,40980608.000000,40980608.000000
WOLF RIVER - T 0002,WOLF RIVER - T 0002,067,55067002992,002992,35,1.000000000000,174450198.000000,174450198.000000
LANGLADE - T 0002,LANGLADE - T 0002,067,55067002993,002993,35,1.000000000000,31296090.000000,31296090.000000
UPHAM - T 0001,UPHAM - T 0001,067,55067002994,002994,35,1.000000000000,191427854.000000,191427854.000000
SUMMIT - T 0001,SUMMIT - T 0001,067,55067002995,002995,35,1.000000000000,94104658.000000,94104658.000000
LANGLADE - T 0001,LANGLADE - T 0001,067,55067002996,002996,35,1.000000000000,156510368.000000,156510368.000000
NEVA - T 0001,NEVA - T 0001,067,55067002997,002997,35,1.000000000000,97784958.000000,97784958.000000
PRICE - T 0002,PRICE - T 0002,067,55067002998,002998,35,1.000000000000,61790096.000000,61790096.000000
PECK - T 0001,PECK - T 0001,067,55067002999,002999,35,1.000000000000,96340318.000000,96340318.000000
PRICE - T 0001,PRICE - T 0001,067,55067003000,003000,35,1.000000000000,32309724.000000,32309724.000000
VILAS - T 0001,VILAS - T 0001,067,55067003001,003001,35,1.000000000000,92797689.000000,92797689.000000
WOLF RIVER - T 0001,WOLF RIVER - T 0001,067,55067003002,003002,35,1.000000000000,133419307.000000,133419307.000000
EVERGREEN - T 0001,EVERGREEN - T 0001,067,55067003003,003003,35,1.000000000000,93623830.000000,93623830.000000
POLAR - T 0001,POLAR - T 0001,067,55067003004,003004,35,1.000000000000,85264130.000000,85264130.000000
ACKLEY - T 0001,ACKLEY - T 0001,067,55067003005,003005,35,1.000000000000,183926687.000000,183926687.000000
ANTIGO - C 0001,Antigo - C 0001,067,55067003006,003006,35,1.000000000000,3677397.000000,3677397.000000
WHITE LAKE - V 0001,White Lake - V 0001,067,55067003007,003007,35,1.000000000000,6193693.000000,6193693.000000
ANTIGO - T 0001,ANTIGO - T 0001,067,55067003008,003008,35,1.000000000000,63973825.000000,63973825.000000
ANTIGO - C 0004,Antigo - C 0004,067,55067003009,003009,35,1.000000000000,1401474.000000,1401474.000000
ANTIGO - C 0003,Antigo - C 0003,067,55067003010,003010,35,1.000000000000,562783.000000,562783.000000
ANTIGO - C 0007,Antigo - C 0007,067,55067003011,003011,35,1.000000000000,2491381.000000,2491381.000000
ANTIGO - C 0006,Antigo - C 0006,067,55067003012,003012,35,1.000000000000,944211.000000,944211.000000
ANTIGO - C 0005,Antigo - C 0005,067,55067003013,003013,35,1.000000000000,598655.000000,598655.000000
ANTIGO - T 0002,ANTIGO - T 0002,067,55067003014,003014,35,1.000000000000,16597509.000000,16597509.000000
POLAR - T 0002,POLAR - T 0002,067,55067003015,003015,35,1.000000000000,7904458.000000,7904458.000000
ANTIGO - C 0008,Antigo - C 0008,067,55067003016,003016,35,1.000000000000,2728774.000000,2728774.000000
ANTIGO - C 0009,Antigo - C 0009,067,55067003017,003017,35,1.000000000000,1784512.000000,1784512.000000
NORWOOD - T 0001,NORWOOD - T 0001,067,55067003020,003020,35,1.000000000000,93534470.000000,93534470.000000
ROLLING - T 0001,ROLLING - T 0001,067,55067003021,003021,35,1.000000000000,22603380.000000,22603380.000000
ROLLING - T 0002,ROLLING - T 0002,067,55067003022,003022,35,1.000000000000,70619999.000000,70619999.000000
ANTIGO - C 0002,Antigo - C 0002,067,55067003023,003023,35,1.000000000000,2669026.000000,2669026.000000
SCOTT - T 0002,SCOTT - T 0002,069,55069003025,003025,35,1.000000000000,17318636.000000,17318636.000000
PINE RIVER - T 0002,PINE RIVER - T 0002,069,55069003026,003026,35,1.000000000000,26731518.000000,26731518.000000
MERRILL - C 0017,Merrill - C 0017,069,55069003027,003027,35,1.000000000000,3395947.000000,3395947.000000
MERRILL - C 0016,Merrill - C 0016,069,55069003028,003028,35,1.000000000000,729217.000000,729217.000000
MERRILL - C 0014,Merrill - C 0014,069,55069003029,003029,35,1.000000000000,755619.000000,755619.000000
MERRILL - C 0015,Merrill - C 0015,069,55069003030,003030,35,1.000000000000,88336.000000,88336.000000
MERRILL - C 0007,Merrill - C 0007,069,55069003031,003031,35,1.000000000000,902453.000000,902453.000000
MERRILL - C 0005,Merrill - C 0005,069,55069003032,003032,35,1.000000000000,46453.000000,46453.000000
MERRILL - C 0018,Merrill - C 0018,069,55069003033,003033,35,1.000000000000,347729.000000,347729.000000
MERRILL - C 0009,Merrill - C 0009,069,55069003034,003034,35,1.000000000000,209430.000000,209430.000000
MERRILL - C 0019,Merrill - C 0019,069,55069003035,003035,35,1.000000000000,2278267.000000,2278267.000000
MERRILL - C 0004,Merrill - C 0004,069,55069003036,003036,35,1.000000000000,376343.000000,376343.000000
MERRILL - C 0012,Merrill - C 0012,069,55069003037,003037,35,1.000000000000,312822.000000,312822.000000
MERRILL - C 0006,Merrill - C 0006,069,55069003038,003038,35,1.000000000000,532035.000000,532035.000000
MERRILL - C 0013,Merrill - C 0013,069,55069003039,003039,35,1.000000000000,3127885.000000,3127885.000000
MERRILL - C 0002,Merrill - C 0002,069,55069003040,003040,35,1.000000000000,535411.000000,535411.000000
MERRILL - C 0008,Merrill - C 0008,069,55069003041,003041,35,1.000000000000,933076.000000,933076.000000
MERRILL - C 0010,Merrill - C 0010,069,55069003042,003042,35,1.000000000000,213182.000000,213182.000000
CORNING - T 0001,CORNING - T 0001,069,55069003043,003043,35,1.000000000000,36560485.000000,36560485.000000
MERRILL - C 0003,Merrill - C 0003,069,55069003045,003045,35,1.000000000000,850064.000000,850064.000000
MERRILL - C 0001,Merrill - C 0001,069,55069003046,003046,35,1.000000000000,1821623.000000,1821623.000000
MERRILL - C 0011,Merrill - C 0011,069,55069003047,003047,35,1.000000000000,3490880.000000,3490880.000000
MERRILL - T 0007,MERRILL - T 0007,069,55069003048,003048,35,1.000000000000,1493408.000000,1493408.000000
PINE RIVER - T 0001,PINE RIVER - T 0001,069,55069003049,003049,35,1.000000000000,94840107.000000,94840107.000000
PINE RIVER - T 0003,PINE RIVER - T 0003,069,55069003050,003050,35,1.000000000000,43882922.000000,43882922.000000
SCOTT - T 0001,SCOTT - T 0001,069,55069003051,003051,35,1.000000000000,62206707.000000,62206707.000000
MERRILL - T 0001,MERRILL - T 0001,069,55069003052,003052,35,1.000000000000,5030763.000000,5030763.000000
MERRILL - T 0006,MERRILL - T 0006,069,55069003053,003053,35,1.000000000000,6664398.000000,6664398.000000
MERRILL - T 0002,MERRILL - T 0002,069,55069003054,003054,35,1.000000000000,28124409.000000,28124409.000000
SCHLEY - T 0002,SCHLEY - T 0002,069,55069003055,003055,35,1.000000000000,20915102.000000,20915102.000000
MERRILL - T 0003,MERRILL - T 0003,069,55069003056,003056,35,1.000000000000,20849753.000000,20849753.000000
MERRILL - T 0005,MERRILL - T 0005,069,55069003057,003057,35,1.000000000000,2873066.000000,2873066.000000
SCHLEY - T 0001,SCHLEY - T 0001,069,55069003058,003058,35,1.000000000000,104406698.000000,104406698.000000
MERRILL - T 0004,MERRILL - T 0004,069,55069003059,003059,35,1.000000000000,73176895.000000,73176895.000000
RUSSELL - T 0001,RUSSELL - T 0001,069,55069003060,003060,35,1.000000000000,94026792.000000,94026792.000000
BIRCH - T 0001,BIRCH - T 0001,069,55069003061,003061,35,1.000000000000,93543142.000000,93543142.000000
ROCK FALLS - T 0001,ROCK FALLS - T 0001,069,55069003062,003062,35,1.000000000000,101027547.000000,101027547.000000
ROCK FALLS - T 0002,ROCK FALLS - T 0002,069,55069003063,003063,35,1.000000000000,26272958.000000,26272958.000000
HARDING - T 0001,HARDING - T 0001,069,55069003064,003064,35,1.000000000000,188443248.000000,188443248.000000
CORNING - T 0002,CORNING - T 0002,069,55069003065,003065,35,1.000000000000,343238069.000000,343238069.000000
HARRISON - T 0002,HARRISON - T 0002,069,55069003066,003066,35,1.000000000000,17224558.000000,17224558.000000
SKANAWAN - T 0001,SKANAWAN - T 0001,069,55069003067,003067,35,1.000000000000,93288032.000000,93288032.000000
TOMAHAWK - C 0003,Tomahawk - C 0003,069,55069003068,003068,35,1.000000000000,790.000000,790.000000
TOMAHAWK - T 0001,TOMAHAWK - T 0001,069,55069003069,003069,35,1.000000000000,184955769.000000,184955769.000000
BRADLEY - T 0005,BRADLEY - T 0005,069,55069003070,003070,35,1.000000000000,14700622.000000,14700622.000000
TOMAHAWK - C 0004,Tomahawk - C 0004,069,55069003071,003071,35,1.000000000000,2641463.000000,2641463.000000
TOMAHAWK - C 0001,Tomahawk - C 0001,069,55069003072,003072,35,1.000000000000,628089.000000,628089.000000
TOMAHAWK - C 0002,Tomahawk - C 0002,069,55069003073,003073,35,1.000000000000,782687.000000,782687.000000
TOMAHAWK - C 0003,Tomahawk - C 0003,069,55069003074,003074,35,1.000000000000,8149468.000000,8149468.000000
TOMAHAWK - C 0005,Tomahawk - C 0005,069,55069003075,003075,35,1.000000000000,3074503.000000,3074503.000000
KING - T 0002,KING - T 0002,069,55069003076,003076,35,1.000000000000,17458572.000000,17458572.000000
BRADLEY - T 0003,BRADLEY - T 0003,069,55069003077,003077,35,1.000000000000,4100074.000000,4100074.000000
TOMAHAWK - C 0006,Tomahawk - C 0006,069,55069003078,003078,35,1.000000000000,9224616.000000,9224616.000000
BRADLEY - T 0002,BRADLEY - T 0002,069,55069003079,003079,35,1.000000000000,29158724.000000,29158724.000000
BRADLEY - T 0004,BRADLEY - T 0004,069,55069003080,003080,35,1.000000000000,97847896.000000,97847896.000000
SOMO - T 0001,SOMO - T 0001,069,55069003082,003082,35,1.000000000000,94061326.000000,94061326.000000
WILSON - T 0001,WILSON - T 0001,069,55069003083,003083,35,1.000000000000,94065545.000000,94065545.000000
BRADLEY - T 0001,BRADLEY - T 0001,069,55069003084,003084,35,1.000000000000,17070398.000000,17070398.000000
KING - T 0001,KING - T 0001,069,55069003085,003085,35,1.000000000000,77974978.000000,77974978.000000
HARRISON - T 0003,HARRISON - T 0003,069,55069003086,003086,35,1.000000000000,35726844.000000,35726844.000000
HARRISON - T 0001,HARRISON - T 0001,069,55069003087,003087,35,1.000000000000,133869240.000000,133869240.000000
KIEL - C 0004,Kiel - C 0004,071,55071003088,003088,27,1.000000000000,818769.000000,818769.000000
CLEVELAND - V 0001,Cleveland - V 0001,071,55071003089,003089,25,1.000000000000,3366495.000000,3366495.000000
CENTERVILLE - T 0001,CENTERVILLE - T 0001,071,55071003090,003090,25,1.000000000000,350851567.000000,350851567.000000
MEEME - T 0001,MEEME - T 0001,071,55071003091,003091,25,1.000000000000,40097177.000000,40097177.000000
SCHLESWIG - T 0002,SCHLESWIG - T 0002,071,55071003092,003092,27,1.000000000000,47524164.000000,47524164.000000
ST. NAZIANZ - V 0001,St. Nazianz - V 0001,071,55071003093,003093,3,1.000000000000,2111385.000000,2111385.000000
MANITOWOC - C 0002,Manitowoc - C 0002,071,55071003094,003094,25,1.000000000000,166105294.000000,166105294.000000
MANITOWOC - T 0001,MANITOWOC - T 0001,071,55071003095,003095,25,1.000000000000,5233928.000000,5233928.000000
NEWTON - T 0003,NEWTON - T 0003,071,55071003096,003096,25,1.000000000000,35872652.000000,35872652.000000
LIBERTY - T 0002,LIBERTY - T 0002,071,55071003097,003097,3,1.000000000000,59288667.000000,59288667.000000
EATON - T 0001,EATON - T 0001,071,55071003098,003098,3,1.000000000000,91834386.000000,91834386.000000
MANITOWOC RAPIDS - T 0005,MANITOWOC RAPIDS - T 0005,071,55071003099,003099,25,1.000000000000,1698120.000000,1698120.000000
VALDERS - V 0001,Valders - V 0001,071,55071003100,003100,3,1.000000000000,3732414.000000,3732414.000000
MANITOWOC - C 0018,Manitowoc - C 0018,071,55071003101,003101,25,1.000000000000,8848639.000000,8848639.000000
WHITELAW - V 0001,Whitelaw - V 0001,071,55071003102,003102,3,1.000000000000,1372512.000000,1372512.000000
MANITOWOC RAPIDS - T 0004,MANITOWOC RAPIDS - T 0004,071,55071003103,003103,25,1.000000000000,20591326.000000,20591326.000000
MANITOWOC - T 0002,MANITOWOC - T 0002,071,55071003104,003104,25,1.000000000000,10586609.000000,10586609.000000
CATO - T 0002,CATO - T 0002,071,55071003105,003105,3,1.000000000000,43046664.000000,43046664.000000
ROCKLAND - T 0001,ROCKLAND - T 0001,071,55071003106,003106,3,1.000000000000,51079973.000000,51079973.000000
REEDSVILLE - V 0002,Reedsville - V 0002,071,55071003107,003107,2,0.994105559044,1848925.000000,1859888.000000
REEDSVILLE - V 0002,Reedsville - V 0002,071,55071003107,003107,3,0.005894440956,10963.000000,1859888.000000
TWO RIVERS - C 0008,Two Rivers - C 0008,071,55071003108,003108,25,1.000000000000,4290419.000000,4290419.000000
KELLNERSVILLE - V 0001,Kellnersville - V 0001,071,55071003109,003109,2,1.000000000000,1397425.000000,1397425.000000
TWO RIVERS - T 0002,TWO RIVERS - T 0002,071,55071003110,003110,25,1.000000000000,60968054.000000,60968054.000000
FRANKLIN - T 0002,FRANKLIN - T 0002,071,55071003111,003111,2,1.000000000000,41906527.000000,41906527.000000
MAPLE GROVE - T 0001,MAPLE GROVE - T 0001,071,55071003112,003112,2,1.000000000000,91601691.000000,91601691.000000
MISHICOT - V 0002,Mishicot - V 0002,071,55071003113,003113,2,1.000000000000,4760386.000000,4760386.000000
MARIBEL - V 0001,Maribel - V 0001,071,55071003114,003114,2,1.000000000000,2966211.000000,2966211.000000
MISHICOT - T 0001,MISHICOT - T 0001,071,55071003115,003115,2,1.000000000000,40090611.000000,40090611.000000
TWO CREEKS - T 0001,TWO CREEKS - T 0001,071,55071003116,003116,2,0.085739098577,43294163.000000,504952393.000000
TWO CREEKS - T 0001,TWO CREEKS - T 0001,071,55071003116,003116,25,0.914260901423,461658230.000000,504952393.000000
GIBSON - T 0001,GIBSON - T 0001,071,55071003117,003117,2,1.000000000000,47241647.000000,47241647.000000
COOPERSTOWN - T 0001,COOPERSTOWN - T 0001,071,55071003118,003118,2,1.000000000000,47158694.000000,47158694.000000
COOPERSTOWN - T 0002,COOPERSTOWN - T 0002,071,55071003119,003119,2,1.000000000000,43860248.000000,43860248.000000
GIBSON - T 0002,GIBSON - T 0002,071,55071003120,003120,2,1.000000000000,44229345.000000,44229345.000000
MISHICOT - T 0002,MISHICOT - T 0002,071,55071003121,003121,2,1.000000000000,31376248.000000,31376248.000000
MISHICOT - V 0003,Mishicot - V 0003,071,55071003122,003122,2,1.000000000000,148570.000000,148570.000000
MISHICOT - V 0001,Mishicot - V 0001,071,55071003123,003123,2,1.000000000000,1821539.000000,1821539.000000
TWO RIVERS - T 0001,TWO RIVERS - T 0001,071,55071003124,003124,25,1.000000000000,26840226.000000,26840226.000000
TWO RIVERS - C 0004,Two Rivers - C 0004,071,55071003125,003125,25,1.000000000000,2085145.000000,2085145.000000
TWO RIVERS - C 0006,Two Rivers - C 0006,071,55071003126,003126,25,1.000000000000,2427048.000000,2427048.000000
TWO RIVERS - C 0002,Two Rivers - C 0002,071,55071003127,003127,25,1.000000000000,2132764.000000,2132764.000000
TWO RIVERS - C 0001,Two Rivers - C 0001,071,55071003128,003128,25,1.000000000000,2489360.000000,2489360.000000
TWO RIVERS - C 0003,Two Rivers - C 0003,071,55071003129,003129,25,1.000000000000,1549160.000000,1549160.000000
TWO RIVERS - C 0005,Two Rivers - C 0005,071,55071003130,003130,25,1.000000000000,737050.000000,737050.000000
TWO RIVERS - C 0007,Two Rivers - C 0007,071,55071003131,003131,25,1.000000000000,68274211.000000,68274211.000000
KOSSUTH - T 0003,KOSSUTH - T 0003,071,55071003132,003132,2,1.000000000000,15025826.000000,15025826.000000
KOSSUTH - T 0001,KOSSUTH - T 0001,071,55071003133,003133,2,1.000000000000,46353728.000000,46353728.000000
KOSSUTH - T 0002,KOSSUTH - T 0002,071,55071003134,003134,2,1.000000000000,38714713.000000,38714713.000000
FRANKLIN - T 0001,FRANKLIN - T 0001,071,55071003135,003135,2,1.000000000000,38267388.000000,38267388.000000
FRANKLIN - T 0003,FRANKLIN - T 0003,071,55071003136,003136,2,1.000000000000,13505018.000000,13505018.000000
ROCKLAND - T 0002,ROCKLAND - T 0002,071,55071003137,003137,3,1.000000000000,40328719.000000,40328719.000000
REEDSVILLE - V 0001,Reedsville - V 0001,071,55071003138,003138,2,1.000000000000,1305144.000000,1305144.000000
CATO - T 0001,CATO - T 0001,071,55071003139,003139,3,1.000000000000,47302668.000000,47302668.000000
MANITOWOC RAPIDS - T 0003,MANITOWOC RAPIDS - T 0003,071,55071003140,003140,25,1.000000000000,13618620.000000,13618620.000000
MANITOWOC RAPIDS - T 0002,MANITOWOC RAPIDS - T 0002,071,55071003141,003141,25,1.000000000000,15062417.000000,15062417.000000
MANITOWOC RAPIDS - T 0001,MANITOWOC RAPIDS - T 0001,071,55071003142,003142,25,1.000000000000,19729104.000000,19729104.000000
NEWTON - T 0002,NEWTON - T 0002,071,55071003143,003143,25,1.000000000000,20830526.000000,20830526.000000
NEWTON - T 0001,NEWTON - T 0001,071,55071003144,003144,25,1.000000000000,1360203337.000000,1360203337.000000
LIBERTY - T 0001,LIBERTY - T 0001,071,55071003145,003145,3,1.000000000000,32625374.000000,32625374.000000
KIEL - C 0001,Kiel - C 0001,071,55071003146,003146,27,1.000000000000,2056859.000000,2056859.000000
KIEL - C 0008,Kiel - C 0008,071,55071003147,003147,27,1.000000000000,234641.000000,234641.000000
KIEL - C 0002,Kiel - C 0002,071,55071003148,003148,27,1.000000000000,1031255.000000,1031255.000000
KIEL - C 0005,Kiel - C 0005,071,55071003149,003149,27,1.000000000000,410986.000000,410986.000000
KIEL - C 0003,Kiel - C 0003,071,55071003150,003150,27,1.000000000000,826533.000000,826533.000000
KIEL - C 0006,Kiel - C 0006,071,55071003151,003151,27,1.000000000000,392223.000000,392223.000000
MEEME - T 0003,MEEME - T 0003,071,55071003152,003152,25,1.000000000000,11266134.000000,11266134.000000
MEEME - T 0002,MEEME - T 0002,071,55071003153,003153,25,1.000000000000,32823199.000000,32823199.000000
MEEME - T 0004,MEEME - T 0004,071,55071003154,003154,25,1.000000000000,9806746.000000,9806746.000000
CLEVELAND - V 0002,Cleveland - V 0002,071,55071003155,003155,25,1.000000000000,1764119.000000,1764119.000000
MANITOWOC - C 0003,Manitowoc - C 0003,071,55071003156,003156,25,1.000000000000,5390998.000000,5390998.000000
MANITOWOC - C 0004,Manitowoc - C 0004,071,55071003157,003157,25,1.000000000000,3517481.000000,3517481.000000
MANITOWOC - C 0022,Manitowoc - C 0022,071,55071003158,003158,25,1.000000000000,54174.000000,54174.000000
MANITOWOC - C 0015,Manitowoc - C 0015,071,55071003159,003159,25,1.000000000000,2260119.000000,2260119.000000
MANITOWOC - C 0016,Manitowoc - C 0016,071,55071003160,003160,25,1.000000000000,3771719.000000,3771719.000000
MANITOWOC - C 0019,Manitowoc - C 0019,071,55071003161,003161,25,1.000000000000,2372924.000000,2372924.000000
MANITOWOC - C 0020,Manitowoc - C 0020,071,55071003162,003162,25,1.000000000000,2289987.000000,2289987.000000
MANITOWOC - C 0012,Manitowoc - C 0012,071,55071003163,003163,25,1.000000000000,2816847.000000,2816847.000000
MANITOWOC - C 0011,Manitowoc - C 0011,071,55071003164,003164,25,1.000000000000,1519412.000000,1519412.000000
MANITOWOC - C 0006,Manitowoc - C 0006,071,55071003165,003165,25,1.000000000000,2701077.000000,2701077.000000
MANITOWOC - C 0005,Manitowoc - C 0005,071,55071003166,003166,25,1.000000000000,4774237.000000,4774237.000000
MANITOWOC - C 0008,Manitowoc - C 0008,071,55071003167,003167,25,1.000000000000,583245.000000,583245.000000
MANITOWOC - C 0007,Manitowoc - C 0007,071,55071003168,003168,25,1.000000000000,1255814.000000,1255814.000000
MANITOWOC - C 0010,Manitowoc - C 0010,071,55071003169,003169,25,1.000000000000,1487532.000000,1487532.000000
MANITOWOC - C 0009,Manitowoc - C 0009,071,55071003170,003170,25,1.000000000000,1808155.000000,1808155.000000
MANITOWOC - C 0017,Manitowoc - C 0017,071,55071003171,003171,25,1.000000000000,2639019.000000,2639019.000000
MANITOWOC - C 0014,Manitowoc - C 0014,071,55071003172,003172,25,1.000000000000,1142157.000000,1142157.000000
MANITOWOC - C 0013,Manitowoc - C 0013,071,55071003173,003173,25,1.000000000000,925226.000000,925226.000000
MANITOWOC - C 0001,Manitowoc - C 0001,071,55071003174,003174,25,1.000000000000,797204.000000,797204.000000
MANITOWOC - C 0021,Manitowoc - C 0021,071,55071003175,003175,25,1.000000000000,4180.000000,4180.000000
MANITOWOC - C 0023,Manitowoc - C 0023,071,55071003176,003176,25,1.000000000000,81852.000000,81852.000000
MANITOWOC - C 0024,Manitowoc - C 0024,071,55071003177,003177,25,1.000000000000,7353.000000,7353.000000
FRANCIS CREEK - V 0001,Francis Creek - V 0001,071,55071003178,003178,2,1.000000000000,2943302.000000,2943302.000000
MANITOWOC - C 0025,Manitowoc - C 0025,071,55071003179,003179,25,1.000000000000,9363.000000,9363.000000
KIEL - C 0009,Kiel - C 0009,071,55071003181,003181,27,1.000000000000,5843.000000,5843.000000
SCHLESWIG - T 0001,SCHLESWIG - T 0001,071,55071003182,003182,27,1.000000000000,39757346.000000,39757346.000000
MISHICOT - V 0004,Mishicot - V 0004,071,55071003183,003183,2,1.000000000000,2763.000000,2763.000000
MANITOWOC - C 0026,Manitowoc - C 0026,071,55071003184,003184,25,1.000000000000,2354.000000,2354.000000
REEDSVILLE - V 0003,Reedsville - V 0003,071,55071008080,008080,2,1.000000000000,2229.000000,2229.000000
MANITOWOC - C 0029,Manitowoc - C 0029,071,55071008081,008081,25,1.000000000000,569.000000,569.000000
MANITOWOC - C 0028,Manitowoc - C 0028,071,55071008082,008082,25,1.000000000000,4608.000000,4608.000000
MANITOWOC - C 0027,Manitowoc - C 0027,071,55071008083,008083,25,1.000000000000,182.000000,182.000000
BERN - T 0001,BERN - T 0001,073,55073003188,003188,69,1.000000000000,88181323.000000,88181323.000000
HALSEY - T 0001,HALSEY - T 0001,073,55073003189,003189,69,1.000000000000,85833243.000000,85833243.000000
HAMBURG - T 0001,HAMBURG - T 0001,073,55073003190,003190,69,1.000000000000,91552524.000000,91552524.000000
BERLIN - T 0001,BERLIN - T 0001,073,55073003191,003191,35,1.000000000000,66192208.000000,66192208.000000
TEXAS - T 0002,TEXAS - T 0002,073,55073003192,003192,35,1.000000000000,50768588.000000,50768588.000000
MAINE - V 0004,Maine - V 0004,073,55073003193,003193,35,1.000000000000,26326401.000000,26326401.000000
HARRISON - T 0001,HARRISON - T 0001,073,55073003194,003194,35,1.000000000000,95005630.000000,95005630.000000
MAINE - V 0001,Maine - V 0001,073,55073003195,003195,35,1.000000000000,47457987.000000,47457987.000000
HEWITT - T 0001,HEWITT - T 0001,073,55073003196,003196,35,1.000000000000,112607944.000000,112607944.000000
BERLIN - T 0002,BERLIN - T 0002,073,55073003197,003197,35,1.000000000000,23696299.000000,23696299.000000
ATHENS - V 0001,Athens - V 0001,073,55073003198,003198,69,1.000000000000,3609789.000000,3609789.000000
ATHENS - V 0002,Athens - V 0002,073,55073003199,003199,69,1.000000000000,2736441.000000,2736441.000000
HOLTON - T 0001,HOLTON - T 0001,073,55073003200,003200,69,1.000000000000,89397339.000000,89397339.000000
JOHNSON - T 0001,JOHNSON - T 0001,073,55073003201,003201,69,1.000000000000,90700481.000000,90700481.000000
EASTON - T 0001,EASTON - T 0001,073,55073003202,003202,35,1.000000000000,48724978.000000,48724978.000000
EASTON - T 0002,EASTON - T 0002,073,55073003203,003203,35,1.000000000000,62295439.000000,62295439.000000
PLOVER - T 0001,PLOVER - T 0001,073,55073003204,003204,35,1.000000000000,93354632.000000,93354632.000000
DORCHESTER - V 0002,Dorchester - V 0002,073,55073003205,003205,69,1.000000000000,13071.000000,13071.000000
DORCHESTER - V 0003,Dorchester - V 0003,073,55073003206,003206,69,1.000000000000,24419.000000,24419.000000
DORCHESTER - V 0002,Dorchester - V 0002,073,55073003207,003207,69,1.000000000000,220578.000000,220578.000000
WAUSAU - C 0017,Wausau - C 0017,073,55073003208,003208,85,1.000000000000,2753322.000000,2753322.000000
WAUSAU - C 0029,Wausau - C 0029,073,55073003209,003209,85,1.000000000000,207553.000000,207553.000000
WAUSAU - C 0034,Wausau - C 0034,073,55073003210,003210,85,1.000000000000,15858.000000,15858.000000
WAUSAU - C 0018,Wausau - C 0018,073,55073003211,003211,85,1.000000000000,1969769.000000,1969769.000000
WAUSAU - C 0032,Wausau - C 0032,073,55073003212,003212,85,1.000000000000,4330.000000,4330.000000
WAUSAU - C 0024,Wausau - C 0024,073,55073003213,003213,85,1.000000000000,5122712.000000,5122712.000000
WAUSAU - C 0019,Wausau - C 0019,073,55073003214,003214,85,1.000000000000,1211934.000000,1211934.000000
WAUSAU - C 0020,Wausau - C 0020,073,55073003215,003215,85,1.000000000000,906693.000000,906693.000000
WAUSAU - T 0003,WAUSAU - T 0003,073,55073003216,003216,85,1.000000000000,13624544.000000,13624544.000000
WAUSAU - C 0012,Wausau - C 0012,073,55073003217,003217,85,1.000000000000,1001073.000000,1001073.000000
WAUSAU - C 0006,Wausau - C 0006,073,55073003218,003218,85,1.000000000000,1307468.000000,1307468.000000
WAUSAU - C 0008,Wausau - C 0008,073,55073003219,003219,85,1.000000000000,1830426.000000,1830426.000000
WAUSAU - C 0023,Wausau - C 0023,073,55073003220,003220,85,1.000000000000,1423776.000000,1423776.000000
WAUSAU - C 0007,Wausau - C 0007,073,55073003221,003221,85,1.000000000000,1114110.000000,1114110.000000
WAUSAU - C 0031,Wausau - C 0031,073,55073003222,003222,85,1.000000000000,165769.000000,165769.000000
WAUSAU - C 0011,Wausau - C 0011,073,55073003223,003223,85,1.000000000000,67273.000000,67273.000000
WAUSAU - C 0010,Wausau - C 0010,073,55073003224,003224,85,1.000000000000,1243771.000000,1243771.000000
ABBOTSFORD - C 0001,Abbotsford - C 0001,073,55073003225,003225,69,1.000000000000,3948291.000000,3948291.000000
WAUSAU - C 0005,Wausau - C 0005,073,55073003226,003226,85,1.000000000000,844546.000000,844546.000000
WAUSAU - C 0009,Wausau - C 0009,073,55073003227,003227,85,1.000000000000,1017323.000000,1017323.000000
WAUSAU - C 0027,Wausau - C 0027,073,55073003228,003228,85,1.000000000000,3074.000000,3074.000000
WAUSAU - C 0021,Wausau - C 0021,073,55073003229,003229,85,1.000000000000,1985300.000000,1985300.000000
WAUSAU - C 0022,Wausau - C 0022,073,55073003230,003230,85,1.000000000000,1477711.000000,1477711.000000
ABBOTSFORD - C 0006,Abbotsford - C 0006,073,55073003231,003231,69,1.000000000000,15335.000000,15335.000000
WAUSAU - C 0035,Wausau - C 0035,073,55073003232,003232,85,1.000000000000,11699.000000,11699.000000
WAUSAU - C 0001,Wausau - C 0001,073,55073003233,003233,85,0.878821557641,3257817.000000,3707029.000000
WAUSAU - C 0001,Wausau - C 0001,073,55073003233,003233,87,0.121178442359,449212.000000,3707029.000000
WAUSAU - C 0036,Wausau - C 0036,073,55073003234,003234,85,1.000000000000,130126.000000,130126.000000
HULL - T 0001,HULL - T 0001,073,55073003235,003235,69,1.000000000000,84418100.000000,84418100.000000
FRANKFORT - T 0001,FRANKFORT - T 0001,073,55073003236,003236,69,1.000000000000,91060992.000000,91060992.000000
RINGLE - T 0002,RINGLE - T 0002,073,55073003237,003237,87,1.000000000000,44572567.000000,44572567.000000
RIB MOUNTAIN - T 0002,RIB MOUNTAIN - T 0002,073,55073003238,003238,87,1.000000000000,1869037.000000,1869037.000000
RINGLE - T 0001,RINGLE - T 0001,073,55073003239,003239,87,1.000000000000,64653010.000000,64653010.000000
RIB MOUNTAIN - T 0001,RIB MOUNTAIN - T 0001,073,55073003240,003240,87,1.000000000000,5508512.000000,5508512.000000
NORRIE - T 0001,NORRIE - T 0001,073,55073003241,003241,87,1.000000000000,91035207.000000,91035207.000000
WAUSAU - C 0002,Wausau - C 0002,073,55073003242,003242,85,1.000000000000,806925.000000,806925.000000
RIB MOUNTAIN - T 0009,RIB MOUNTAIN - T 0009,073,55073003243,003243,87,1.000000000000,3003379.000000,3003379.000000
RIB MOUNTAIN - T 0005,RIB MOUNTAIN - T 0005,073,55073003244,003244,87,1.000000000000,21539088.000000,21539088.000000
RIB MOUNTAIN - T 0007,RIB MOUNTAIN - T 0007,073,55073003245,003245,87,1.000000000000,15476769.000000,15476769.000000
RIB MOUNTAIN - T 0008,RIB MOUNTAIN - T 0008,073,55073003246,003246,87,1.000000000000,850699.000000,850699.000000
COLBY - C 0001,Colby - C 0001,073,55073003247,003247,69,1.000000000000,2277030.000000,2277030.000000
WESTON - V 0007,Weston - V 0007,073,55073003248,003248,85,1.000000000000,1642505.000000,1642505.000000
BIRNAMWOOD - V 0002,Birnamwood - V 0002,073,55073003249,003249,87,1.000000000000,160827.000000,160827.000000
RIB MOUNTAIN - T 0003,RIB MOUNTAIN - T 0003,073,55073003250,003250,87,1.000000000000,2620678.000000,2620678.000000
WESTON - V 0006,Weston - V 0006,073,55073003251,003251,85,1.000000000000,1688962.000000,1688962.000000
SCHOFIELD - C 0003,Schofield - C 0003,073,55073003252,003252,87,1.000000000000,2320481.000000,2320481.000000
WESTON - V 0003,Weston - V 0003,073,55073003253,003253,85,1.000000000000,1955910.000000,1955910.000000
WESTON - V 0004,Weston - V 0004,073,55073003254,003254,85,1.000000000000,4081628.000000,4081628.000000
SCHOFIELD - C 0004,Schofield - C 0004,073,55073003255,003255,87,1.000000000000,1922432.000000,1922432.000000
WESTON - V 0005,Weston - V 0005,073,55073003256,003256,85,1.000000000000,747528.000000,747528.000000
WESTON - V 0010,Weston - V 0010,073,55073003257,003257,85,1.000000000000,936701.000000,936701.000000
WESTON - V 0009,Weston - V 0009,073,55073003258,003258,85,1.000000000000,1278674.000000,1278674.000000
RIB MOUNTAIN - T 0006,RIB MOUNTAIN - T 0006,073,55073003259,003259,87,1.000000000000,1916451.000000,1916451.000000
WESTON - V 0002,Weston - V 0002,073,55073003260,003260,85,1.000000000000,2960236.000000,2960236.000000
RIB MOUNTAIN - T 0010,RIB MOUNTAIN - T 0010,073,55073003261,003261,87,1.000000000000,1748067.000000,1748067.000000
WESTON - V 0012,Weston - V 0012,073,55073003262,003262,85,1.000000000000,895876.000000,895876.000000
WESTON - V 0001,Weston - V 0001,073,55073003263,003263,85,1.000000000000,23166866.000000,23166866.000000
WESTON - V 0011,Weston - V 0011,073,55073003264,003264,85,0.998129912394,1717557.000000,1720775.000000
WESTON - V 0011,Weston - V 0011,073,55073003264,003264,87,0.001870087606,3218.000000,1720775.000000
ROTHSCHILD - V 0001,Rothschild - V 0001,073,55073003265,003265,87,1.000000000000,2645057.000000,2645057.000000
MARATHON - T 0001,MARATHON - T 0001,073,55073003266,003266,86,1.000000000000,44990024.000000,44990024.000000
RIB MOUNTAIN - T 0004,RIB MOUNTAIN - T 0004,073,55073003267,003267,87,1.000000000000,11654794.000000,11654794.000000
ROTHSCHILD - V 0004,Rothschild - V 0004,073,55073003268,003268,87,1.000000000000,1293650.000000,1293650.000000
WESTON - V 0013,Weston - V 0013,073,55073003269,003269,85,1.000000000000,10448303.000000,10448303.000000
ROTHSCHILD - V 0006,Rothschild - V 0006,073,55073003270,003270,87,1.000000000000,1497206.000000,1497206.000000
HATLEY - V 0001,Hatley - V 0001,073,55073003271,003271,87,1.000000000000,2529260.000000,2529260.000000
ROTHSCHILD - V 0005,Rothschild - V 0005,073,55073003272,003272,87,1.000000000000,3416369.000000,3416369.000000
ROTHSCHILD - V 0003,Rothschild - V 0003,073,55073003273,003273,87,1.000000000000,608701.000000,608701.000000
ROTHSCHILD - V 0002,Rothschild - V 0002,073,55073003274,003274,87,1.000000000000,8419228.000000,8419228.000000
FENWOOD - V 0001,Fenwood - V 0001,073,55073003275,003275,86,1.000000000000,2550298.000000,2550298.000000
UNITY - V 0001,Unity - V 0001,073,55073003276,003276,69,1.000000000000,1709455.000000,1709455.000000
BRIGHTON - T 0001,BRIGHTON - T 0001,073,55073003277,003277,69,1.000000000000,88651207.000000,88651207.000000
EAU PLEINE - T 0001,EAU PLEINE - T 0001,073,55073003278,003278,86,1.000000000000,86039802.000000,86039802.000000
REID - T 0002,REID - T 0002,073,55073003279,003279,87,1.000000000000,71053231.000000,71053231.000000
KRONENWETTER - V 0008,Kronenwetter - V 0008,073,55073003280,003280,87,1.000000000000,29605566.000000,29605566.000000
KRONENWETTER - V 0003,Kronenwetter - V 0003,073,55073003281,003281,87,1.000000000000,810572.000000,810572.000000
KRONENWETTER - V 0004,Kronenwetter - V 0004,073,55073003282,003282,87,1.000000000000,5953367.000000,5953367.000000
MOSINEE - T 0003,MOSINEE - T 0003,073,55073003283,003283,87,1.000000000000,14036582.000000,14036582.000000
MOSINEE - T 0002,MOSINEE - T 0002,073,55073003284,003284,87,1.000000000000,51680134.000000,51680134.000000
EMMET - T 0002,EMMET - T 0002,073,55073003285,003285,86,1.000000000000,18567401.000000,18567401.000000
REID - T 0001,REID - T 0001,073,55073003286,003286,87,1.000000000000,38625229.000000,38625229.000000
ELDERON - T 0001,ELDERON - T 0001,073,55073003287,003287,87,1.000000000000,90613472.000000,90613472.000000
KRONENWETTER - V 0007,Kronenwetter - V 0007,073,55073003288,003288,87,1.000000000000,2807402.000000,2807402.000000
KRONENWETTER - V 0006,Kronenwetter - V 0006,073,55073003289,003289,87,1.000000000000,586597.000000,586597.000000
KRONENWETTER - V 0005,Kronenwetter - V 0005,073,55073003290,003290,87,1.000000000000,980484.000000,980484.000000
KRONENWETTER - V 0002,Kronenwetter - V 0002,073,55073003291,003291,87,1.000000000000,2252516.000000,2252516.000000
KRONENWETTER - V 0001,Kronenwetter - V 0001,073,55073003292,003292,87,1.000000000000,2797883.000000,2797883.000000
KRONENWETTER - V 0010,Kronenwetter - V 0010,073,55073003293,003293,87,1.000000000000,6536618.000000,6536618.000000
KRONENWETTER - V 0009,Kronenwetter - V 0009,073,55073003294,003294,87,1.000000000000,82276275.000000,82276275.000000
MOSINEE - T 0001,MOSINEE - T 0001,073,55073003295,003295,87,1.000000000000,33782175.000000,33782175.000000
STRATFORD - V 0001,Stratford - V 0001,073,55073003296,003296,86,1.000000000000,6909463.000000,6909463.000000
MOSINEE - C 0006,Mosinee - C 0006,073,55073003297,003297,87,1.000000000000,7273051.000000,7273051.000000
STRATFORD - V 0002,Stratford - V 0002,073,55073003298,003298,86,1.000000000000,6924855.000000,6924855.000000
CLEVELAND - T 0001,CLEVELAND - T 0001,073,55073003299,003299,86,1.000000000000,24975226.000000,24975226.000000
MOSINEE - C 0001,Mosinee - C 0001,073,55073003300,003300,87,1.000000000000,1527972.000000,1527972.000000
MOSINEE - C 0003,Mosinee - C 0003,073,55073003301,003301,87,1.000000000000,682263.000000,682263.000000
MOSINEE - C 0004,Mosinee - C 0004,073,55073003302,003302,87,1.000000000000,490167.000000,490167.000000
MOSINEE - C 0002,Mosinee - C 0002,073,55073003303,003303,87,1.000000000000,2236804.000000,2236804.000000
ELDERON - V 0001,Elderon - V 0001,073,55073003304,003304,87,1.000000000000,2927583.000000,2927583.000000
MOSINEE - C 0007,Mosinee - C 0007,073,55073003305,003305,87,1.000000000000,9722880.000000,9722880.000000
MOSINEE - C 0005,Mosinee - C 0005,073,55073003306,003306,87,1.000000000000,657720.000000,657720.000000
SPENCER - V 0003,Spencer - V 0003,073,55073003308,003308,86,1.000000000000,1628563.000000,1628563.000000
SPENCER - T 0001,SPENCER - T 0001,073,55073003309,003309,86,1.000000000000,42005362.000000,42005362.000000
GUENTHER - T 0001,GUENTHER - T 0001,073,55073003310,003310,87,1.000000000000,89934914.000000,89934914.000000
BEVENT - T 0002,BEVENT - T 0002,073,55073003311,003311,87,1.000000000000,59173495.000000,59173495.000000
MCMILLAN - T 0001,MCMILLAN - T 0001,073,55073003312,003312,86,1.000000000000,41832318.000000,41832318.000000
DAY - T 0001,DAY - T 0001,073,55073003313,003313,86,1.000000000000,34558731.000000,34558731.000000
GREEN VALLEY - T 0001,GREEN VALLEY - T 0001,073,55073003314,003314,86,1.000000000000,91119706.000000,91119706.000000
KNOWLTON - T 0002,KNOWLTON - T 0002,073,55073003315,003315,87,1.000000000000,36505547.000000,36505547.000000
KNOWLTON - T 0001,KNOWLTON - T 0001,073,55073003316,003316,87,1.000000000000,43096255.000000,43096255.000000
BERGEN - T 0001,BERGEN - T 0001,073,55073003317,003317,86,1.000000000000,90231886.000000,90231886.000000
BEVENT - T 0001,BEVENT - T 0001,073,55073003318,003318,87,1.000000000000,51598926.000000,51598926.000000
FRANZEN - T 0001,FRANZEN - T 0001,073,55073003319,003319,87,1.000000000000,94692022.000000,94692022.000000
DAY - T 0002,DAY - T 0002,073,55073003320,003320,86,1.000000000000,53498376.000000,53498376.000000
SPENCER - V 0002,Spencer - V 0002,073,55073003321,003321,86,1.000000000000,1355262.000000,1355262.000000
SPENCER - V 0001,Spencer - V 0001,073,55073003322,003322,86,1.000000000000,2101646.000000,2101646.000000
MCMILLAN - T 0003,MCMILLAN - T 0003,073,55073003323,003323,86,1.000000000000,25823743.000000,25823743.000000
SPENCER - T 0002,SPENCER - T 0002,073,55073003324,003324,86,1.000000000000,40032740.000000,40032740.000000
MCMILLAN - T 0002,MCMILLAN - T 0002,073,55073003325,003325,86,1.000000000000,21217027.000000,21217027.000000
KNOWLTON - T 0003,KNOWLTON - T 0003,073,55073003326,003326,87,1.000000000000,9160478.000000,9160478.000000
MARSHFIELD - C 0012,Marshfield - C 0012,073,55073003327,003327,86,1.000000000000,3311843.000000,3311843.000000
MARSHFIELD - C 0024,Marshfield - C 0024,073,55073003328,003328,86,1.000000000000,463113.000000,463113.000000
MARSHFIELD - C 0021,Marshfield - C 0021,073,55073003329,003329,86,1.000000000000,766250.000000,766250.000000
MARSHFIELD - C 0020,Marshfield - C 0020,073,55073003330,003330,86,1.000000000000,326085.000000,326085.000000
MAINE - V 0003,Maine - V 0003,073,55073003332,003332,35,1.000000000000,25352094.000000,25352094.000000
WAUSAU - C 0048,Wausau - C 0048,073,55073003333,003333,85,1.000000000000,847059.000000,847059.000000
WAUSAU - C 0014,Wausau - C 0014,073,55073003334,003334,85,1.000000000000,934986.000000,934986.000000
WAUSAU - C 0013,Wausau - C 0013,073,55073003335,003335,85,1.000000000000,1319699.000000,1319699.000000
RIETBROCK - T 0001,RIETBROCK - T 0001,073,55073003336,003336,69,1.000000000000,87815050.000000,87815050.000000
WIEN - T 0001,WIEN - T 0001,073,55073003337,003337,86,1.000000000000,81821829.000000,81821829.000000
EDGAR - V 0002,Edgar - V 0002,073,55073003338,003338,86,1.000000000000,2712571.000000,2712571.000000
EDGAR - V 0001,Edgar - V 0001,073,55073003339,003339,86,1.000000000000,1966673.000000,1966673.000000
MARATHON CITY - V 0003,Marathon City - V 0003,073,55073003340,003340,86,1.000000000000,594761.000000,594761.000000
MARATHON CITY - V 0002,Marathon City - V 0002,073,55073003341,003341,86,1.000000000000,1336044.000000,1336044.000000
CLEVELAND - T 0002,CLEVELAND - T 0002,073,55073003342,003342,86,1.000000000000,54023317.000000,54023317.000000
EMMET - T 0001,EMMET - T 0001,073,55073003343,003343,86,1.000000000000,85658320.000000,85658320.000000
STETTIN - T 0001,STETTIN - T 0001,073,55073003344,003344,86,1.000000000000,58507062.000000,58507062.000000
MARATHON - T 0002,MARATHON - T 0002,073,55073003345,003345,86,1.000000000000,39843549.000000,39843549.000000
TEXAS - T 0001,TEXAS - T 0001,073,55073003346,003346,35,1.000000000000,65097881.000000,65097881.000000
WAUSAU - T 0002,WAUSAU - T 0002,073,55073003347,003347,85,1.000000000000,36626592.000000,36626592.000000
MAINE - V 0002,Maine - V 0002,073,55073003348,003348,35,1.000000000000,14336885.000000,14336885.000000
WAUSAU - C 0016,Wausau - C 0016,073,55073003349,003349,85,1.000000000000,1215302.000000,1215302.000000
WAUSAU - T 0001,WAUSAU - T 0001,073,55073003350,003350,85,1.000000000000,33310755.000000,33310755.000000
WAUSAU - C 0015,Wausau - C 0015,073,55073003351,003351,85,1.000000000000,4533095.000000,4533095.000000
RIB FALLS - T 0001,RIB FALLS - T 0001,073,55073003352,003352,86,1.000000000000,91108921.000000,91108921.000000
MARATHON CITY - V 0004,Marathon City - V 0004,073,55073003353,003353,86,1.000000000000,1467829.000000,1467829.000000
MARATHON CITY - V 0001,Marathon City - V 0001,073,55073003354,003354,86,1.000000000000,4815633.000000,4815633.000000
CASSEL - T 0001,CASSEL - T 0001,073,55073003355,003355,86,1.000000000000,85224718.000000,85224718.000000
STETTIN - T 0002,STETTIN - T 0002,073,55073003356,003356,86,1.000000000000,26431765.000000,26431765.000000
STETTIN - T 0004,STETTIN - T 0004,073,55073003357,003357,85,1.000000000000,3365124.000000,3365124.000000
WAUSAU - C 0026,Wausau - C 0026,073,55073003358,003358,85,1.000000000000,6796457.000000,6796457.000000
WAUSAU - C 0028,Wausau - C 0028,073,55073003359,003359,85,1.000000000000,7740.000000,7740.000000
WAUSAU - C 0025,Wausau - C 0025,073,55073003360,003360,85,1.000000000000,2431134.000000,2431134.000000
WAUSAU - C 0037,Wausau - C 0037,073,55073003361,003361,85,1.000000000000,2287.000000,2287.000000
WAUSAU - C 0049,Wausau - C 0049,073,55073003362,003362,85,1.000000000000,159289.000000,159289.000000
STETTIN - T 0003,STETTIN - T 0003,073,55073003363,003363,85,1.000000000000,5138641.000000,5138641.000000
WAUSAU - C 0030,Wausau - C 0030,073,55073003364,003364,85,1.000000000000,7512.000000,7512.000000
WAUSAU - C 0033,Wausau - C 0033,073,55073003365,003365,85,1.000000000000,3615.000000,3615.000000
WAUSAU - C 0003,Wausau - C 0003,073,55073003366,003366,85,1.000000000000,1920965.000000,1920965.000000
WESTON - T 0001,WESTON - T 0001,073,55073003367,003367,85,0.999836421220,22505350.000000,22509032.000000
WESTON - T 0001,WESTON - T 0001,073,55073003367,003367,87,0.000163578780,3682.000000,22509032.000000
WAUSAU - C 0004,Wausau - C 0004,073,55073003368,003368,85,1.000000000000,2589595.000000,2589595.000000
WESTON - V 0008,Weston - V 0008,073,55073003369,003369,85,1.000000000000,4525720.000000,4525720.000000
SCHOFIELD - C 0002,Schofield - C 0002,073,55073003370,003370,87,1.000000000000,544160.000000,544160.000000
SCHOFIELD - C 0001,Schofield - C 0001,073,55073003371,003371,85,0.001069009285,3160.000000,2956008.000000
SCHOFIELD - C 0001,Schofield - C 0001,073,55073003371,003371,87,0.998930990715,2952848.000000,2956008.000000
PESHTIGO - T 0004,PESHTIGO - T 0004,075,55075003373,003373,1,0.682867936229,156336671.000000,228941297.000000
PESHTIGO - T 0004,PESHTIGO - T 0004,075,55075003373,003373,36,0.317132063771,72604626.000000,228941297.000000
PESHTIGO - T 0003,PESHTIGO - T 0003,075,55075003374,003374,36,1.000000000000,20304899.000000,20304899.000000
PESHTIGO - C 0001,Peshtigo - C 0001,075,55075003375,003375,36,1.000000000000,854229.000000,854229.000000
PESHTIGO - C 0002,Peshtigo - C 0002,075,55075003376,003376,36,1.000000000000,1349943.000000,1349943.000000
PESHTIGO - C 0007,Peshtigo - C 0007,075,55075003377,003377,36,1.000000000000,1228018.000000,1228018.000000
POUND - T 0002,POUND - T 0002,075,55075003378,003378,36,1.000000000000,30565704.000000,30565704.000000
GROVER - T 0001,GROVER - T 0001,075,55075003379,003379,36,1.000000000000,50337819.000000,50337819.000000
PESHTIGO - C 0006,Peshtigo - C 0006,075,55075003380,003380,36,1.000000000000,902970.000000,902970.000000
PESHTIGO - C 0004,Peshtigo - C 0004,075,55075003381,003381,36,1.000000000000,1787615.000000,1787615.000000
PESHTIGO - C 0003,Peshtigo - C 0003,075,55075003382,003382,36,1.000000000000,555327.000000,555327.000000
PESHTIGO - C 0005,Peshtigo - C 0005,075,55075003383,003383,36,1.000000000000,1308145.000000,1308145.000000
PESHTIGO - T 0002,PESHTIGO - T 0002,075,55075003384,003384,36,1.000000000000,163083220.000000,163083220.000000
POUND - T 0001,POUND - T 0001,075,55075003385,003385,36,1.000000000000,69701823.000000,69701823.000000
MARINETTE - C 0003,Marinette - C 0003,075,55075003386,003386,36,1.000000000000,5005346.000000,5005346.000000
COLEMAN - V 0001,Coleman - V 0001,075,55075003387,003387,36,1.000000000000,3529638.000000,3529638.000000
PESHTIGO - T 0001,PESHTIGO - T 0001,075,55075003388,003388,36,1.000000000000,16770769.000000,16770769.000000
MARINETTE - C 0004,Marinette - C 0004,075,55075003389,003389,36,1.000000000000,1071686.000000,1071686.000000
MARINETTE - C 0005,Marinette - C 0005,075,55075003390,003390,36,1.000000000000,4501468.000000,4501468.000000
MARINETTE - C 0001,Marinette - C 0001,075,55075003391,003391,36,1.000000000000,2557255.000000,2557255.000000
MARINETTE - C 0007,Marinette - C 0007,075,55075003392,003392,36,1.000000000000,1450173.000000,1450173.000000
MARINETTE - C 0006,Marinette - C 0006,075,55075003393,003393,36,1.000000000000,604088.000000,604088.000000
MARINETTE - C 0002,Marinette - C 0002,075,55075003394,003394,36,1.000000000000,1794069.000000,1794069.000000
PESHTIGO - T 0005,PESHTIGO - T 0005,075,55075003395,003395,36,1.000000000000,9162756.000000,9162756.000000
PESHTIGO - T 0006,PESHTIGO - T 0006,075,55075003396,003396,36,1.000000000000,30074720.000000,30074720.000000
POUND - T 0003,POUND - T 0003,075,55075003397,003397,36,1.000000000000,28977337.000000,28977337.000000
POUND - V 0001,Pound - V 0001,075,55075003398,003398,36,1.000000000000,2229989.000000,2229989.000000
MARINETTE - C 0008,Marinette - C 0008,075,55075003399,003399,36,1.000000000000,2575371.000000,2575371.000000
GROVER - T 0002,GROVER - T 0002,075,55075003400,003400,36,1.000000000000,83719857.000000,83719857.000000
GROVER - T 0003,GROVER - T 0003,075,55075003401,003401,36,1.000000000000,55791943.000000,55791943.000000
PORTERFIELD - T 0003,PORTERFIELD - T 0003,075,55075003402,003402,36,1.000000000000,28150136.000000,28150136.000000
BEAVER - T 0001,BEAVER - T 0001,075,55075003403,003403,36,1.000000000000,82321488.000000,82321488.000000
BEAVER - T 0002,BEAVER - T 0002,075,55075003404,003404,36,1.000000000000,97528089.000000,97528089.000000
PORTERFIELD - T 0001,PORTERFIELD - T 0001,075,55075003405,003405,36,1.000000000000,52860625.000000,52860625.000000
LAKE - T 0001,LAKE - T 0001,075,55075003406,003406,36,1.000000000000,74554201.000000,74554201.000000
CRIVITZ - V 0001,Crivitz - V 0001,075,55075003407,003407,36,1.000000000000,4245537.000000,4245537.000000
PORTERFIELD - T 0002,PORTERFIELD - T 0002,075,55075003408,003408,36,1.000000000000,57188964.000000,57188964.000000
LAKE - T 0002,LAKE - T 0002,075,55075003409,003409,36,1.000000000000,79656625.000000,79656625.000000
STEPHENSON - T 0005,STEPHENSON - T 0005,075,55075003410,003410,36,1.000000000000,36284300.000000,36284300.000000
MIDDLE INLET - T 0002,MIDDLE INLET - T 0002,075,55075003411,003411,36,1.000000000000,76329733.000000,76329733.000000
MIDDLE INLET - T 0001,MIDDLE INLET - T 0001,075,55075003412,003412,36,1.000000000000,56365774.000000,56365774.000000
WAUSAUKEE - V 0001,Wausaukee - V 0001,075,55075003413,003413,36,1.000000000000,3595578.000000,3595578.000000
WAGNER - T 0001,WAGNER - T 0001,075,55075003414,003414,36,1.000000000000,141491372.000000,141491372.000000
WAUSAUKEE - T 0002,WAUSAUKEE - T 0002,075,55075003415,003415,36,1.000000000000,61085761.000000,61085761.000000
WAUSAUKEE - T 0001,WAUSAUKEE - T 0001,075,55075003416,003416,36,1.000000000000,139819415.000000,139819415.000000
AMBERG - T 0001,AMBERG - T 0001,075,55075003417,003417,36,1.000000000000,187847901.000000,187847901.000000
ATHELSTANE - T 0002,ATHELSTANE - T 0002,075,55075003418,003418,36,1.000000000000,216441834.000000,216441834.000000
BEECHER - T 0001,BEECHER - T 0001,075,55075003419,003419,36,1.000000000000,128069685.000000,128069685.000000
DUNBAR - T 0002,DUNBAR - T 0002,075,55075003420,003420,36,1.000000000000,39666188.000000,39666188.000000
PEMBINE - T 0002,PEMBINE - T 0002,075,55075003421,003421,36,1.000000000000,108666377.000000,108666377.000000
PEMBINE - T 0001,PEMBINE - T 0001,075,55075003422,003422,36,1.000000000000,65675247.000000,65675247.000000
DUNBAR - T 0001,DUNBAR - T 0001,075,55075003423,003423,36,1.000000000000,232868204.000000,232868204.000000
GOODMAN - T 0001,GOODMAN - T 0001,075,55075003424,003424,36,1.000000000000,278878249.000000,278878249.000000
NIAGARA - C 0003,Niagara - C 0003,075,55075003425,003425,36,1.000000000000,817321.000000,817321.000000
NIAGARA - T 0001,NIAGARA - T 0001,075,55075003426,003426,36,1.000000000000,177001720.000000,177001720.000000
NIAGARA - C 0001,Niagara - C 0001,075,55075003427,003427,36,1.000000000000,3199037.000000,3199037.000000
NIAGARA - C 0002,Niagara - C 0002,075,55075003428,003428,36,1.000000000000,3780303.000000,3780303.000000
SILVER CLIFF - T 0001,SILVER CLIFF - T 0001,075,55075003429,003429,36,1.000000000000,276916878.000000,276916878.000000
ATHELSTANE - T 0001,ATHELSTANE - T 0001,075,55075003430,003430,36,1.000000000000,60988504.000000,60988504.000000
STEPHENSON - T 0001,STEPHENSON - T 0001,075,55075003431,003431,36,1.000000000000,152584993.000000,152584993.000000
STEPHENSON - T 0003,STEPHENSON - T 0003,075,55075003432,003432,36,1.000000000000,76919560.000000,76919560.000000
STEPHENSON - T 0002,STEPHENSON - T 0002,075,55075003433,003433,36,1.000000000000,95268189.000000,95268189.000000
STEPHENSON - T 0004,STEPHENSON - T 0004,075,55075003434,003434,36,1.000000000000,96670554.000000,96670554.000000
MONTELLO - C 0002,Montello - C 0002,077,55077003435,003435,39,1.000000000000,2575866.000000,2575866.000000
MONTELLO - C 0003,Montello - C 0003,077,55077003436,003436,39,1.000000000000,599764.000000,599764.000000
MONTELLO - C 0004,Montello - C 0004,077,55077003437,003437,39,1.000000000000,1300607.000000,1300607.000000
MONTELLO - C 0001,Montello - C 0001,077,55077003438,003438,39,1.000000000000,1210840.000000,1210840.000000
ENDEAVOR - V 0001,Endeavor - V 0001,077,55077003439,003439,39,1.000000000000,1806919.000000,1806919.000000
NESHKORO - V 0001,Neshkoro - V 0001,077,55077003440,003440,39,1.000000000000,5432287.000000,5432287.000000
OXFORD - V 0001,Oxford - V 0001,077,55077003441,003441,39,1.000000000000,2271492.000000,2271492.000000
WESTFIELD - V 0001,Westfield - V 0001,077,55077003442,003442,39,1.000000000000,3243831.000000,3243831.000000
WESTFIELD - V 0002,Westfield - V 0002,077,55077003443,003443,39,1.000000000000,892890.000000,892890.000000
BUFFALO - T 0001,BUFFALO - T 0001,077,55077003444,003444,39,1.000000000000,66648043.000000,66648043.000000
BUFFALO - T 0002,BUFFALO - T 0002,077,55077003445,003445,39,1.000000000000,60981349.000000,60981349.000000
CRYSTAL LAKE - T 0001,CRYSTAL LAKE - T 0001,077,55077003446,003446,39,1.000000000000,93208828.000000,93208828.000000
DOUGLAS - T 0001,DOUGLAS - T 0001,077,55077003447,003447,39,1.000000000000,75588658.000000,75588658.000000
HARRIS - T 0001,HARRIS - T 0001,077,55077003448,003448,39,1.000000000000,79644532.000000,79644532.000000
MECAN - T 0001,MECAN - T 0001,077,55077003449,003449,39,1.000000000000,71571400.000000,71571400.000000
MONTELLO - T 0003,MONTELLO - T 0003,077,55077003450,003450,39,1.000000000000,27193150.000000,27193150.000000
MONTELLO - T 0002,MONTELLO - T 0002,077,55077003451,003451,39,1.000000000000,6674584.000000,6674584.000000
MONTELLO - T 0001,MONTELLO - T 0001,077,55077003452,003452,39,1.000000000000,50774627.000000,50774627.000000
MOUNDVILLE - T 0002,MOUNDVILLE - T 0002,077,55077003453,003453,39,1.000000000000,19848754.000000,19848754.000000
MOUNDVILLE - T 0001,MOUNDVILLE - T 0001,077,55077003454,003454,39,1.000000000000,40455076.000000,40455076.000000
NESHKORO - T 0001,NESHKORO - T 0001,077,55077003455,003455,39,1.000000000000,29759226.000000,29759226.000000
NESHKORO - T 0002,NESHKORO - T 0002,077,55077003456,003456,39,1.000000000000,26706124.000000,26706124.000000
NEWTON - T 0002,NEWTON - T 0002,077,55077003457,003457,39,1.000000000000,85734300.000000,85734300.000000
NEWTON - T 0001,NEWTON - T 0001,077,55077003458,003458,39,1.000000000000,6421378.000000,6421378.000000
OXFORD - T 0001,OXFORD - T 0001,077,55077003459,003459,39,1.000000000000,28774443.000000,28774443.000000
OXFORD - T 0002,OXFORD - T 0002,077,55077003460,003460,39,1.000000000000,58979244.000000,58979244.000000
PACKWAUKEE - T 0002,PACKWAUKEE - T 0002,077,55077003461,003461,39,1.000000000000,71493051.000000,71493051.000000
PACKWAUKEE - T 0003,PACKWAUKEE - T 0003,077,55077003462,003462,39,1.000000000000,23892841.000000,23892841.000000
PACKWAUKEE - T 0001,PACKWAUKEE - T 0001,077,55077003463,003463,39,1.000000000000,9918230.000000,9918230.000000
SPRINGFIELD - T 0001,SPRINGFIELD - T 0001,077,55077003464,003464,39,1.000000000000,90141562.000000,90141562.000000
WESTFIELD - T 0001,WESTFIELD - T 0001,077,55077003465,003465,39,1.000000000000,55580890.000000,55580890.000000
WESTFIELD - T 0002,WESTFIELD - T 0002,077,55077003466,003466,39,1.000000000000,19509042.000000,19509042.000000
MONTELLO - T 0004,MONTELLO - T 0004,077,55077003467,003467,39,1.000000000000,3470798.000000,3470798.000000
SHIELDS - T 0001,SHIELDS - T 0001,077,55077003468,003468,39,1.000000000000,80653598.000000,80653598.000000
MENOMINEE - T 0001,MENOMINEE - T 0001,078,55078003469,003469,6,1.000000000000,578308089.000000,578308089.000000
MENOMINEE - T 0002,MENOMINEE - T 0002,078,55078003470,003470,6,1.000000000000,286715827.000000,286715827.000000
MENOMINEE - T 0003,MENOMINEE - T 0003,078,55078003471,003471,6,1.000000000000,8221361.000000,8221361.000000
MENOMINEE - T 0004,MENOMINEE - T 0004,078,55078003472,003472,6,1.000000000000,47637262.000000,47637262.000000
MENOMINEE - T 0005,MENOMINEE - T 0005,078,55078003473,003473,6,1.000000000000,24357506.000000,24357506.000000
MILWAUKEE - C 0131,Milwaukee - C 0131,079,55079003474,003474,19,1.000000000000,1159353.000000,1159353.000000
MILWAUKEE - C 0130,Milwaukee - C 0130,079,55079003475,003475,19,1.000000000000,357216.000000,357216.000000
MILWAUKEE - C 0127,Milwaukee - C 0127,079,55079003476,003476,19,1.000000000000,647210.000000,647210.000000
MILWAUKEE - C 0129,Milwaukee - C 0129,079,55079003477,003477,19,1.000000000000,349570.000000,349570.000000
MILWAUKEE - C 0133,Milwaukee - C 0133,079,55079003478,003478,19,1.000000000000,158591.000000,158591.000000
MILWAUKEE - C 0134,Milwaukee - C 0134,079,55079003479,003479,19,1.000000000000,149239.000000,149239.000000
MILWAUKEE - C 0136,Milwaukee - C 0136,079,55079003480,003480,19,1.000000000000,375531.000000,375531.000000
MILWAUKEE - C 0135,Milwaukee - C 0135,079,55079003481,003481,19,1.000000000000,305979.000000,305979.000000
MILWAUKEE - C 0180,Milwaukee - C 0180,079,55079003482,003482,19,1.000000000000,429656.000000,429656.000000
MILWAUKEE - C 0179,Milwaukee - C 0179,079,55079003483,003483,19,1.000000000000,318412.000000,318412.000000
MILWAUKEE - C 0182,Milwaukee - C 0182,079,55079003484,003484,19,1.000000000000,213134.000000,213134.000000
SHOREWOOD - V 0001,Shorewood - V 0001,079,55079003485,003485,10,1.000000000000,234266.000000,234266.000000
SHOREWOOD - V 0010,Shorewood - V 0010,079,55079003486,003486,10,1.000000000000,442504.000000,442504.000000
SHOREWOOD - V 0011,Shorewood - V 0011,079,55079003487,003487,10,1.000000000000,246123.000000,246123.000000
SHOREWOOD - V 0012,Shorewood - V 0012,079,55079003488,003488,10,1.000000000000,435176.000000,435176.000000
SHOREWOOD - V 0002,Shorewood - V 0002,079,55079003489,003489,10,1.000000000000,299807.000000,299807.000000
SHOREWOOD - V 0003,Shorewood - V 0003,079,55079003490,003490,10,1.000000000000,376763.000000,376763.000000
SHOREWOOD - V 0004,Shorewood - V 0004,079,55079003491,003491,10,1.000000000000,451638.000000,451638.000000
SHOREWOOD - V 0005,Shorewood - V 0005,079,55079003492,003492,10,1.000000000000,1549897.000000,1549897.000000
SHOREWOOD - V 0006,Shorewood - V 0006,079,55079003493,003493,10,1.000000000000,273182.000000,273182.000000
SHOREWOOD - V 0008,Shorewood - V 0008,079,55079003494,003494,10,1.000000000000,199074.000000,199074.000000
SHOREWOOD - V 0009,Shorewood - V 0009,079,55079003495,003495,10,1.000000000000,258825.000000,258825.000000
WHITEFISH BAY - V 0001,Whitefish Bay - V 0001,079,55079003496,003496,23,1.000000000000,540682.000000,540682.000000
WHITEFISH BAY - V 0002,Whitefish Bay - V 0002,079,55079003497,003497,23,1.000000000000,1590098.000000,1590098.000000
WHITEFISH BAY - V 0003,Whitefish Bay - V 0003,079,55079003498,003498,23,1.000000000000,288559.000000,288559.000000
WHITEFISH BAY - V 0005,Whitefish Bay - V 0005,079,55079003499,003499,23,1.000000000000,341531.000000,341531.000000
WHITEFISH BAY - V 0006,Whitefish Bay - V 0006,079,55079003500,003500,23,1.000000000000,1889420.000000,1889420.000000
WHITEFISH BAY - V 0008,Whitefish Bay - V 0008,079,55079003501,003501,23,1.000000000000,402350.000000,402350.000000
WHITEFISH BAY - V 0012,Whitefish Bay - V 0012,079,55079003502,003502,23,1.000000000000,1713016.000000,1713016.000000
WHITEFISH BAY - V 0010,Whitefish Bay - V 0010,079,55079003503,003503,23,1.000000000000,617068.000000,617068.000000
WHITEFISH BAY - V 0004,Whitefish Bay - V 0004,079,55079003504,003504,23,1.000000000000,515602.000000,515602.000000
MILWAUKEE - C 0128,Milwaukee - C 0128,079,55079003505,003505,19,1.000000000000,614776.000000,614776.000000
MILWAUKEE - C 0132,Milwaukee - C 0132,079,55079003506,003506,19,1.000000000000,1041103087.000000,1041103087.000000
MILWAUKEE - C 0181,Milwaukee - C 0181,079,55079003507,003507,19,1.000000000000,2404072.000000,2404072.000000
SHOREWOOD - V 0007,Shorewood - V 0007,079,55079003508,003508,10,1.000000000000,296325.000000,296325.000000
CUDAHY - C 0003,Cudahy - C 0003,079,55079003509,003509,20,1.000000000000,387192.000000,387192.000000
CUDAHY - C 0002,Cudahy - C 0002,079,55079003510,003510,20,1.000000000000,244389.000000,244389.000000
CUDAHY - C 0001,Cudahy - C 0001,079,55079003511,003511,20,1.000000000000,727563.000000,727563.000000
CUDAHY - C 0006,Cudahy - C 0006,079,55079003512,003512,20,1.000000000000,436541.000000,436541.000000
CUDAHY - C 0009,Cudahy - C 0009,079,55079003513,003513,20,1.000000000000,1767618.000000,1767618.000000
OAK CREEK - C 0003,Oak Creek - C 0003,079,55079003514,003514,21,1.000000000000,2783455.000000,2783455.000000
SOUTH MILWAUKEE - C 0001,South Milwaukee - C 0001,079,55079003515,003515,20,1.000000000000,789563.000000,789563.000000
SOUTH MILWAUKEE - C 0010,South Milwaukee - C 0010,079,55079003516,003516,20,1.000000000000,645337.000000,645337.000000
SOUTH MILWAUKEE - C 0011,South Milwaukee - C 0011,079,55079003517,003517,20,1.000000000000,896068.000000,896068.000000
SOUTH MILWAUKEE - C 0015,South Milwaukee - C 0015,079,55079003518,003518,20,1.000000000000,658604.000000,658604.000000
SOUTH MILWAUKEE - C 0006,South Milwaukee - C 0006,079,55079003519,003519,20,1.000000000000,786087.000000,786087.000000
SOUTH MILWAUKEE - C 0007,South Milwaukee - C 0007,079,55079003520,003520,20,1.000000000000,416309.000000,416309.000000
SOUTH MILWAUKEE - C 0008,South Milwaukee - C 0008,079,55079003521,003521,20,1.000000000000,503819.000000,503819.000000
SOUTH MILWAUKEE - C 0009,South Milwaukee - C 0009,079,55079003522,003522,20,1.000000000000,494023.000000,494023.000000
CUDAHY - C 0004,Cudahy - C 0004,079,55079003523,003523,20,1.000000000000,312404.000000,312404.000000
CUDAHY - C 0013,Cudahy - C 0013,079,55079003524,003524,20,0.942370669027,3654619.000000,3878112.000000
CUDAHY - C 0013,Cudahy - C 0013,079,55079003524,003524,21,0.057629330973,223493.000000,3878112.000000
CUDAHY - C 0005,Cudahy - C 0005,079,55079003525,003525,20,1.000000000000,555686.000000,555686.000000
CUDAHY - C 0010,Cudahy - C 0010,079,55079003526,003526,20,1.000000000000,624260.000000,624260.000000
CUDAHY - C 0007,Cudahy - C 0007,079,55079003527,003527,20,1.000000000000,1319507.000000,1319507.000000
CUDAHY - C 0008,Cudahy - C 0008,079,55079003528,003528,20,1.000000000000,573078.000000,573078.000000
CUDAHY - C 0011,Cudahy - C 0011,079,55079003529,003529,20,1.000000000000,769884.000000,769884.000000
CUDAHY - C 0015,Cudahy - C 0015,079,55079003530,003530,20,1.000000000000,768938.000000,768938.000000
CUDAHY - C 0012,Cudahy - C 0012,079,55079003531,003531,20,1.000000000000,1396186.000000,1396186.000000
CUDAHY - C 0014,Cudahy - C 0014,079,55079003532,003532,20,1.000000000000,711212.000000,711212.000000
SOUTH MILWAUKEE - C 0016,South Milwaukee - C 0016,079,55079003533,003533,20,1.000000000000,694551.000000,694551.000000
SOUTH MILWAUKEE - C 0012,South Milwaukee - C 0012,079,55079003534,003534,20,1.000000000000,491021.000000,491021.000000
SOUTH MILWAUKEE - C 0003,South Milwaukee - C 0003,079,55079003535,003535,20,1.000000000000,962901.000000,962901.000000
SOUTH MILWAUKEE - C 0013,South Milwaukee - C 0013,079,55079003536,003536,20,1.000000000000,977333.000000,977333.000000
SOUTH MILWAUKEE - C 0014,South Milwaukee - C 0014,079,55079003537,003537,20,1.000000000000,511891.000000,511891.000000
SOUTH MILWAUKEE - C 0005,South Milwaukee - C 0005,079,55079003538,003538,20,1.000000000000,1510262.000000,1510262.000000
SOUTH MILWAUKEE - C 0004,South Milwaukee - C 0004,079,55079003539,003539,20,1.000000000000,725369.000000,725369.000000
SOUTH MILWAUKEE - C 0002,South Milwaukee - C 0002,079,55079003540,003540,20,0.581554408862,2273983.000000,3910181.000000
SOUTH MILWAUKEE - C 0002,South Milwaukee - C 0002,079,55079003540,003540,21,0.418445591138,1636198.000000,3910181.000000
OAK CREEK - C 0010,Oak Creek - C 0010,079,55079003541,003541,21,1.000000000000,2176046.000000,2176046.000000
ST. FRANCIS - C 0001,St. Francis - C 0001,079,55079003542,003542,20,1.000000000000,385327.000000,385327.000000
ST. FRANCIS - C 0011,St. Francis - C 0011,079,55079003543,003543,20,1.000000000000,393086.000000,393086.000000
ST. FRANCIS - C 0012,St. Francis - C 0012,079,55079003544,003544,20,1.000000000000,432820.000000,432820.000000
ST. FRANCIS - C 0002,St. Francis - C 0002,079,55079003545,003545,20,1.000000000000,238906.000000,238906.000000
ST. FRANCIS - C 0003,St. Francis - C 0003,079,55079003546,003546,20,1.000000000000,722802.000000,722802.000000
ST. FRANCIS - C 0004,St. Francis - C 0004,079,55079003547,003547,20,1.000000000000,619243.000000,619243.000000
ST. FRANCIS - C 0006,St. Francis - C 0006,079,55079003548,003548,20,1.000000000000,490642.000000,490642.000000
ST. FRANCIS - C 0007,St. Francis - C 0007,079,55079003549,003549,20,1.000000000000,323271.000000,323271.000000
ST. FRANCIS - C 0008,St. Francis - C 0008,079,55079003550,003550,20,1.000000000000,485656.000000,485656.000000
ST. FRANCIS - C 0009,St. Francis - C 0009,079,55079003551,003551,20,1.000000000000,1464566.000000,1464566.000000
ST. FRANCIS - C 0010,St. Francis - C 0010,079,55079003552,003552,20,1.000000000000,2402482.000000,2402482.000000
ST. FRANCIS - C 0005,St. Francis - C 0005,079,55079003553,003553,20,1.000000000000,434186.000000,434186.000000
FRANKLIN - C 0011,Franklin - C 0011,079,55079003554,003554,63,1.000000000000,2305050.000000,2305050.000000
FRANKLIN - C 015A,Franklin - C 015A,079,55079003555,003555,63,1.000000000000,18305783.000000,18305783.000000
FRANKLIN - C 0014,Franklin - C 0014,079,55079003556,003556,63,1.000000000000,1377939.000000,1377939.000000
FRANKLIN - C 0016,Franklin - C 0016,079,55079003557,003557,63,1.000000000000,2431216.000000,2431216.000000
FRANKLIN - C 0023,Franklin - C 0023,079,55079003558,003558,63,1.000000000000,22456264.000000,22456264.000000
FRANKLIN - C 0004,Franklin - C 0004,079,55079003559,003559,63,1.000000000000,1283437.000000,1283437.000000
FRANKLIN - C 0005,Franklin - C 0005,079,55079003560,003560,63,1.000000000000,1768956.000000,1768956.000000
HALES CORNERS - V 0001,Hales Corners - V 0001,079,55079003561,003561,61,1.000000000000,1059413.000000,1059413.000000
HALES CORNERS - V 0006,Hales Corners - V 0006,079,55079003562,003562,61,1.000000000000,607225.000000,607225.000000
HALES CORNERS - V 0007,Hales Corners - V 0007,079,55079003563,003563,61,1.000000000000,2090672.000000,2090672.000000
HALES CORNERS - V 0009,Hales Corners - V 0009,079,55079003564,003564,61,1.000000000000,222464.000000,222464.000000
OAK CREEK - C 0001,Oak Creek - C 0001,079,55079003565,003565,21,1.000000000000,6531508.000000,6531508.000000
OAK CREEK - C 0018,Oak Creek - C 0018,079,55079003566,003566,21,1.000000000000,5014588.000000,5014588.000000
OAK CREEK - C 0002,Oak Creek - C 0002,079,55079003567,003567,21,1.000000000000,5687399.000000,5687399.000000
OAK CREEK - C 0005,Oak Creek - C 0005,079,55079003568,003568,21,1.000000000000,3235077.000000,3235077.000000
OAK CREEK - C 0007,Oak Creek - C 0007,079,55079003569,003569,21,1.000000000000,6269816.000000,6269816.000000
FRANKLIN - C 022A,Franklin - C 022A,079,55079003570,003570,63,1.000000000000,2455494.000000,2455494.000000
FRANKLIN - C 0012,Franklin - C 0012,079,55079003571,003571,63,1.000000000000,1855408.000000,1855408.000000
FRANKLIN - C 015B,Franklin - C 015B,079,55079003572,003572,63,1.000000000000,583093.000000,583093.000000
FRANKLIN - C 0008,Franklin - C 0008,079,55079003573,003573,63,1.000000000000,2923028.000000,2923028.000000
FRANKLIN - C 022B,Franklin - C 022B,079,55079003574,003574,63,1.000000000000,1073884.000000,1073884.000000
OAK CREEK - C 0004,Oak Creek - C 0004,079,55079003575,003575,21,1.000000000000,3324804.000000,3324804.000000
OAK CREEK - C 0006,Oak Creek - C 0006,079,55079003576,003576,21,1.000000000000,1803399.000000,1803399.000000
OAK CREEK - C 0008,Oak Creek - C 0008,079,55079003577,003577,21,1.000000000000,2643579.000000,2643579.000000
OAK CREEK - C 0012,Oak Creek - C 0012,079,55079003578,003578,21,1.000000000000,5901544.000000,5901544.000000
OAK CREEK - C 0011,Oak Creek - C 0011,079,55079003579,003579,21,0.009660349978,13547565.000000,1402388633.000000
OAK CREEK - C 0011,Oak Creek - C 0011,079,55079003579,003579,62,0.990339650022,1388841068.000000,1402388633.000000
OAK CREEK - C 0014,Oak Creek - C 0014,079,55079003580,003580,21,1.000000000000,1677786.000000,1677786.000000
OAK CREEK - C 0015,Oak Creek - C 0015,079,55079003581,003581,21,1.000000000000,3199928.000000,3199928.000000
OAK CREEK - C 0013,Oak Creek - C 0013,079,55079003582,003582,21,1.000000000000,5853704.000000,5853704.000000
OAK CREEK - C 0016,Oak Creek - C 0016,079,55079003583,003583,21,1.000000000000,2515915.000000,2515915.000000
OAK CREEK - C 0019,Oak Creek - C 0019,079,55079003584,003584,21,1.000000000000,2118129.000000,2118129.000000
OAK CREEK - C 0017,Oak Creek - C 0017,079,55079003585,003585,21,1.000000000000,473329.000000,473329.000000
OAK CREEK - C 0009,Oak Creek - C 0009,079,55079003586,003586,21,1.000000000000,1971701.000000,1971701.000000
HALES CORNERS - V 0002,Hales Corners - V 0002,079,55079003587,003587,61,1.000000000000,782047.000000,782047.000000
HALES CORNERS - V 0008,Hales Corners - V 0008,079,55079003588,003588,61,1.000000000000,869144.000000,869144.000000
HALES CORNERS - V 0005,Hales Corners - V 0005,079,55079003589,003589,61,1.000000000000,717369.000000,717369.000000
HALES CORNERS - V 0004,Hales Corners - V 0004,079,55079003590,003590,61,1.000000000000,1056308.000000,1056308.000000
HALES CORNERS - V 0003,Hales Corners - V 0003,079,55079003591,003591,61,1.000000000000,877818.000000,877818.000000
MILWAUKEE - C 0116,Milwaukee - C 0116,079,55079003592,003592,10,1.000000000000,295079.000000,295079.000000
MILWAUKEE - C 0113,Milwaukee - C 0113,079,55079003593,003593,10,1.000000000000,707511.000000,707511.000000
MILWAUKEE - C 0109,Milwaukee - C 0109,079,55079003594,003594,16,1.000000000000,393933.000000,393933.000000
MILWAUKEE - C 0108,Milwaukee - C 0108,079,55079003595,003595,16,1.000000000000,334770.000000,334770.000000
MILWAUKEE - C 0110,Milwaukee - C 0110,079,55079003596,003596,16,1.000000000000,279853.000000,279853.000000
MILWAUKEE - C 0147,Milwaukee - C 0147,079,55079003597,003597,16,1.000000000000,606788.000000,606788.000000
MILWAUKEE - C 0060,Milwaukee - C 0060,079,55079003598,003598,10,1.000000000000,547407.000000,547407.000000
MILWAUKEE - C 0111,Milwaukee - C 0111,079,55079003599,003599,16,1.000000000000,349151.000000,349151.000000
MILWAUKEE - C 0114,Milwaukee - C 0114,079,55079003600,003600,10,1.000000000000,269474.000000,269474.000000
MILWAUKEE - C 0144,Milwaukee - C 0144,079,55079003601,003601,16,1.000000000000,536723.000000,536723.000000
MILWAUKEE - C 0148,Milwaukee - C 0148,079,55079003602,003602,16,1.000000000000,544705.000000,544705.000000
MILWAUKEE - C 0149,Milwaukee - C 0149,079,55079003603,003603,16,1.000000000000,906681.000000,906681.000000
MILWAUKEE - C 0173,Milwaukee - C 0173,079,55079003604,003604,16,1.000000000000,439204.000000,439204.000000
MILWAUKEE - C 0193,Milwaukee - C 0193,079,55079003605,003605,18,1.000000000000,506237.000000,506237.000000
MILWAUKEE - C 0192,Milwaukee - C 0192,079,55079003606,003606,16,1.000000000000,299598.000000,299598.000000
MILWAUKEE - C 0191,Milwaukee - C 0191,079,55079003607,003607,16,1.000000000000,131321.000000,131321.000000
MILWAUKEE - C 0189,Milwaukee - C 0189,079,55079003608,003608,16,1.000000000000,716134.000000,716134.000000
MILWAUKEE - C 0174,Milwaukee - C 0174,079,55079003609,003609,16,1.000000000000,861591.000000,861591.000000
MILWAUKEE - C 0178,Milwaukee - C 0178,079,55079003610,003610,16,0.049689584878,17160.000000,345344.000000
MILWAUKEE - C 0178,Milwaukee - C 0178,079,55079003610,003610,19,0.950310415122,328184.000000,345344.000000
MILWAUKEE - C 0183,Milwaukee - C 0183,079,55079003611,003611,19,1.000000000000,646880.000000,646880.000000
MILWAUKEE - C 0194,Milwaukee - C 0194,079,55079003612,003612,18,1.000000000000,218318.000000,218318.000000
MILWAUKEE - C 0195,Milwaukee - C 0195,079,55079003613,003613,18,1.000000000000,273716.000000,273716.000000
MILWAUKEE - C 0199,Milwaukee - C 0199,079,55079003614,003614,18,1.000000000000,234646.000000,234646.000000
MILWAUKEE - C 0172,Milwaukee - C 0172,079,55079003615,003615,16,1.000000000000,311182.000000,311182.000000
MILWAUKEE - C 0188,Milwaukee - C 0188,079,55079003616,003616,16,1.000000000000,547991.000000,547991.000000
MILWAUKEE - C 0184,Milwaukee - C 0184,079,55079003617,003617,19,1.000000000000,251544.000000,251544.000000
MILWAUKEE - C 0117,Milwaukee - C 0117,079,55079003618,003618,10,1.000000000000,490834.000000,490834.000000
MILWAUKEE - C 0065,Milwaukee - C 0065,079,55079003619,003619,18,1.000000000000,616365.000000,616365.000000
MILWAUKEE - C 0100,Milwaukee - C 0100,079,55079003620,003620,17,1.000000000000,422715.000000,422715.000000
MILWAUKEE - C 0099,Milwaukee - C 0099,079,55079003621,003621,17,1.000000000000,569080.000000,569080.000000
MILWAUKEE - C 0061,Milwaukee - C 0061,079,55079003622,003622,10,1.000000000000,457860.000000,457860.000000
MILWAUKEE - C 0096,Milwaukee - C 0096,079,55079003623,003623,17,1.000000000000,464737.000000,464737.000000
MILWAUKEE - C 0094,Milwaukee - C 0094,079,55079003624,003624,17,1.000000000000,608266.000000,608266.000000
MILWAUKEE - C 0103,Milwaukee - C 0103,079,55079003625,003625,18,1.000000000000,714445.000000,714445.000000
MILWAUKEE - C 0095,Milwaukee - C 0095,079,55079003626,003626,17,1.000000000000,258037.000000,258037.000000
MILWAUKEE - C 0163,Milwaukee - C 0163,079,55079003627,003627,17,1.000000000000,340345.000000,340345.000000
MILWAUKEE - C 0063,Milwaukee - C 0063,079,55079003628,003628,10,1.000000000000,1061551.000000,1061551.000000
MILWAUKEE - C 0064,Milwaukee - C 0064,079,55079003629,003629,17,1.000000000000,832984.000000,832984.000000
MILWAUKEE - C 0107,Milwaukee - C 0107,079,55079003630,003630,16,1.000000000000,1001929.000000,1001929.000000
MILWAUKEE - C 0101,Milwaukee - C 0101,079,55079003631,003631,18,1.000000000000,505102.000000,505102.000000
MILWAUKEE - C 0102,Milwaukee - C 0102,079,55079003632,003632,18,1.000000000000,573159.000000,573159.000000
MILWAUKEE - C 0043,Milwaukee - C 0043,079,55079003633,003633,11,1.000000000000,332860.000000,332860.000000
MILWAUKEE - C 0041,Milwaukee - C 0041,079,55079003634,003634,11,1.000000000000,652252.000000,652252.000000
MILWAUKEE - C 0027,Milwaukee - C 0027,079,55079003635,003635,12,1.000000000000,645744.000000,645744.000000
MILWAUKEE - C 0030,Milwaukee - C 0030,079,55079003636,003636,12,1.000000000000,1204242.000000,1204242.000000
MILWAUKEE - C 0040,Milwaukee - C 0040,079,55079003637,003637,11,1.000000000000,570910.000000,570910.000000
MILWAUKEE - C 0042,Milwaukee - C 0042,079,55079003638,003638,11,1.000000000000,766110.000000,766110.000000
MILWAUKEE - C 0072,Milwaukee - C 0072,079,55079003639,003639,17,1.000000000000,520879.000000,520879.000000
MILWAUKEE - C 0073,Milwaukee - C 0073,079,55079003640,003640,17,1.000000000000,608154.000000,608154.000000
MILWAUKEE - C 0074,Milwaukee - C 0074,079,55079003641,003641,17,1.000000000000,438137.000000,438137.000000
MILWAUKEE - C 0091,Milwaukee - C 0091,079,55079003642,003642,17,1.000000000000,1061756.000000,1061756.000000
MILWAUKEE - C 0051,Milwaukee - C 0051,079,55079003643,003643,11,1.000000000000,446113.000000,446113.000000
MILWAUKEE - C 0076,Milwaukee - C 0076,079,55079003644,003644,17,1.000000000000,415187.000000,415187.000000
MILWAUKEE - C 0039,Milwaukee - C 0039,079,55079003645,003645,11,1.000000000000,528627.000000,528627.000000
MILWAUKEE - C 0097,Milwaukee - C 0097,079,55079003646,003646,17,1.000000000000,439704.000000,439704.000000
MILWAUKEE - C 0226,Milwaukee - C 0226,079,55079003647,003647,9,1.000000000000,160148.000000,160148.000000
MILWAUKEE - C 0225,Milwaukee - C 0225,079,55079003648,003648,8,1.000000000000,301194.000000,301194.000000
MILWAUKEE - C 0224,Milwaukee - C 0224,079,55079003649,003649,8,1.000000000000,342072.000000,342072.000000
MILWAUKEE - C 0256,Milwaukee - C 0256,079,55079003650,003650,8,1.000000000000,193633.000000,193633.000000
MILWAUKEE - C 0253,Milwaukee - C 0253,079,55079003651,003651,8,1.000000000000,163101.000000,163101.000000
MILWAUKEE - C 0235,Milwaukee - C 0235,079,55079003652,003652,8,1.000000000000,1169149.000000,1169149.000000
MILWAUKEE - C 0236,Milwaukee - C 0236,079,55079003653,003653,8,1.000000000000,285259.000000,285259.000000
MILWAUKEE - C 0233,Milwaukee - C 0233,079,55079003654,003654,8,1.000000000000,229196.000000,229196.000000
MILWAUKEE - C 0232,Milwaukee - C 0232,079,55079003655,003655,8,1.000000000000,173968.000000,173968.000000
MILWAUKEE - C 0228,Milwaukee - C 0228,079,55079003656,003656,8,1.000000000000,262008.000000,262008.000000
MILWAUKEE - C 0229,Milwaukee - C 0229,079,55079003657,003657,8,1.000000000000,265703.000000,265703.000000
MILWAUKEE - C 0231,Milwaukee - C 0231,079,55079003658,003658,8,1.000000000000,253990.000000,253990.000000
MILWAUKEE - C 0237,Milwaukee - C 0237,079,55079003659,003659,8,1.000000000000,360504.000000,360504.000000
MILWAUKEE - C 0238,Milwaukee - C 0238,079,55079003660,003660,8,1.000000000000,432229.000000,432229.000000
MILWAUKEE - C 0230,Milwaukee - C 0230,079,55079003661,003661,8,1.000000000000,394154.000000,394154.000000
MILWAUKEE - C 0250,Milwaukee - C 0250,079,55079003662,003662,8,1.000000000000,336033.000000,336033.000000
MILWAUKEE - C 0255,Milwaukee - C 0255,079,55079003663,003663,8,1.000000000000,200734.000000,200734.000000
MILWAUKEE - C 0254,Milwaukee - C 0254,079,55079003664,003664,8,1.000000000000,152905.000000,152905.000000
MILWAUKEE - C 0215,Milwaukee - C 0215,079,55079003665,003665,9,1.000000000000,1015254.000000,1015254.000000
MILWAUKEE - C 0251,Milwaukee - C 0251,079,55079003666,003666,8,1.000000000000,130128.000000,130128.000000
MILWAUKEE - C 0240,Milwaukee - C 0240,079,55079003667,003667,19,0.081789055238,124065.000000,1516890.000000
MILWAUKEE - C 0240,Milwaukee - C 0240,079,55079003667,003667,8,0.918210944762,1392825.000000,1516890.000000
MILWAUKEE - C 0320,Milwaukee - C 0320,079,55079003668,003668,9,1.000000000000,62505.000000,62505.000000
MILWAUKEE - C 0321,Milwaukee - C 0321,079,55079003669,003669,8,1.000000000000,175280.000000,175280.000000
MILWAUKEE - C 0239,Milwaukee - C 0239,079,55079003670,003670,8,1.000000000000,472974.000000,472974.000000
MILWAUKEE - C 0323,Milwaukee - C 0323,079,55079003671,003671,8,1.000000000000,122200.000000,122200.000000
MILWAUKEE - C 0227,Milwaukee - C 0227,079,55079003672,003672,18,0.005802562231,14482.000000,2495794.000000
MILWAUKEE - C 0227,Milwaukee - C 0227,079,55079003672,003672,9,0.994197437769,2481312.000000,2495794.000000
MILWAUKEE - C 0234,Milwaukee - C 0234,079,55079003673,003673,8,1.000000000000,1347481.000000,1347481.000000
MILWAUKEE - C 0122,Milwaukee - C 0122,079,55079003674,003674,10,1.000000000000,501735.000000,501735.000000
MILWAUKEE - C 0125,Milwaukee - C 0125,079,55079003675,003675,10,1.000000000000,429046.000000,429046.000000
MILWAUKEE - C 0138,Milwaukee - C 0138,079,55079003676,003676,16,1.000000000000,507835.000000,507835.000000
MILWAUKEE - C 0140,Milwaukee - C 0140,079,55079003677,003677,10,1.000000000000,210743.000000,210743.000000
MILWAUKEE - C 0139,Milwaukee - C 0139,079,55079003678,003678,16,1.000000000000,548626.000000,548626.000000
MILWAUKEE - C 0141,Milwaukee - C 0141,079,55079003679,003679,16,1.000000000000,403137.000000,403137.000000
MILWAUKEE - C 0142,Milwaukee - C 0142,079,55079003680,003680,16,1.000000000000,797230.000000,797230.000000
MILWAUKEE - C 0143,Milwaukee - C 0143,079,55079003681,003681,16,1.000000000000,576306.000000,576306.000000
MILWAUKEE - C 0058,Milwaukee - C 0058,079,55079003682,003682,10,0.995916381277,751153.000000,754233.000000
MILWAUKEE - C 0058,Milwaukee - C 0058,079,55079003682,003682,11,0.004083618723,3080.000000,754233.000000
MILWAUKEE - C 0177,Milwaukee - C 0177,079,55079003683,003683,16,1.000000000000,858370.000000,858370.000000
MILWAUKEE - C 0175,Milwaukee - C 0175,079,55079003684,003684,16,1.000000000000,447135.000000,447135.000000
MILWAUKEE - C 0176,Milwaukee - C 0176,079,55079003685,003685,16,1.000000000000,879764.000000,879764.000000
MILWAUKEE - C 0062,Milwaukee - C 0062,079,55079003686,003686,10,1.000000000000,435177.000000,435177.000000
MILWAUKEE - C 0118,Milwaukee - C 0118,079,55079003687,003687,10,1.000000000000,648610.000000,648610.000000
MILWAUKEE - C 0115,Milwaukee - C 0115,079,55079003688,003688,10,1.000000000000,446542.000000,446542.000000
MILWAUKEE - C 0059,Milwaukee - C 0059,079,55079003689,003689,10,1.000000000000,767525.000000,767525.000000
MILWAUKEE - C 0112,Milwaukee - C 0112,079,55079003690,003690,10,1.000000000000,394706.000000,394706.000000
MILWAUKEE - C 0057,Milwaukee - C 0057,079,55079003691,003691,11,1.000000000000,528324.000000,528324.000000
MILWAUKEE - C 0126,Milwaukee - C 0126,079,55079003692,003692,19,1.000000000000,479297.000000,479297.000000
MILWAUKEE - C 0137,Milwaukee - C 0137,079,55079003693,003693,19,1.000000000000,490905.000000,490905.000000
MILWAUKEE - C 0124,Milwaukee - C 0124,079,55079003694,003694,10,1.000000000000,1909331.000000,1909331.000000
MILWAUKEE - C 0119,Milwaukee - C 0119,079,55079003695,003695,10,1.000000000000,483920.000000,483920.000000
MILWAUKEE - C 0120,Milwaukee - C 0120,079,55079003696,003696,10,1.000000000000,370782.000000,370782.000000
WHITEFISH BAY - V 0011,Whitefish Bay - V 0011,079,55079003697,003697,23,1.000000000000,412563.000000,412563.000000
WHITEFISH BAY - V 0007,Whitefish Bay - V 0007,079,55079003698,003698,23,1.000000000000,323036.000000,323036.000000
WHITEFISH BAY - V 0009,Whitefish Bay - V 0009,079,55079003699,003699,23,1.000000000000,294966.000000,294966.000000
MILWAUKEE - C 0123,Milwaukee - C 0123,079,55079003700,003700,10,1.000000000000,409703.000000,409703.000000
MILWAUKEE - C 0146,Milwaukee - C 0146,079,55079003701,003701,10,1.000000000000,145170.000000,145170.000000
MILWAUKEE - C 0145,Milwaukee - C 0145,079,55079003702,003702,16,1.000000000000,250200.000000,250200.000000
MILWAUKEE - C 0121,Milwaukee - C 0121,079,55079003703,003703,10,1.000000000000,510661.000000,510661.000000
MILWAUKEE - C 0013,Milwaukee - C 0013,079,55079003704,003704,11,1.000000000000,2885920.000000,2885920.000000
MILWAUKEE - C 0009,Milwaukee - C 0009,079,55079003705,003705,11,1.000000000000,1955802.000000,1955802.000000
MILWAUKEE - C 0002,Milwaukee - C 0002,079,55079003706,003706,12,1.000000000000,204481.000000,204481.000000
MILWAUKEE - C 0001,Milwaukee - C 0001,079,55079003707,003707,12,1.000000000000,7706008.000000,7706008.000000
MILWAUKEE - C 0007,Milwaukee - C 0007,079,55079003708,003708,12,1.000000000000,513135.000000,513135.000000
MILWAUKEE - C 0006,Milwaukee - C 0006,079,55079003709,003709,12,1.000000000000,3526123.000000,3526123.000000
MILWAUKEE - C 0005,Milwaukee - C 0005,079,55079003710,003710,12,1.000000000000,3829206.000000,3829206.000000
MILWAUKEE - C 0008,Milwaukee - C 0008,079,55079003711,003711,12,1.000000000000,5640021.000000,5640021.000000
MILWAUKEE - C 0010,Milwaukee - C 0010,079,55079003712,003712,12,1.000000000000,1104516.000000,1104516.000000
MILWAUKEE - C 0011,Milwaukee - C 0011,079,55079003713,003713,11,1.000000000000,864952.000000,864952.000000
MILWAUKEE - C 0032,Milwaukee - C 0032,079,55079003714,003714,12,1.000000000000,2511497.000000,2511497.000000
MILWAUKEE - C 0031,Milwaukee - C 0031,079,55079003715,003715,12,1.000000000000,612319.000000,612319.000000
MILWAUKEE - C 0033,Milwaukee - C 0033,079,55079003716,003716,12,1.000000000000,5338731.000000,5338731.000000
MILWAUKEE - C 0038,Milwaukee - C 0038,079,55079003717,003717,12,1.000000000000,425735.000000,425735.000000
MILWAUKEE - C 0037,Milwaukee - C 0037,079,55079003718,003718,12,1.000000000000,1022006.000000,1022006.000000
MILWAUKEE - C 0036,Milwaukee - C 0036,079,55079003719,003719,12,1.000000000000,2106581.000000,2106581.000000
MILWAUKEE - C 0034,Milwaukee - C 0034,079,55079003720,003720,12,1.000000000000,2521563.000000,2521563.000000
MILWAUKEE - C 0077,Milwaukee - C 0077,079,55079003721,003721,17,1.000000000000,413624.000000,413624.000000
MILWAUKEE - C 0078,Milwaukee - C 0078,079,55079003722,003722,12,1.000000000000,737642.000000,737642.000000
MILWAUKEE - C 0075,Milwaukee - C 0075,079,55079003723,003723,17,1.000000000000,590956.000000,590956.000000
MILWAUKEE - C 0079,Milwaukee - C 0079,079,55079003724,003724,12,1.000000000000,671513.000000,671513.000000
MILWAUKEE - C 0090,Milwaukee - C 0090,079,55079003725,003725,12,0.010047011036,7074.000000,704090.000000
MILWAUKEE - C 0090,Milwaukee - C 0090,079,55079003725,003725,17,0.989952988964,697016.000000,704090.000000
MILWAUKEE - C 0035,Milwaukee - C 0035,079,55079003726,003726,12,1.000000000000,862028.000000,862028.000000
MILWAUKEE - C 0165,Milwaukee - C 0165,079,55079003727,003727,17,1.000000000000,421193.000000,421193.000000
MILWAUKEE - C 0160,Milwaukee - C 0160,079,55079003728,003728,18,1.000000000000,246617.000000,246617.000000
MILWAUKEE - C 0153,Milwaukee - C 0153,079,55079003729,003729,18,1.000000000000,332063.000000,332063.000000
MILWAUKEE - C 0154,Milwaukee - C 0154,079,55079003730,003730,18,1.000000000000,331845.000000,331845.000000
MILWAUKEE - C 0152,Milwaukee - C 0152,079,55079003731,003731,16,1.000000000000,503257.000000,503257.000000
MILWAUKEE - C 0104,Milwaukee - C 0104,079,55079003732,003732,18,1.000000000000,615969.000000,615969.000000
MILWAUKEE - C 0105,Milwaukee - C 0105,079,55079003733,003733,16,1.000000000000,713292.000000,713292.000000
MILWAUKEE - C 0106,Milwaukee - C 0106,079,55079003734,003734,16,1.000000000000,223956.000000,223956.000000
MILWAUKEE - C 0151,Milwaukee - C 0151,079,55079003735,003735,16,1.000000000000,490275.000000,490275.000000
MILWAUKEE - C 0202,Milwaukee - C 0202,079,55079003736,003736,18,1.000000000000,609291.000000,609291.000000
MILWAUKEE - C 0150,Milwaukee - C 0150,079,55079003737,003737,16,1.000000000000,474090.000000,474090.000000
MILWAUKEE - C 0155,Milwaukee - C 0155,079,55079003738,003738,18,1.000000000000,403904.000000,403904.000000
MILWAUKEE - C 0156,Milwaukee - C 0156,079,55079003739,003739,18,1.000000000000,374107.000000,374107.000000
MILWAUKEE - C 0159,Milwaukee - C 0159,079,55079003740,003740,18,1.000000000000,247216.000000,247216.000000
MILWAUKEE - C 0158,Milwaukee - C 0158,079,55079003741,003741,18,1.000000000000,244074.000000,244074.000000
MILWAUKEE - C 0157,Milwaukee - C 0157,079,55079003742,003742,18,1.000000000000,318277.000000,318277.000000
MILWAUKEE - C 0169,Milwaukee - C 0169,079,55079003743,003743,18,1.000000000000,974089.000000,974089.000000
MILWAUKEE - C 0201,Milwaukee - C 0201,079,55079003744,003744,18,1.000000000000,771898.000000,771898.000000
MILWAUKEE - C 0200,Milwaukee - C 0200,079,55079003745,003745,16,1.000000000000,247016.000000,247016.000000
MILWAUKEE - C 0171,Milwaukee - C 0171,079,55079003746,003746,16,1.000000000000,167660.000000,167660.000000
MILWAUKEE - C 0198,Milwaukee - C 0198,079,55079003747,003747,18,1.000000000000,328943.000000,328943.000000
MILWAUKEE - C 0196,Milwaukee - C 0196,079,55079003748,003748,18,0.996420364661,604037.000000,606207.000000
MILWAUKEE - C 0196,Milwaukee - C 0196,079,55079003748,003748,9,0.003579635339,2170.000000,606207.000000
MILWAUKEE - C 0190,Milwaukee - C 0190,079,55079003749,003749,16,1.000000000000,971578.000000,971578.000000
MILWAUKEE - C 0161,Milwaukee - C 0161,079,55079003750,003750,17,1.000000000000,83807.000000,83807.000000
MILWAUKEE - C 0162,Milwaukee - C 0162,079,55079003751,003751,18,1.000000000000,169085.000000,169085.000000
MILWAUKEE - C 0187,Milwaukee - C 0187,079,55079003752,003752,16,1.000000000000,745348.000000,745348.000000
MILWAUKEE - C 0185,Milwaukee - C 0185,079,55079003753,003753,19,1.000000000000,433320.000000,433320.000000
MILWAUKEE - C 0186,Milwaukee - C 0186,079,55079003754,003754,19,1.000000000000,3012730.000000,3012730.000000
MILWAUKEE - C 0214,Milwaukee - C 0214,079,55079003755,003755,18,0.968360914818,588838.000000,608077.000000
MILWAUKEE - C 0214,Milwaukee - C 0214,079,55079003755,003755,9,0.031639085182,19239.000000,608077.000000
MILWAUKEE - C 0197,Milwaukee - C 0197,079,55079003756,003756,18,1.000000000000,217204.000000,217204.000000
MILWAUKEE - C 0170,Milwaukee - C 0170,079,55079003757,003757,16,1.000000000000,352168.000000,352168.000000
MILWAUKEE - C 0044,Milwaukee - C 0044,079,55079003758,003758,17,1.000000000000,546267.000000,546267.000000
MILWAUKEE - C 0068,Milwaukee - C 0068,079,55079003759,003759,17,1.000000000000,830343.000000,830343.000000
MILWAUKEE - C 0067,Milwaukee - C 0067,079,55079003760,003760,17,1.000000000000,519852.000000,519852.000000
MILWAUKEE - C 0066,Milwaukee - C 0066,079,55079003761,003761,17,1.000000000000,331130.000000,331130.000000
MILWAUKEE - C 0018,Milwaukee - C 0018,079,55079003762,003762,11,1.000000000000,2477965.000000,2477965.000000
MILWAUKEE - C 0015,Milwaukee - C 0015,079,55079003763,003763,11,1.000000000000,1306367.000000,1306367.000000
MILWAUKEE - C 0004,Milwaukee - C 0004,079,55079003764,003764,12,1.000000000000,2732024.000000,2732024.000000
MILWAUKEE - C 0019,Milwaukee - C 0019,079,55079003765,003765,11,1.000000000000,1451684.000000,1451684.000000
MILWAUKEE - C 0017,Milwaukee - C 0017,079,55079003766,003766,11,1.000000000000,1474669.000000,1474669.000000
MILWAUKEE - C 0016,Milwaukee - C 0016,079,55079003767,003767,11,1.000000000000,1371828.000000,1371828.000000
MILWAUKEE - C 0012,Milwaukee - C 0012,079,55079003768,003768,11,1.000000000000,1207232.000000,1207232.000000
MILWAUKEE - C 0023,Milwaukee - C 0023,079,55079003769,003769,11,1.000000000000,2152276.000000,2152276.000000
MILWAUKEE - C 0024,Milwaukee - C 0024,079,55079003770,003770,11,1.000000000000,733081.000000,733081.000000
MILWAUKEE - C 0049,Milwaukee - C 0049,079,55079003771,003771,11,1.000000000000,714573.000000,714573.000000
MILWAUKEE - C 0025,Milwaukee - C 0025,079,55079003772,003772,11,1.000000000000,492814.000000,492814.000000
MILWAUKEE - C 0026,Milwaukee - C 0026,079,55079003773,003773,11,1.000000000000,1482664.000000,1482664.000000
MILWAUKEE - C 0003,Milwaukee - C 0003,079,55079003774,003774,12,1.000000000000,2627246.000000,2627246.000000
MILWAUKEE - C 0028,Milwaukee - C 0028,079,55079003775,003775,11,1.000000000000,481950.000000,481950.000000
MILWAUKEE - C 0071,Milwaukee - C 0071,079,55079003776,003776,17,1.000000000000,473360.000000,473360.000000
MILWAUKEE - C 0069,Milwaukee - C 0069,079,55079003777,003777,17,1.000000000000,582428.000000,582428.000000
MILWAUKEE - C 0070,Milwaukee - C 0070,079,55079003778,003778,17,1.000000000000,1224529.000000,1224529.000000
MILWAUKEE - C 0098,Milwaukee - C 0098,079,55079003779,003779,17,1.000000000000,323568.000000,323568.000000
MILWAUKEE - C 0050,Milwaukee - C 0050,079,55079003780,003780,11,1.000000000000,500239.000000,500239.000000
MILWAUKEE - C 0047,Milwaukee - C 0047,079,55079003781,003781,11,1.000000000000,657132.000000,657132.000000
MILWAUKEE - C 0045,Milwaukee - C 0045,079,55079003782,003782,11,1.000000000000,652166.000000,652166.000000
MILWAUKEE - C 0046,Milwaukee - C 0046,079,55079003783,003783,11,1.000000000000,329364.000000,329364.000000
MILWAUKEE - C 0048,Milwaukee - C 0048,079,55079003784,003784,11,1.000000000000,327122.000000,327122.000000
MILWAUKEE - C 0029,Milwaukee - C 0029,079,55079003785,003785,12,1.000000000000,264078.000000,264078.000000
MILWAUKEE - C 0014,Milwaukee - C 0014,079,55079003786,003786,11,1.000000000000,1228375.000000,1228375.000000
BROWN DEER - V 0003,Brown Deer - V 0003,079,55079003787,003787,12,1.000000000000,1382335.000000,1382335.000000
BROWN DEER - V 0004,Brown Deer - V 0004,079,55079003788,003788,23,1.000000000000,1640992.000000,1640992.000000
FOX POINT - V 0004,Fox Point - V 0004,079,55079003789,003789,23,1.000000000000,655437.000000,655437.000000
FOX POINT - V 0007,Fox Point - V 0007,079,55079003790,003790,23,1.000000000000,495316.000000,495316.000000
FOX POINT - V 0009,Fox Point - V 0009,079,55079003791,003791,23,1.000000000000,715100.000000,715100.000000
GLENDALE - C 0002,Glendale - C 0002,079,55079003792,003792,10,1.000000000000,1575809.000000,1575809.000000
GLENDALE - C 0004,Glendale - C 0004,079,55079003793,003793,10,1.000000000000,1027277.000000,1027277.000000
GLENDALE - C 0005,Glendale - C 0005,079,55079003794,003794,10,1.000000000000,1008814.000000,1008814.000000
MILWAUKEE - C 0055,Milwaukee - C 0055,079,55079003795,003795,11,1.000000000000,2009009.000000,2009009.000000
MILWAUKEE - C 0021,Milwaukee - C 0021,079,55079003796,003796,11,1.000000000000,984606.000000,984606.000000
MILWAUKEE - C 0020,Milwaukee - C 0020,079,55079003797,003797,11,1.000000000000,1057347.000000,1057347.000000
MILWAUKEE - C 0022,Milwaukee - C 0022,079,55079003798,003798,11,1.000000000000,537399.000000,537399.000000
MILWAUKEE - C 0053,Milwaukee - C 0053,079,55079003799,003799,11,1.000000000000,400440.000000,400440.000000
MILWAUKEE - C 0052,Milwaukee - C 0052,079,55079003800,003800,11,1.000000000000,601316.000000,601316.000000
MILWAUKEE - C 0054,Milwaukee - C 0054,079,55079003801,003801,11,1.000000000000,699351.000000,699351.000000
RIVER HILLS - V 0003,River Hills - V 0003,079,55079003802,003802,23,1.000000000000,4891407.000000,4891407.000000
MILWAUKEE - C 0056,Milwaukee - C 0056,079,55079003803,003803,11,1.000000000000,377600.000000,377600.000000
BROWN DEER - V 0002,Brown Deer - V 0002,079,55079003804,003804,23,1.000000000000,2455254.000000,2455254.000000
BROWN DEER - V 0001,Brown Deer - V 0001,079,55079003805,003805,23,1.000000000000,1573561.000000,1573561.000000
BROWN DEER - V 0005,Brown Deer - V 0005,079,55079003806,003806,23,1.000000000000,2054789.000000,2054789.000000
BROWN DEER - V 0006,Brown Deer - V 0006,079,55079003807,003807,23,1.000000000000,2276984.000000,2276984.000000
FOX POINT - V 0005,Fox Point - V 0005,079,55079003808,003808,23,1.000000000000,598916.000000,598916.000000
FOX POINT - V 0006,Fox Point - V 0006,079,55079003809,003809,23,1.000000000000,748204.000000,748204.000000
FOX POINT - V 0002,Fox Point - V 0002,079,55079003810,003810,23,1.000000000000,728706.000000,728706.000000
FOX POINT - V 0001,Fox Point - V 0001,079,55079003811,003811,23,1.000000000000,2285533.000000,2285533.000000
FOX POINT - V 0003,Fox Point - V 0003,079,55079003812,003812,23,1.000000000000,2645620.000000,2645620.000000
RIVER HILLS - V 0002,River Hills - V 0002,079,55079003813,003813,23,1.000000000000,7597752.000000,7597752.000000
GLENDALE - C 0009,Glendale - C 0009,079,55079003814,003814,10,1.000000000000,1085434.000000,1085434.000000
GLENDALE - C 008S,Glendale - C 008S,079,55079003815,003815,10,1.000000000000,96113.000000,96113.000000
GLENDALE - C 0006,Glendale - C 0006,079,55079003816,003816,10,1.000000000000,493087.000000,493087.000000
GLENDALE - C 0012,Glendale - C 0012,079,55079003817,003817,10,1.000000000000,1341327.000000,1341327.000000
GLENDALE - C 011S,Glendale - C 011S,079,55079003818,003818,10,1.000000000000,280865.000000,280865.000000
GLENDALE - C 0011,Glendale - C 0011,079,55079003819,003819,10,1.000000000000,846248.000000,846248.000000
GLENDALE - C 0010,Glendale - C 0010,079,55079003820,003820,10,1.000000000000,904429.000000,904429.000000
GLENDALE - C 0008,Glendale - C 0008,079,55079003821,003821,10,1.000000000000,1154062.000000,1154062.000000
BAYSIDE - V 001S,Bayside - V 001S,079,55079003822,003822,23,1.000000000000,68940.000000,68940.000000
BAYSIDE - V 0002,Bayside - V 0002,079,55079003823,003823,23,1.000000000000,771416.000000,771416.000000
BAYSIDE - V 003S,Bayside - V 003S,079,55079003824,003824,23,1.000000000000,58569.000000,58569.000000
BAYSIDE - V 0001,Bayside - V 0001,079,55079003825,003825,23,1.000000000000,706017.000000,706017.000000
BAYSIDE - V 0004,Bayside - V 0004,079,55079003826,003826,23,1.000000000000,1257682.000000,1257682.000000
BAYSIDE - V 0003,Bayside - V 0003,079,55079003827,003827,23,1.000000000000,854760.000000,854760.000000
BAYSIDE - V 0005,Bayside - V 0005,079,55079003828,003828,23,1.000000000000,3561609.000000,3561609.000000
FOX POINT - V 0008,Fox Point - V 0008,079,55079003829,003829,23,1.000000000000,651696.000000,651696.000000
GLENDALE - C 0003,Glendale - C 0003,079,55079003830,003830,10,1.000000000000,1190622.000000,1190622.000000
RIVER HILLS - V 0001,River Hills - V 0001,079,55079003831,003831,23,1.000000000000,1316340.000000,1316340.000000
GLENDALE - C 0001,Glendale - C 0001,079,55079003832,003832,10,0.998816032393,3135727.000000,3139444.000000
GLENDALE - C 0001,Glendale - C 0001,079,55079003832,003832,11,0.001183967607,3717.000000,3139444.000000
GLENDALE - C 0007,Glendale - C 0007,079,55079003833,003833,10,1.000000000000,1309229.000000,1309229.000000
MILWAUKEE - C 0211,Milwaukee - C 0211,079,55079003834,003834,14,1.000000000000,2278141.000000,2278141.000000
MILWAUKEE - C 0210,Milwaukee - C 0210,079,55079003835,003835,14,1.000000000000,450673.000000,450673.000000
MILWAUKEE - C 0086,Milwaukee - C 0086,079,55079003836,003836,17,1.000000000000,533677.000000,533677.000000
MILWAUKEE - C 0085,Milwaukee - C 0085,079,55079003837,003837,17,1.000000000000,974174.000000,974174.000000
WAUWATOSA - C 0001,Wauwatosa - C 0001,079,55079003838,003838,13,1.000000000000,841857.000000,841857.000000
WAUWATOSA - C 0010,Wauwatosa - C 0010,079,55079003839,003839,18,1.000000000000,543646.000000,543646.000000
WAUWATOSA - C 0013,Wauwatosa - C 0013,079,55079003840,003840,13,1.000000000000,516200.000000,516200.000000
WAUWATOSA - C 0018,Wauwatosa - C 0018,079,55079003841,003841,13,1.000000000000,3523065.000000,3523065.000000
WAUWATOSA - C 0021,Wauwatosa - C 0021,079,55079003842,003842,13,1.000000000000,1510291.000000,1510291.000000
WAUWATOSA - C 0008,Wauwatosa - C 0008,079,55079003843,003843,13,1.000000000000,2164717.000000,2164717.000000
WAUWATOSA - C 0009,Wauwatosa - C 0009,079,55079003844,003844,14,1.000000000000,1398694.000000,1398694.000000
WEST ALLIS - C 0006,West Allis - C 0006,079,55079003845,003845,14,1.000000000000,1169444.000000,1169444.000000
WAUWATOSA - C 0016,Wauwatosa - C 0016,079,55079003846,003846,13,1.000000000000,698114.000000,698114.000000
WAUWATOSA - C 0003,Wauwatosa - C 0003,079,55079003847,003847,13,1.000000000000,749175.000000,749175.000000
WAUWATOSA - C 0002,Wauwatosa - C 0002,079,55079003848,003848,13,1.000000000000,561166.000000,561166.000000
WAUWATOSA - C 0005,Wauwatosa - C 0005,079,55079003849,003849,13,1.000000000000,3795088.000000,3795088.000000
WAUWATOSA - C 0004,Wauwatosa - C 0004,079,55079003850,003850,13,1.000000000000,1035720.000000,1035720.000000
WAUWATOSA - C 0017,Wauwatosa - C 0017,079,55079003851,003851,13,1.000000000000,792532.000000,792532.000000
WAUWATOSA - C 0007,Wauwatosa - C 0007,079,55079003852,003852,18,1.000000000000,1117361.000000,1117361.000000
WAUWATOSA - C 0011,Wauwatosa - C 0011,079,55079003853,003853,18,1.000000000000,903376.000000,903376.000000
WAUWATOSA - C 0006,Wauwatosa - C 0006,079,55079003854,003854,18,1.000000000000,1032411.000000,1032411.000000
WAUWATOSA - C 0012,Wauwatosa - C 0012,079,55079003855,003855,18,1.000000000000,955893.000000,955893.000000
WAUWATOSA - C 0020,Wauwatosa - C 0020,079,55079003856,003856,13,1.000000000000,2210086.000000,2210086.000000
WEST ALLIS - C 0011,West Allis - C 0011,079,55079003857,003857,14,1.000000000000,984470.000000,984470.000000
WEST ALLIS - C 0001,West Allis - C 0001,079,55079003858,003858,7,1.000000000000,1176496.000000,1176496.000000
WEST ALLIS - C 0012,West Allis - C 0012,079,55079003859,003859,14,1.000000000000,2829504.000000,2829504.000000
WEST ALLIS - C 0013,West Allis - C 0013,079,55079003860,003860,14,1.000000000000,1202226.000000,1202226.000000
MILWAUKEE - C 0222,Milwaukee - C 0222,079,55079003861,003861,8,1.000000000000,350583.000000,350583.000000
MILWAUKEE - C 0221,Milwaukee - C 0221,079,55079003862,003862,9,1.000000000000,525307.000000,525307.000000
MILWAUKEE - C 0223,Milwaukee - C 0223,079,55079003863,003863,8,1.000000000000,376069.000000,376069.000000
MILWAUKEE - C 0258,Milwaukee - C 0258,079,55079003864,003864,9,1.000000000000,1334913.000000,1334913.000000
MILWAUKEE - C 0252,Milwaukee - C 0252,079,55079003865,003865,8,1.000000000000,451469.000000,451469.000000
MILWAUKEE - C 0284,Milwaukee - C 0284,079,55079003866,003866,9,1.000000000000,829293.000000,829293.000000
MILWAUKEE - C 0259,Milwaukee - C 0259,079,55079003867,003867,9,1.000000000000,829576.000000,829576.000000
MILWAUKEE - C 0249,Milwaukee - C 0249,079,55079003868,003868,8,1.000000000000,1073568.000000,1073568.000000
MILWAUKEE - C 0325,Milwaukee - C 0325,079,55079003869,003869,8,1.000000000000,180952.000000,180952.000000
MILWAUKEE - C 0248,Milwaukee - C 0248,079,55079003870,003870,19,1.000000000000,409491.000000,409491.000000
MILWAUKEE - C 0242,Milwaukee - C 0242,079,55079003871,003871,19,1.000000000000,588926.000000,588926.000000
MILWAUKEE - C 0244,Milwaukee - C 0244,079,55079003872,003872,19,1.000000000000,1814129.000000,1814129.000000
MILWAUKEE - C 0247,Milwaukee - C 0247,079,55079003873,003873,20,1.000000000000,342817.000000,342817.000000
MILWAUKEE - C 0291,Milwaukee - C 0291,079,55079003874,003874,9,1.000000000000,279034.000000,279034.000000
MILWAUKEE - C 0290,Milwaukee - C 0290,079,55079003875,003875,9,1.000000000000,361435.000000,361435.000000
MILWAUKEE - C 0220,Milwaukee - C 0220,079,55079003876,003876,9,1.000000000000,286889.000000,286889.000000
MILWAUKEE - C 0219,Milwaukee - C 0219,079,55079003877,003877,9,1.000000000000,247693.000000,247693.000000
MILWAUKEE - C 0216,Milwaukee - C 0216,079,55079003878,003878,9,1.000000000000,146321.000000,146321.000000
MILWAUKEE - C 0218,Milwaukee - C 0218,079,55079003879,003879,9,1.000000000000,535186.000000,535186.000000
MILWAUKEE - C 0285,Milwaukee - C 0285,079,55079003880,003880,9,1.000000000000,276786.000000,276786.000000
MILWAUKEE - C 0322,Milwaukee - C 0322,079,55079003881,003881,9,1.000000000000,184235.000000,184235.000000
MILWAUKEE - C 0217,Milwaukee - C 0217,079,55079003882,003882,9,1.000000000000,692911.000000,692911.000000
MILWAUKEE - C 0243,Milwaukee - C 0243,079,55079003883,003883,19,1.000000000000,1067153.000000,1067153.000000
MILWAUKEE - C 0324,Milwaukee - C 0324,079,55079003884,003884,8,1.000000000000,68730.000000,68730.000000
MILWAUKEE - C 0241,Milwaukee - C 0241,079,55079003885,003885,19,0.999276977325,4356324.000000,4359476.000000
MILWAUKEE - C 0241,Milwaukee - C 0241,079,55079003885,003885,8,0.000723022675,3152.000000,4359476.000000
MILWAUKEE - C 0257,Milwaukee - C 0257,079,55079003886,003886,8,1.000000000000,411194.000000,411194.000000
MILWAUKEE - C 0262,Milwaukee - C 0262,079,55079003887,003887,9,1.000000000000,570949.000000,570949.000000
MILWAUKEE - C 0264,Milwaukee - C 0264,079,55079003888,003888,7,1.000000000000,951687.000000,951687.000000
MILWAUKEE - C 0265,Milwaukee - C 0265,079,55079003889,003889,7,1.000000000000,404245.000000,404245.000000
MILWAUKEE - C 0266,Milwaukee - C 0266,079,55079003890,003890,7,1.000000000000,417588.000000,417588.000000
MILWAUKEE - C 0271,Milwaukee - C 0271,079,55079003891,003891,61,1.000000000000,975063.000000,975063.000000
MILWAUKEE - C 0272,Milwaukee - C 0272,079,55079003892,003892,61,1.000000000000,827187.000000,827187.000000
MILWAUKEE - C 0273,Milwaukee - C 0273,079,55079003893,003893,61,1.000000000000,420902.000000,420902.000000
MILWAUKEE - C 0274,Milwaukee - C 0274,079,55079003894,003894,61,1.000000000000,406754.000000,406754.000000
MILWAUKEE - C 0280,Milwaukee - C 0280,079,55079003895,003895,7,1.000000000000,1565059.000000,1565059.000000
WEST ALLIS - C 0018,West Allis - C 0018,079,55079003896,003896,14,1.000000000000,1109309.000000,1109309.000000
WEST ALLIS - C 0019,West Allis - C 0019,079,55079003897,003897,14,1.000000000000,1352501.000000,1352501.000000
WEST ALLIS - C 0005,West Allis - C 0005,079,55079003898,003898,7,1.000000000000,678611.000000,678611.000000
WEST ALLIS - C 0004,West Allis - C 0004,079,55079003899,003899,7,1.000000000000,854721.000000,854721.000000
MILWAUKEE - C 0261,Milwaukee - C 0261,079,55079003900,003900,7,1.000000000000,279661.000000,279661.000000
WEST ALLIS - C 0002,West Allis - C 0002,079,55079003901,003901,7,1.000000000000,711332.000000,711332.000000
WEST ALLIS - C 0003,West Allis - C 0003,079,55079003902,003902,7,1.000000000000,870113.000000,870113.000000
WEST ALLIS - C 0020,West Allis - C 0020,079,55079003903,003903,14,1.000000000000,790353.000000,790353.000000
WEST ALLIS - C 0009,West Allis - C 0009,079,55079003904,003904,14,1.000000000000,667678.000000,667678.000000
WEST ALLIS - C 0017,West Allis - C 0017,079,55079003905,003905,14,1.000000000000,1024478.000000,1024478.000000
WEST ALLIS - C 0014,West Allis - C 0014,079,55079003906,003906,14,1.000000000000,628397.000000,628397.000000
WEST ALLIS - C 0007,West Allis - C 0007,079,55079003907,003907,14,1.000000000000,734337.000000,734337.000000
WEST ALLIS - C 0015,West Allis - C 0015,079,55079003908,003908,14,1.000000000000,821731.000000,821731.000000
WEST ALLIS - C 0008,West Allis - C 0008,079,55079003909,003909,14,1.000000000000,533489.000000,533489.000000
WEST ALLIS - C 0010,West Allis - C 0010,079,55079003910,003910,14,1.000000000000,592704.000000,592704.000000
MILWAUKEE - C 0267,Milwaukee - C 0267,079,55079003911,003911,7,1.000000000000,533432.000000,533432.000000
MILWAUKEE - C 0260,Milwaukee - C 0260,079,55079003912,003912,9,1.000000000000,1333538.000000,1333538.000000
MILWAUKEE - C 0294,Milwaukee - C 0294,079,55079003913,003913,21,1.000000000000,510203.000000,510203.000000
MILWAUKEE - C 0293,Milwaukee - C 0293,079,55079003914,003914,21,1.000000000000,674476.000000,674476.000000
MILWAUKEE - C 0288,Milwaukee - C 0288,079,55079003915,003915,9,1.000000000000,1170724.000000,1170724.000000
MILWAUKEE - C 0326,Milwaukee - C 0326,079,55079003916,003916,7,1.000000000000,2583.000000,2583.000000
MILWAUKEE - C 0306,Milwaukee - C 0306,079,55079003917,003917,9,1.000000000000,834085.000000,834085.000000
MILWAUKEE - C 0305,Milwaukee - C 0305,079,55079003918,003918,21,0.997168841283,1211258.000000,1214697.000000
MILWAUKEE - C 0305,Milwaukee - C 0305,079,55079003918,003918,9,0.002831158717,3439.000000,1214697.000000
MILWAUKEE - C 0303,Milwaukee - C 0303,079,55079003919,003919,21,1.000000000000,763634.000000,763634.000000
MILWAUKEE - C 0304,Milwaukee - C 0304,079,55079003920,003920,21,1.000000000000,1217413.000000,1217413.000000
MILWAUKEE - C 0308,Milwaukee - C 0308,079,55079003921,003921,9,1.000000000000,859349.000000,859349.000000
MILWAUKEE - C 0310,Milwaukee - C 0310,079,55079003922,003922,7,1.000000000000,369943.000000,369943.000000
MILWAUKEE - C 0309,Milwaukee - C 0309,079,55079003923,003923,7,1.000000000000,914550.000000,914550.000000
MILWAUKEE - C 0314,Milwaukee - C 0314,079,55079003924,003924,21,1.000000000000,914732.000000,914732.000000
MILWAUKEE - C 0312,Milwaukee - C 0312,079,55079003925,003925,7,1.000000000000,915063.000000,915063.000000
MILWAUKEE - C 0316,Milwaukee - C 0316,079,55079003926,003926,21,1.000000000000,5200083.000000,5200083.000000
MILWAUKEE - C 0317,Milwaukee - C 0317,079,55079003927,003927,21,1.000000000000,7583322.000000,7583322.000000
MILWAUKEE - C 0246,Milwaukee - C 0246,079,55079003928,003928,20,1.000000000000,886208.000000,886208.000000
MILWAUKEE - C 0292,Milwaukee - C 0292,079,55079003929,003929,8,1.000000000000,1459747.000000,1459747.000000
MILWAUKEE - C 0286,Milwaukee - C 0286,079,55079003930,003930,9,1.000000000000,406592.000000,406592.000000
MILWAUKEE - C 0287,Milwaukee - C 0287,079,55079003931,003931,9,1.000000000000,233118.000000,233118.000000
MILWAUKEE - C 0289,Milwaukee - C 0289,079,55079003932,003932,9,1.000000000000,333507.000000,333507.000000
MILWAUKEE - C 0295,Milwaukee - C 0295,079,55079003933,003933,20,1.000000000000,453520.000000,453520.000000
MILWAUKEE - C 0297,Milwaukee - C 0297,079,55079003934,003934,20,1.000000000000,429330.000000,429330.000000
MILWAUKEE - C 0298,Milwaukee - C 0298,079,55079003935,003935,20,1.000000000000,555354.000000,555354.000000
MILWAUKEE - C 0245,Milwaukee - C 0245,079,55079003936,003936,19,1.000000000000,259932.000000,259932.000000
MILWAUKEE - C 0300,Milwaukee - C 0300,079,55079003937,003937,20,1.000000000000,673632.000000,673632.000000
MILWAUKEE - C 0299,Milwaukee - C 0299,079,55079003938,003938,20,1.000000000000,439117.000000,439117.000000
MILWAUKEE - C 0301,Milwaukee - C 0301,079,55079003939,003939,20,1.000000000000,788923.000000,788923.000000
MILWAUKEE - C 0296,Milwaukee - C 0296,079,55079003940,003940,21,1.000000000000,467959.000000,467959.000000
MILWAUKEE - C 0302,Milwaukee - C 0302,079,55079003941,003941,21,1.000000000000,507709.000000,507709.000000
MILWAUKEE - C 0311,Milwaukee - C 0311,079,55079003942,003942,7,1.000000000000,376942.000000,376942.000000
MILWAUKEE - C 0281,Milwaukee - C 0281,079,55079003943,003943,9,1.000000000000,702178.000000,702178.000000
MILWAUKEE - C 0327,Milwaukee - C 0327,079,55079003944,003944,7,1.000000000000,1788.000000,1788.000000
MILWAUKEE - C 0282,Milwaukee - C 0282,079,55079003945,003945,9,1.000000000000,367639.000000,367639.000000
MILWAUKEE - C 0283,Milwaukee - C 0283,079,55079003946,003946,9,1.000000000000,644743.000000,644743.000000
MILWAUKEE - C 0307,Milwaukee - C 0307,079,55079003947,003947,9,1.000000000000,1228995.000000,1228995.000000
FRANKLIN - C 0019,Franklin - C 0019,079,55079003948,003948,63,1.000000000000,1470094.000000,1470094.000000
FRANKLIN - C 0021,Franklin - C 0021,079,55079003949,003949,63,1.000000000000,64674.000000,64674.000000
FRANKLIN - C 0007,Franklin - C 0007,079,55079003950,003950,63,1.000000000000,2429111.000000,2429111.000000
GREENDALE - V 0004,Greendale - V 0004,079,55079003951,003951,61,1.000000000000,1003320.000000,1003320.000000
GREENDALE - V 0006,Greendale - V 0006,079,55079003952,003952,61,1.000000000000,1122317.000000,1122317.000000
GREENDALE - V 0007,Greendale - V 0007,079,55079003953,003953,61,1.000000000000,880116.000000,880116.000000
GREENDALE - V 0008,Greendale - V 0008,079,55079003954,003954,61,1.000000000000,824696.000000,824696.000000
GREENDALE - V 0009,Greendale - V 0009,079,55079003955,003955,61,1.000000000000,1571479.000000,1571479.000000
GREENFIELD - C 0010,Greenfield - C 0010,079,55079003956,003956,61,1.000000000000,2507450.000000,2507450.000000
GREENFIELD - C 0011,Greenfield - C 0011,079,55079003957,003957,61,1.000000000000,2106490.000000,2106490.000000
GREENFIELD - C 0012,Greenfield - C 0012,079,55079003958,003958,61,1.000000000000,2759621.000000,2759621.000000
GREENFIELD - C 0005,Greenfield - C 0005,079,55079003959,003959,61,1.000000000000,1416137.000000,1416137.000000
GREENFIELD - C 0006,Greenfield - C 0006,079,55079003960,003960,61,1.000000000000,1666943.000000,1666943.000000
GREENFIELD - C 0008,Greenfield - C 0008,079,55079003961,003961,61,1.000000000000,648220.000000,648220.000000
GREENFIELD - C 0009,Greenfield - C 0009,079,55079003962,003962,61,1.000000000000,1913191.000000,1913191.000000
WEST ALLIS - C 0016,West Allis - C 0016,079,55079003963,003963,14,1.000000000000,825897.000000,825897.000000
WEST ALLIS - C 0024,West Allis - C 0024,079,55079003964,003964,14,1.000000000000,811928.000000,811928.000000
WEST ALLIS - C 0025,West Allis - C 0025,079,55079003965,003965,61,1.000000000000,61295.000000,61295.000000
FRANKLIN - C 0002,Franklin - C 0002,079,55079003966,003966,63,1.000000000000,3732293.000000,3732293.000000
FRANKLIN - C 0003,Franklin - C 0003,079,55079003967,003967,63,1.000000000000,2251078.000000,2251078.000000
FRANKLIN - C 0006,Franklin - C 0006,079,55079003968,003968,63,1.000000000000,4785157.000000,4785157.000000
FRANKLIN - C 0020,Franklin - C 0020,079,55079003969,003969,63,1.000000000000,2323732.000000,2323732.000000
GREENDALE - V 0001,Greendale - V 0001,079,55079003970,003970,61,1.000000000000,2498816.000000,2498816.000000
WEST ALLIS - C 0025,West Allis - C 0025,079,55079003971,003971,14,1.000000000000,2139459.000000,2139459.000000
WEST ALLIS - C 0022,West Allis - C 0022,079,55079003972,003972,14,1.000000000000,3943131.000000,3943131.000000
WEST ALLIS - C 0023,West Allis - C 0023,079,55079003973,003973,14,1.000000000000,1293151.000000,1293151.000000
WEST ALLIS - C 0021,West Allis - C 0021,079,55079003974,003974,14,1.000000000000,1731405.000000,1731405.000000
GREENFIELD - C 0007,Greenfield - C 0007,079,55079003975,003975,61,1.000000000000,2319510.000000,2319510.000000
GREENDALE - V 0002,Greendale - V 0002,079,55079003976,003976,61,1.000000000000,2164881.000000,2164881.000000
GREENDALE - V 0005,Greendale - V 0005,079,55079003977,003977,61,1.000000000000,1096971.000000,1096971.000000
GREENDALE - V 0003,Greendale - V 0003,079,55079003978,003978,61,1.000000000000,1709548.000000,1709548.000000
GREENDALE - V 0010,Greendale - V 0010,079,55079003979,003979,61,1.000000000000,1564473.000000,1564473.000000
FRANKLIN - C 0001,Franklin - C 0001,079,55079003980,003980,63,1.000000000000,1189752.000000,1189752.000000
FRANKLIN - C 0013,Franklin - C 0013,079,55079003981,003981,63,1.000000000000,4702044.000000,4702044.000000
GREENFIELD - C 0001,Greenfield - C 0001,079,55079003982,003982,7,1.000000000000,874340.000000,874340.000000
GREENFIELD - C 0013,Greenfield - C 0013,079,55079003983,003983,7,1.000000000000,965671.000000,965671.000000
GREENFIELD - C 0014,Greenfield - C 0014,079,55079003984,003984,7,1.000000000000,706705.000000,706705.000000
GREENFIELD - C 0017,Greenfield - C 0017,079,55079003985,003985,61,1.000000000000,1317891.000000,1317891.000000
GREENFIELD - C 0019,Greenfield - C 0019,079,55079003986,003986,7,1.000000000000,1035799.000000,1035799.000000
GREENFIELD - C 0020,Greenfield - C 0020,079,55079003987,003987,61,1.000000000000,1719930.000000,1719930.000000
GREENFIELD - C 0021,Greenfield - C 0021,079,55079003988,003988,21,1.000000000000,881674.000000,881674.000000
GREENFIELD - C 0003,Greenfield - C 0003,079,55079003989,003989,7,1.000000000000,1169460.000000,1169460.000000
MILWAUKEE - C 0279,Milwaukee - C 0279,079,55079003990,003990,7,1.000000000000,836537.000000,836537.000000
MILWAUKEE - C 0268,Milwaukee - C 0268,079,55079003991,003991,7,1.000000000000,1079891.000000,1079891.000000
MILWAUKEE - C 0269,Milwaukee - C 0269,079,55079003992,003992,61,1.000000000000,641417.000000,641417.000000
MILWAUKEE - C 0270,Milwaukee - C 0270,079,55079003993,003993,61,1.000000000000,523855.000000,523855.000000
MILWAUKEE - C 0275,Milwaukee - C 0275,079,55079003994,003994,61,1.000000000000,802073.000000,802073.000000
MILWAUKEE - C 0276,Milwaukee - C 0276,079,55079003995,003995,61,1.000000000000,956827.000000,956827.000000
MILWAUKEE - C 0277,Milwaukee - C 0277,079,55079003996,003996,7,1.000000000000,1242325.000000,1242325.000000
MILWAUKEE - C 0313,Milwaukee - C 0313,079,55079003997,003997,21,1.000000000000,1519728.000000,1519728.000000
MILWAUKEE - C 0315,Milwaukee - C 0315,079,55079003998,003998,21,1.000000000000,1875117.000000,1875117.000000
FRANKLIN - C 0017,Franklin - C 0017,079,55079003999,003999,63,1.000000000000,1778210.000000,1778210.000000
FRANKLIN - C 0010,Franklin - C 0010,079,55079004000,004000,63,1.000000000000,473933.000000,473933.000000
FRANKLIN - C 0009,Franklin - C 0009,079,55079004001,004001,61,1.000000000000,1705434.000000,1705434.000000
FRANKLIN - C 0018,Franklin - C 0018,079,55079004002,004002,63,1.000000000000,4095025.000000,4095025.000000
MILWAUKEE - C 0278,Milwaukee - C 0278,079,55079004003,004003,7,1.000000000000,580164.000000,580164.000000
GREENFIELD - C 0002,Greenfield - C 0002,079,55079004004,004004,7,1.000000000000,996720.000000,996720.000000
GREENFIELD - C 0015,Greenfield - C 0015,079,55079004005,004005,7,1.000000000000,800723.000000,800723.000000
GREENFIELD - C 0016,Greenfield - C 0016,079,55079004006,004006,7,1.000000000000,599388.000000,599388.000000
GREENFIELD - C 0018,Greenfield - C 0018,079,55079004007,004007,7,1.000000000000,1711726.000000,1711726.000000
GREENFIELD - C 0004,Greenfield - C 0004,079,55079004008,004008,7,1.000000000000,1763753.000000,1763753.000000
MILWAUKEE - C 0164,Milwaukee - C 0164,079,55079004009,004009,17,1.000000000000,462398.000000,462398.000000
MILWAUKEE - C 0263,Milwaukee - C 0263,079,55079004010,004010,9,1.000000000000,566624.000000,566624.000000
MILWAUKEE - C 0167,Milwaukee - C 0167,079,55079004011,004011,18,1.000000000000,318473.000000,318473.000000
MILWAUKEE - C 0168,Milwaukee - C 0168,079,55079004012,004012,18,1.000000000000,575405.000000,575405.000000
MILWAUKEE - C 0203,Milwaukee - C 0203,079,55079004013,004013,18,1.000000000000,996460.000000,996460.000000
MILWAUKEE - C 0205,Milwaukee - C 0205,079,55079004014,004014,18,1.000000000000,686753.000000,686753.000000
MILWAUKEE - C 0207,Milwaukee - C 0207,079,55079004015,004015,14,1.000000000000,554299.000000,554299.000000
MILWAUKEE - C 0208,Milwaukee - C 0208,079,55079004016,004016,14,1.000000000000,472893.000000,472893.000000
MILWAUKEE - C 0092,Milwaukee - C 0092,079,55079004017,004017,17,1.000000000000,1602923.000000,1602923.000000
MILWAUKEE - C 0083,Milwaukee - C 0083,079,55079004018,004018,17,1.000000000000,610721.000000,610721.000000
MILWAUKEE - C 0081,Milwaukee - C 0081,079,55079004019,004019,12,1.000000000000,367385.000000,367385.000000
MILWAUKEE - C 0089,Milwaukee - C 0089,079,55079004020,004020,17,1.000000000000,607119.000000,607119.000000
MILWAUKEE - C 0084,Milwaukee - C 0084,079,55079004021,004021,17,1.000000000000,485077.000000,485077.000000
MILWAUKEE - C 0088,Milwaukee - C 0088,079,55079004022,004022,17,1.000000000000,449189.000000,449189.000000
WAUWATOSA - C 0014,Wauwatosa - C 0014,079,55079004023,004023,13,1.000000000000,517595.000000,517595.000000
WAUWATOSA - C 0015,Wauwatosa - C 0015,079,55079004024,004024,13,1.000000000000,567638.000000,567638.000000
WAUWATOSA - C 0023,Wauwatosa - C 0023,079,55079004025,004025,13,1.000000000000,3164410.000000,3164410.000000
WAUWATOSA - C 0024,Wauwatosa - C 0024,079,55079004026,004026,12,1.000000000000,1075238.000000,1075238.000000
WEST MILWAUKEE - V 0002,West Milwaukee - V 0002,079,55079004027,004027,9,1.000000000000,104667.000000,104667.000000
WEST MILWAUKEE - V 0003,West Milwaukee - V 0003,079,55079004028,004028,9,1.000000000000,148969.000000,148969.000000
WEST MILWAUKEE - V 0004,West Milwaukee - V 0004,079,55079004029,004029,9,1.000000000000,149280.000000,149280.000000
WEST MILWAUKEE - V 0006,West Milwaukee - V 0006,079,55079004030,004030,9,1.000000000000,82025.000000,82025.000000
MILWAUKEE - C 0166,Milwaukee - C 0166,079,55079004031,004031,17,1.000000000000,164514.000000,164514.000000
MILWAUKEE - C 0093,Milwaukee - C 0093,079,55079004032,004032,17,1.000000000000,277995.000000,277995.000000
WAUWATOSA - C 0022,Wauwatosa - C 0022,079,55079004033,004033,13,1.000000000000,3485278.000000,3485278.000000
WAUWATOSA - C 0019,Wauwatosa - C 0019,079,55079004034,004034,13,1.000000000000,1105407.000000,1105407.000000
MILWAUKEE - C 0204,Milwaukee - C 0204,079,55079004035,004035,18,1.000000000000,353565.000000,353565.000000
MILWAUKEE - C 0082,Milwaukee - C 0082,079,55079004036,004036,17,1.000000000000,542819.000000,542819.000000
WEST MILWAUKEE - V 0001,West Milwaukee - V 0001,079,55079004037,004037,9,1.000000000000,571133.000000,571133.000000
WEST MILWAUKEE - V 0005,West Milwaukee - V 0005,079,55079004038,004038,9,1.000000000000,1841158.000000,1841158.000000
MILWAUKEE - C 0209,Milwaukee - C 0209,079,55079004039,004039,14,1.000000000000,1049047.000000,1049047.000000
MILWAUKEE - C 0212,Milwaukee - C 0212,079,55079004040,004040,14,1.000000000000,673703.000000,673703.000000
MILWAUKEE - C 0206,Milwaukee - C 0206,079,55079004041,004041,7,1.000000000000,1037626.000000,1037626.000000
MILWAUKEE - C 0213,Milwaukee - C 0213,079,55079004042,004042,7,0.998379798684,2158574.000000,2162077.000000
MILWAUKEE - C 0213,Milwaukee - C 0213,079,55079004042,004042,9,0.001620201316,3503.000000,2162077.000000
MILWAUKEE - C 0080,Milwaukee - C 0080,079,55079004043,004043,12,1.000000000000,1154848.000000,1154848.000000
MILWAUKEE - C 0087,Milwaukee - C 0087,079,55079004044,004044,17,1.000000000000,277887.000000,277887.000000
GREENFIELD - T 0002,GREENFIELD - T 0002,081,55081004045,004045,70,1.000000000000,19808734.000000,19808734.000000
WILTON - T 0004,WILTON - T 0004,081,55081004046,004046,70,1.000000000000,819909.000000,819909.000000
SPARTA - C 0003,Sparta - C 0003,081,55081004047,004047,95,1.000000000000,298844.000000,298844.000000
LEON - T 0002,LEON - T 0002,081,55081004048,004048,95,1.000000000000,16404634.000000,16404634.000000
SPARTA - C 0002,Sparta - C 0002,081,55081004049,004049,95,1.000000000000,512777.000000,512777.000000
TOMAH - C 005B,Tomah - C 005b,081,55081004050,004050,70,1.000000000000,162496.000000,162496.000000
SPARTA - T 0003,SPARTA - T 0003,081,55081004051,004051,95,1.000000000000,17331931.000000,17331931.000000
WILTON - T 0001,WILTON - T 0001,081,55081004052,004052,70,1.000000000000,34073813.000000,34073813.000000
WELLS - T 0001,WELLS - T 0001,081,55081004053,004053,95,1.000000000000,92366465.000000,92366465.000000
SPARTA - C 0001,Sparta - C 0001,081,55081004054,004054,95,1.000000000000,2803577.000000,2803577.000000
WILTON - T 0005,WILTON - T 0005,081,55081004055,004055,70,1.000000000000,3229796.000000,3229796.000000
TOMAH - C 0012,Tomah - C 0012,081,55081004056,004056,70,1.000000000000,340697.000000,340697.000000
TOMAH - C 0011,Tomah - C 0011,081,55081004057,004057,70,1.000000000000,314639.000000,314639.000000
SPARTA - C 0005,Sparta - C 0005,081,55081004058,004058,95,1.000000000000,308537.000000,308537.000000
CLIFTON - T 0001,CLIFTON - T 0001,081,55081004059,004059,70,1.000000000000,88396900.000000,88396900.000000
TOMAH - C 0014,Tomah - C 0014,081,55081004060,004060,70,1.000000000000,369915.000000,369915.000000
SPARTA - C 0010,Sparta - C 0010,081,55081004061,004061,95,1.000000000000,997048.000000,997048.000000
LITTLE FALLS - T 0001,LITTLE FALLS - T 0001,081,55081004062,004062,70,1.000000000000,119388925.000000,119388925.000000
SPARTA - C 0007,Sparta - C 0007,081,55081004063,004063,95,1.000000000000,895083.000000,895083.000000
GRANT - T 0001,GRANT - T 0001,081,55081004064,004064,70,1.000000000000,92997917.000000,92997917.000000
LEON - T 0001,LEON - T 0001,081,55081004065,004065,95,1.000000000000,76093459.000000,76093459.000000
SPARTA - C 0006,Sparta - C 0006,081,55081004066,004066,95,1.000000000000,229498.000000,229498.000000
SPARTA - C 0004,Sparta - C 0004,081,55081004067,004067,95,1.000000000000,406114.000000,406114.000000
TOMAH - C 0013,Tomah - C 0013,081,55081004068,004068,70,1.000000000000,364415.000000,364415.000000
ANGELO - T 0003,ANGELO - T 0003,081,55081004069,004069,95,1.000000000000,15492584.000000,15492584.000000
LA GRANGE - T 003B,LA GRANGE - T 003b,081,55081004070,004070,70,1.000000000000,750120.000000,750120.000000
NEW LYME - T 0001,NEW LYME - T 0001,081,55081004071,004071,70,1.000000000000,92929796.000000,92929796.000000
SPARTA - C 0014,Sparta - C 0014,081,55081004072,004072,95,1.000000000000,543620.000000,543620.000000
LINCOLN - T 0001,LINCOLN - T 0001,081,55081004073,004073,70,1.000000000000,87807663.000000,87807663.000000
WARRENS - V 0001,Warrens - V 0001,081,55081004074,004074,70,1.000000000000,3884429.000000,3884429.000000
WILTON - T 0003,WILTON - T 0003,081,55081004075,004075,70,1.000000000000,25820970.000000,25820970.000000
WELLINGTON - T 0001,WELLINGTON - T 0001,081,55081004076,004076,70,1.000000000000,35687947.000000,35687947.000000
NORWALK - V 0001,Norwalk - V 0001,081,55081004077,004077,95,1.000000000000,2667518.000000,2667518.000000
RIDGEVILLE - T 0001,RIDGEVILLE - T 0001,081,55081004078,004078,95,1.000000000000,88839716.000000,88839716.000000
LAFAYETTE - T 0001,LAFAYETTE - T 0001,081,55081004079,004079,70,1.000000000000,44340976.000000,44340976.000000
SPARTA - T 0004,SPARTA - T 0004,081,55081004080,004080,95,1.000000000000,4510898.000000,4510898.000000
LITTLE FALLS - T 0002,LITTLE FALLS - T 0002,081,55081004081,004081,70,1.000000000000,58568320.000000,58568320.000000
WILTON - T 0002,WILTON - T 0002,081,55081004082,004082,70,1.000000000000,26416862.000000,26416862.000000
SPARTA - C 0013,Sparta - C 0013,081,55081004083,004083,95,1.000000000000,795076.000000,795076.000000
SPARTA - C 0011,Sparta - C 0011,081,55081004084,004084,95,1.000000000000,1172101.000000,1172101.000000
SPARTA - C 0018,Sparta - C 0018,081,55081004085,004085,95,1.000000000000,417205.000000,417205.000000
SPARTA - C 0017,Sparta - C 0017,081,55081004086,004086,95,1.000000000000,2150961.000000,2150961.000000
TOMAH - C 0010,Tomah - C 0010,081,55081004087,004087,70,1.000000000000,566792.000000,566792.000000
TOMAH - C 0009,Tomah - C 0009,081,55081004088,004088,70,1.000000000000,2227360.000000,2227360.000000
TOMAH - C 0016,Tomah - C 0016,081,55081004089,004089,70,1.000000000000,661013.000000,661013.000000
LA GRANGE - T 003A,LA GRANGE - T 003a,081,55081004090,004090,70,1.000000000000,21117992.000000,21117992.000000
LA GRANGE - T 002A,LA GRANGE - T 002a,081,55081004091,004091,70,1.000000000000,35560955.000000,35560955.000000
TOMAH - C 0004,Tomah - C 0004,081,55081004092,004092,70,1.000000000000,641160.000000,641160.000000
LA GRANGE - T 002B,LA GRANGE - T 002b,081,55081004093,004093,70,1.000000000000,2282478.000000,2282478.000000
TOMAH - C 0006,Tomah - C 0006,081,55081004094,004094,70,1.000000000000,701726.000000,701726.000000
LA GRANGE - T 001B,LA GRANGE - T 001b,081,55081004095,004095,70,1.000000000000,441806.000000,441806.000000
TOMAH - C 0003,Tomah - C 0003,081,55081004096,004096,70,1.000000000000,1442790.000000,1442790.000000
TOMAH - C 005A,Tomah - C 005a,081,55081004097,004097,70,1.000000000000,878263.000000,878263.000000
TOMAH - C 0017,Tomah - C 0017,081,55081004098,004098,70,1.000000000000,80502.000000,80502.000000
KENDALL - V 0001,Kendall - V 0001,081,55081004099,004099,70,1.000000000000,1979788.000000,1979788.000000
GLENDALE - T 0001,GLENDALE - T 0001,081,55081004100,004100,70,1.000000000000,92154625.000000,92154625.000000
BYRON - T 0001,BYRON - T 0001,081,55081004101,004101,70,1.000000000000,93376654.000000,93376654.000000
WYEVILLE - V 0001,Wyeville - V 0001,081,55081004102,004102,70,1.000000000000,1462466.000000,1462466.000000
TOMAH - C 0007,Tomah - C 0007,081,55081004103,004103,70,1.000000000000,6046242.000000,6046242.000000
TOMAH - C 0018,Tomah - C 0018,081,55081004104,004104,70,1.000000000000,119994.000000,119994.000000
SPARTA - T 0006,SPARTA - T 0006,081,55081004105,004105,95,1.000000000000,16200416.000000,16200416.000000
SPARTA - C 0009,Sparta - C 0009,081,55081004106,004106,95,1.000000000000,3168850.000000,3168850.000000
TOMAH - C 0015,Tomah - C 0015,081,55081004107,004107,70,1.000000000000,625055.000000,625055.000000
SPARTA - T 0005,SPARTA - T 0005,081,55081004108,004108,95,1.000000000000,10123681.000000,10123681.000000
SHELDON - T 0001,SHELDON - T 0001,081,55081004109,004109,95,1.000000000000,91601254.000000,91601254.000000
GREENFIELD - T 0001,GREENFIELD - T 0001,081,55081004110,004110,70,1.000000000000,71807586.000000,71807586.000000
LAFAYETTE - T 0002,LAFAYETTE - T 0002,081,55081004111,004111,70,1.000000000000,47195283.000000,47195283.000000
ANGELO - T 0002,ANGELO - T 0002,081,55081004112,004112,95,1.000000000000,33981265.000000,33981265.000000
ADRIAN - T 0001,ADRIAN - T 0001,081,55081004113,004113,70,1.000000000000,91347109.000000,91347109.000000
ROCKLAND - V 0002,Rockland - V 0002,081,55081004114,004114,95,1.000000000000,180305.000000,180305.000000
CASHTON - V 0003,Cashton - V 0003,081,55081004116,004116,95,1.000000000000,80609.000000,80609.000000
TOMAH - T 0002,TOMAH - T 0002,081,55081004117,004117,70,1.000000000000,45793963.000000,45793963.000000
TOMAH - C 0008,Tomah - C 0008,081,55081004118,004118,70,1.000000000000,1451769.000000,1451769.000000
TOMAH - C 0020,Tomah - C 0020,081,55081004119,004119,70,1.000000000000,281926.000000,281926.000000
CASHTON - V 0002,Cashton - V 0002,081,55081004120,004120,95,1.000000000000,1994466.000000,1994466.000000
CASHTON - V 0001,Cashton - V 0001,081,55081004121,004121,95,1.000000000000,1226755.000000,1226755.000000
ANGELO - T 0001,ANGELO - T 0001,081,55081004122,004122,95,1.000000000000,39838067.000000,39838067.000000
SPARTA - C 0008,Sparta - C 0008,081,55081004123,004123,95,1.000000000000,3705390.000000,3705390.000000
SPARTA - C 0019,Sparta - C 0019,081,55081004124,004124,95,1.000000000000,48285.000000,48285.000000
SCOTT - T 0001,SCOTT - T 0001,081,55081004125,004125,70,1.000000000000,94721435.000000,94721435.000000
OAKDALE - V 0001,Oakdale - V 0001,081,55081004126,004126,70,1.000000000000,1918298.000000,1918298.000000
OAKDALE - T 0001,OAKDALE - T 0001,081,55081004127,004127,70,1.000000000000,92516779.000000,92516779.000000
PORTLAND - T 0001,PORTLAND - T 0001,081,55081004128,004128,95,1.000000000000,92614779.000000,92614779.000000
TOMAH - C 0021,Tomah - C 0021,081,55081004129,004129,70,1.000000000000,209081.000000,209081.000000
WELLINGTON - T 0002,WELLINGTON - T 0002,081,55081004130,004130,70,1.000000000000,56019511.000000,56019511.000000
WILTON - V 0001,Wilton - V 0001,081,55081004131,004131,70,1.000000000000,2307373.000000,2307373.000000
TOMAH - T 0001,TOMAH - T 0001,081,55081004133,004133,70,1.000000000000,34910409.000000,34910409.000000
TOMAH - C 0019,Tomah - C 0019,081,55081004135,004135,70,1.000000000000,191944.000000,191944.000000
MELVINA - V 0001,Melvina - V 0001,081,55081004136,004136,95,1.000000000000,1257467.000000,1257467.000000
TOMAH - C 0001,Tomah - C 0001,081,55081004138,004138,70,1.000000000000,2549411.000000,2549411.000000
TOMAH - C 0002,Tomah - C 0002,081,55081004139,004139,70,1.000000000000,970126.000000,970126.000000
LA GRANGE - T 001A,LA GRANGE - T 001a,081,55081004140,004140,70,1.000000000000,20930831.000000,20930831.000000
SPARTA - C 0020,Sparta - C 0020,081,55081004142,004142,95,1.000000000000,2712.000000,2712.000000
SPARTA - C 0016,Sparta - C 0016,081,55081004143,004143,95,1.000000000000,320398.000000,320398.000000
SPARTA - T 0001,SPARTA - T 0001,081,55081004144,004144,95,1.000000000000,38636692.000000,38636692.000000
SPARTA - C 0015,Sparta - C 0015,081,55081004145,004145,95,1.000000000000,684445.000000,684445.000000
SPARTA - C 0012,Sparta - C 0012,081,55081004147,004147,95,1.000000000000,1203779.000000,1203779.000000
SPARTA - T 0002,SPARTA - T 0002,081,55081004148,004148,95,1.000000000000,35499896.000000,35499896.000000
SPARTA - C 0021,Sparta - C 0021,081,55081004149,004149,95,1.000000000000,2087.000000,2087.000000
JEFFERSON - T 0001,JEFFERSON - T 0001,081,55081004150,004150,95,1.000000000000,89944873.000000,89944873.000000
SPARTA - C 0023,Sparta - C 0023,081,55081008053,008053,95,1.000000000000,78316.000000,78316.000000
SPARTA - C 0022,Sparta - C 0022,081,55081008054,008054,95,1.000000000000,109454.000000,109454.000000
TOMAH - C 0022,Tomah - C 0022,081,55081008055,008055,70,1.000000000000,4978.000000,4978.000000
TOMAH - C 0024,Tomah - C 0024,081,55081008056,008056,70,1.000000000000,193553.000000,193553.000000
ONTARIO - V 0002,Ontario - V 0002,081,55081008057,008057,96,1.000000000000,10381.000000,10381.000000
OCONTO FALLS - C 0006,Oconto Falls - C 0006,083,55083004152,004152,4,1.000000000000,7822.000000,7822.000000
RIVERVIEW - T 0002,RIVERVIEW - T 0002,083,55083004153,004153,36,1.000000000000,109829652.000000,109829652.000000
RIVERVIEW - T 0001,RIVERVIEW - T 0001,083,55083004154,004154,36,1.000000000000,76695308.000000,76695308.000000
DOTY - T 0001,DOTY - T 0001,083,55083004155,004155,36,1.000000000000,140655546.000000,140655546.000000
MOUNTAIN - T 0001,MOUNTAIN - T 0001,083,55083004156,004156,36,1.000000000000,188370673.000000,188370673.000000
BRAZEAU - T 0003,BRAZEAU - T 0003,083,55083004157,004157,36,1.000000000000,30538639.000000,30538639.000000
BRAZEAU - T 0002,BRAZEAU - T 0002,083,55083004158,004158,36,1.000000000000,61571917.000000,61571917.000000
BRAZEAU - T 0001,BRAZEAU - T 0001,083,55083004159,004159,36,1.000000000000,93166767.000000,93166767.000000
BAGLEY - T 0001,BAGLEY - T 0001,083,55083004160,004160,36,1.000000000000,92491185.000000,92491185.000000
BREED - T 0001,BREED - T 0001,083,55083004161,004161,6,1.000000000000,92553492.000000,92553492.000000
HOW - T 0002,HOW - T 0002,083,55083004162,004162,6,1.000000000000,61176940.000000,61176940.000000
HOW - T 0001,HOW - T 0001,083,55083004163,004163,6,1.000000000000,29494508.000000,29494508.000000
SURING - V 0001,Suring - V 0001,083,55083004164,004164,6,1.000000000000,2655221.000000,2655221.000000
MAPLE VALLEY - T 0001,MAPLE VALLEY - T 0001,083,55083004165,004165,4,1.000000000000,91512815.000000,91512815.000000
SPRUCE - T 0001,SPRUCE - T 0001,083,55083004166,004166,4,1.000000000000,67097452.000000,67097452.000000
SPRUCE - T 0002,SPRUCE - T 0002,083,55083004167,004167,4,1.000000000000,25348160.000000,25348160.000000
LENA - V 0001,Lena - V 0001,083,55083004168,004168,4,1.000000000000,2761949.000000,2761949.000000
LENA - T 0001,LENA - T 0001,083,55083004169,004169,4,1.000000000000,85736234.000000,85736234.000000
LITTLE RIVER - T 0001,LITTLE RIVER - T 0001,083,55083004170,004170,4,1.000000000000,82965059.000000,82965059.000000
LITTLE RIVER - T 0002,LITTLE RIVER - T 0002,083,55083004171,004171,4,1.000000000000,54922145.000000,54922145.000000
OCONTO - C 0003,Oconto - C 0003,083,55083004172,004172,4,1.000000000000,611387.000000,611387.000000
OCONTO - C 0006,Oconto - C 0006,083,55083004173,004173,4,1.000000000000,163994.000000,163994.000000
OCONTO - C 0002,Oconto - C 0002,083,55083004174,004174,4,1.000000000000,2085459.000000,2085459.000000
OCONTO - C 0001,Oconto - C 0001,083,55083004175,004175,4,1.000000000000,6168224.000000,6168224.000000
OCONTO - C 0007,Oconto - C 0007,083,55083004176,004176,4,1.000000000000,6650320.000000,6650320.000000
OCONTO - C 0005,Oconto - C 0005,083,55083004177,004177,4,1.000000000000,345099.000000,345099.000000
OCONTO - C 0004,Oconto - C 0004,083,55083004178,004178,4,1.000000000000,6097428.000000,6097428.000000
OCONTO - T 0003,OCONTO - T 0003,083,55083004179,004179,4,1.000000000000,27805957.000000,27805957.000000
OCONTO - T 0002,OCONTO - T 0002,083,55083004180,004180,4,1.000000000000,27546913.000000,27546913.000000
OCONTO - T 0001,OCONTO - T 0001,083,55083004181,004181,4,1.000000000000,43003740.000000,43003740.000000
STILES - T 0002,STILES - T 0002,083,55083004182,004182,4,1.000000000000,25395146.000000,25395146.000000
STILES - T 0001,STILES - T 0001,083,55083004183,004183,4,1.000000000000,65820182.000000,65820182.000000
OCONTO FALLS - C 0001,Oconto Falls - C 0001,083,55083004184,004184,4,1.000000000000,688542.000000,688542.000000
OCONTO FALLS - C 0005,Oconto Falls - C 0005,083,55083004185,004185,4,1.000000000000,3917853.000000,3917853.000000
OCONTO FALLS - C 0002,Oconto Falls - C 0002,083,55083004186,004186,4,1.000000000000,658927.000000,658927.000000
OCONTO FALLS - C 0003,Oconto Falls - C 0003,083,55083004187,004187,4,1.000000000000,1824822.000000,1824822.000000
OCONTO FALLS - C 0004,Oconto Falls - C 0004,083,55083004188,004188,4,1.000000000000,492242.000000,492242.000000
OCONTO FALLS - T 0002,OCONTO FALLS - T 0002,083,55083004189,004189,4,1.000000000000,22706335.000000,22706335.000000
OCONTO FALLS - T 0001,OCONTO FALLS - T 0001,083,55083004190,004190,4,1.000000000000,61948802.000000,61948802.000000
GILLETT - C 0003,Gillett - C 0003,083,55083004191,004191,6,1.000000000000,911136.000000,911136.000000
GILLETT - C 0002,Gillett - C 0002,083,55083004192,004192,6,1.000000000000,1292344.000000,1292344.000000
GILLETT - C 0001,Gillett - C 0001,083,55083004193,004193,6,1.000000000000,1320815.000000,1320815.000000
GILLETT - T 0002,GILLETT - T 0002,083,55083004194,004194,6,1.000000000000,54960438.000000,54960438.000000
GILLETT - T 0001,GILLETT - T 0001,083,55083004195,004195,6,1.000000000000,34027086.000000,34027086.000000
UNDERHILL - T 0001,UNDERHILL - T 0001,083,55083004196,004196,6,1.000000000000,92421099.000000,92421099.000000
MORGAN - T 0002,MORGAN - T 0002,083,55083004197,004197,6,1.000000000000,30686245.000000,30686245.000000
MORGAN - T 0001,MORGAN - T 0001,083,55083004198,004198,6,1.000000000000,61452875.000000,61452875.000000
ABRAMS - T 0001,ABRAMS - T 0001,083,55083004199,004199,4,1.000000000000,29983034.000000,29983034.000000
ABRAMS - T 0003,ABRAMS - T 0003,083,55083004200,004200,4,1.000000000000,14876017.000000,14876017.000000
ABRAMS - T 0002,ABRAMS - T 0002,083,55083004201,004201,4,1.000000000000,52227917.000000,52227917.000000
PENSAUKEE - T 0002,PENSAUKEE - T 0002,083,55083004202,004202,4,1.000000000000,364407466.000000,364407466.000000
PENSAUKEE - T 0001,PENSAUKEE - T 0001,083,55083004203,004203,4,1.000000000000,53341181.000000,53341181.000000
LITTLE SUAMICO - T 0005,LITTLE SUAMICO - T 0005,083,55083004204,004204,4,1.000000000000,5201480.000000,5201480.000000
LITTLE SUAMICO - T 0001,LITTLE SUAMICO - T 0001,083,55083004205,004205,4,1.000000000000,21284696.000000,21284696.000000
LITTLE SUAMICO - T 0006,LITTLE SUAMICO - T 0006,083,55083004206,004206,4,1.000000000000,6507696.000000,6507696.000000
LITTLE SUAMICO - T 0007,LITTLE SUAMICO - T 0007,083,55083004207,004207,4,1.000000000000,11420281.000000,11420281.000000
LITTLE SUAMICO - T 0004,LITTLE SUAMICO - T 0004,083,55083004208,004208,4,1.000000000000,12096657.000000,12096657.000000
LITTLE SUAMICO - T 0008,LITTLE SUAMICO - T 0008,083,55083004209,004209,4,1.000000000000,16837163.000000,16837163.000000
LITTLE SUAMICO - T 0003,LITTLE SUAMICO - T 0003,083,55083004210,004210,4,1.000000000000,14847325.000000,14847325.000000
LITTLE SUAMICO - T 0002,LITTLE SUAMICO - T 0002,083,55083004211,004211,4,1.000000000000,13005701.000000,13005701.000000
PULASKI - V 0005,Pulaski - V 0005,083,55083004212,004212,6,1.000000000000,997042.000000,997042.000000
CHASE - T 0001,CHASE - T 0001,083,55083004213,004213,6,1.000000000000,21886189.000000,21886189.000000
CHASE - T 0003,CHASE - T 0003,083,55083004214,004214,6,1.000000000000,6411531.000000,6411531.000000
CHASE - T 0002,CHASE - T 0002,083,55083004215,004215,6,1.000000000000,10314396.000000,10314396.000000
CHASE - T 0005,CHASE - T 0005,083,55083004216,004216,6,1.000000000000,41186829.000000,41186829.000000
CHASE - T 0004,CHASE - T 0004,083,55083004217,004217,6,1.000000000000,10970682.000000,10970682.000000
LAKEWOOD - T 0001,LAKEWOOD - T 0001,083,55083004218,004218,36,1.000000000000,187630059.000000,187630059.000000
TOWNSEND - T 0001,TOWNSEND - T 0001,083,55083004219,004219,35,1.000000000000,109514787.000000,109514787.000000
RHINELANDER - C 0002,Rhinelander - C 0002,085,55085004221,004221,34,1.000000000000,661620.000000,661620.000000
RHINELANDER - C 0008,Rhinelander - C 0008,085,55085004222,004222,34,1.000000000000,577829.000000,577829.000000
RHINELANDER - C 0003,Rhinelander - C 0003,085,55085004223,004223,34,1.000000000000,343551.000000,343551.000000
RHINELANDER - C 0004,Rhinelander - C 0004,085,55085004224,004224,34,1.000000000000,169238.000000,169238.000000
RHINELANDER - C 0012,Rhinelander - C 0012,085,55085004225,004225,34,1.000000000000,152636.000000,152636.000000
LAKE TOMAHAWK - T 0001,LAKE TOMAHAWK - T 0001,085,55085004226,004226,34,1.000000000000,54625290.000000,54625290.000000
LAKE TOMAHAWK - T 0002,LAKE TOMAHAWK - T 0002,085,55085004227,004227,34,1.000000000000,47520547.000000,47520547.000000
WOODBORO - T 0001,WOODBORO - T 0001,085,55085004228,004228,34,1.000000000000,95907289.000000,95907289.000000
HAZELHURST - T 0002,HAZELHURST - T 0002,085,55085004229,004229,34,1.000000000000,33943373.000000,33943373.000000
WOODRUFF - T 0003,WOODRUFF - T 0003,085,55085004230,004230,34,1.000000000000,3468631.000000,3468631.000000
MINOCQUA - T 0001,MINOCQUA - T 0001,085,55085004231,004231,34,1.000000000000,6183602.000000,6183602.000000
CASSIAN - T 0002,CASSIAN - T 0002,085,55085004232,004232,34,1.000000000000,84527209.000000,84527209.000000
SUGAR CAMP - T 0002,SUGAR CAMP - T 0002,085,55085004233,004233,34,1.000000000000,110562794.000000,110562794.000000
MINOCQUA - T 0007,MINOCQUA - T 0007,085,55085004234,004234,34,1.000000000000,9606800.000000,9606800.000000
NOKOMIS - T 0001,NOKOMIS - T 0001,085,55085004235,004235,35,1.000000000000,61039652.000000,61039652.000000
RHINELANDER - C 0007,Rhinelander - C 0007,085,55085004236,004236,34,1.000000000000,233060.000000,233060.000000
RHINELANDER - C 0006,Rhinelander - C 0006,085,55085004237,004237,34,1.000000000000,1052985.000000,1052985.000000
STELLA - T 0002,STELLA - T 0002,085,55085004238,004238,34,1.000000000000,31881020.000000,31881020.000000
PINE LAKE - T 0002,PINE LAKE - T 0002,085,55085004239,004239,34,1.000000000000,43393047.000000,43393047.000000
PINE LAKE - T 0001,PINE LAKE - T 0001,085,55085004240,004240,34,1.000000000000,50319449.000000,50319449.000000
NEWBOLD - T 0004,NEWBOLD - T 0004,085,55085004241,004241,34,1.000000000000,14184561.000000,14184561.000000
NEWBOLD - T 0003,NEWBOLD - T 0003,085,55085004242,004242,34,1.000000000000,32982663.000000,32982663.000000
MINOCQUA - T 0004,MINOCQUA - T 0004,085,55085004243,004243,34,1.000000000000,7279311.000000,7279311.000000
WOODRUFF - T 0001,WOODRUFF - T 0001,085,55085004244,004244,34,1.000000000000,2795802.000000,2795802.000000
THREE LAKES - T 0004,THREE LAKES - T 0004,085,55085004245,004245,34,1.000000000000,23375306.000000,23375306.000000
THREE LAKES - T 0003,THREE LAKES - T 0003,085,55085004246,004246,34,1.000000000000,59656708.000000,59656708.000000
CRESCENT - T 0002,CRESCENT - T 0002,085,55085004247,004247,34,1.000000000000,6922854.000000,6922854.000000
SUGAR CAMP - T 0001,SUGAR CAMP - T 0001,085,55085004249,004249,34,1.000000000000,142385465.000000,142385465.000000
THREE LAKES - T 0001,THREE LAKES - T 0001,085,55085004250,004250,34,1.000000000000,87199718.000000,87199718.000000
NOKOMIS - T 0002,NOKOMIS - T 0002,085,55085004251,004251,35,1.000000000000,34649706.000000,34649706.000000
HAZELHURST - T 0001,HAZELHURST - T 0001,085,55085004252,004252,34,1.000000000000,56984900.000000,56984900.000000
NEWBOLD - T 0002,NEWBOLD - T 0002,085,55085004253,004253,34,1.000000000000,107789308.000000,107789308.000000
NEWBOLD - T 0001,NEWBOLD - T 0001,085,55085004254,004254,34,1.000000000000,86073151.000000,86073151.000000
LYNNE - T 0001,LYNNE - T 0001,085,55085004255,004255,34,1.000000000000,187714400.000000,187714400.000000
MINOCQUA - T 0002,MINOCQUA - T 0002,085,55085004256,004256,34,1.000000000000,16244025.000000,16244025.000000
WOODRUFF - T 0002,WOODRUFF - T 0002,085,55085004257,004257,34,1.000000000000,85781513.000000,85781513.000000
THREE LAKES - T 0002,THREE LAKES - T 0002,085,55085004258,004258,34,1.000000000000,89117308.000000,89117308.000000
MINOCQUA - T 0005,MINOCQUA - T 0005,085,55085004259,004259,34,1.000000000000,346361952.000000,346361952.000000
CASSIAN - T 0001,CASSIAN - T 0001,085,55085004260,004260,34,1.000000000000,91861631.000000,91861631.000000
LITTLE RICE - T 0001,LITTLE RICE - T 0001,085,55085004261,004261,34,1.000000000000,191064132.000000,191064132.000000
PIEHL - T 0001,PIEHL - T 0001,085,55085004262,004262,34,1.000000000000,99073866.000000,99073866.000000
PINE LAKE - T 0003,PINE LAKE - T 0003,085,55085004263,004263,34,1.000000000000,14712984.000000,14712984.000000
RHINELANDER - C 0001,Rhinelander - C 0001,085,55085004264,004264,34,1.000000000000,3799245.000000,3799245.000000
RHINELANDER - C 0011,Rhinelander - C 0011,085,55085004265,004265,34,1.000000000000,831270.000000,831270.000000
RHINELANDER - C 0009,Rhinelander - C 0009,085,55085004266,004266,34,1.000000000000,2564505.000000,2564505.000000
PELICAN - T 0002,PELICAN - T 0002,085,55085004267,004267,34,1.000000000000,52236266.000000,52236266.000000
RHINELANDER - C 0014,Rhinelander - C 0014,085,55085004268,004268,34,1.000000000000,348225.000000,348225.000000
PELICAN - T 0004,PELICAN - T 0004,085,55085004269,004269,34,1.000000000000,8068023.000000,8068023.000000
STELLA - T 0001,STELLA - T 0001,085,55085004270,004270,34,1.000000000000,64194677.000000,64194677.000000
PINE LAKE - T 0004,PINE LAKE - T 0004,085,55085004271,004271,34,1.000000000000,7819435.000000,7819435.000000
RHINELANDER - C 0010,Rhinelander - C 0010,085,55085004272,004272,34,1.000000000000,9357570.000000,9357570.000000
CRESCENT - T 0003,CRESCENT - T 0003,085,55085004273,004273,34,1.000000000000,50684230.000000,50684230.000000
RHINELANDER - C 0013,Rhinelander - C 0013,085,55085004274,004274,34,1.000000000000,1780433.000000,1780433.000000
PELICAN - T 0003,PELICAN - T 0003,085,55085004275,004275,34,1.000000000000,8266809.000000,8266809.000000
CRESCENT - T 0001,CRESCENT - T 0001,085,55085004276,004276,34,1.000000000000,25789290.000000,25789290.000000
RHINELANDER - C 0005,Rhinelander - C 0005,085,55085004277,004277,34,1.000000000000,594348.000000,594348.000000
MINOCQUA - T 0006,MINOCQUA - T 0006,085,55085004278,004278,34,1.000000000000,26227462.000000,26227462.000000
MINOCQUA - T 0003,MINOCQUA - T 0003,085,55085004279,004279,34,1.000000000000,23759350.000000,23759350.000000
MONICO - T 0001,MONICO - T 0001,085,55085004280,004280,34,1.000000000000,141464574.000000,141464574.000000
SCHOEPKE - T 0001,SCHOEPKE - T 0001,085,55085004281,004281,34,1.000000000000,130940386.000000,130940386.000000
PELICAN - T 0001,PELICAN - T 0001,085,55085004282,004282,34,1.000000000000,70912456.000000,70912456.000000
ENTERPRISE - T 0001,ENTERPRISE - T 0001,085,55085004283,004283,34,1.000000000000,152685696.000000,152685696.000000
APPLETON - C 0061,Appleton - C 0061,087,55087003010,003010,52,1.000000000000,4074.000000,4074.000000
KAUKAUNA - C 0015,Kaukauna - C 0015,087,55087003011,003011,2,1.000000000000,316208.000000,316208.000000
LITTLE CHUTE - V 0016,Little Chute - V 0016,087,55087003012,003012,5,1.000000000000,72981.000000,72981.000000
KAUKAUNA - C 0010,Kaukauna - C 0010,087,55087004284,004284,2,1.000000000000,2239984.000000,2239984.000000
GRAND CHUTE - T 0001,GRAND CHUTE - T 0001,087,55087004285,004285,56,1.000000000000,1962470.000000,1962470.000000
APPLETON - C 0002,Appleton - C 0002,087,55087004286,004286,52,1.000000000000,1105268.000000,1105268.000000
APPLETON - C 0043,Appleton - C 0043,087,55087004287,004287,52,1.000000000000,695630.000000,695630.000000
APPLETON - C 0010,Appleton - C 0010,087,55087004288,004288,52,1.000000000000,1120826.000000,1120826.000000
GRAND CHUTE - T 0012,GRAND CHUTE - T 0012,087,55087004289,004289,55,1.000000000000,3121057.000000,3121057.000000
APPLETON - C 0049,Appleton - C 0049,087,55087004290,004290,52,1.000000000000,100167.000000,100167.000000
BLACK CREEK - T 0001,BLACK CREEK - T 0001,087,55087004291,004291,56,1.000000000000,41153714.000000,41153714.000000
KIMBERLY - V 0007,Kimberly - V 0007,087,55087004292,004292,2,1.000000000000,679058.000000,679058.000000
CENTER - T 0003,CENTER - T 0003,087,55087004293,004293,56,1.000000000000,14021424.000000,14021424.000000
APPLETON - C 0051,Appleton - C 0051,087,55087004294,004294,52,1.000000000000,774551.000000,774551.000000
KAUKAUNA - C 0005,Kaukauna - C 0005,087,55087004295,004295,2,1.000000000000,1505724.000000,1505724.000000
CENTER - T 0004,CENTER - T 0004,087,55087004296,004296,56,1.000000000000,17574381.000000,17574381.000000
DALE - T 0002,DALE - T 0002,087,55087004297,004297,57,1.000000000000,14225369.000000,14225369.000000
BOVINA - T 0001,BOVINA - T 0001,087,55087004298,004298,56,1.000000000000,64003146.000000,64003146.000000
HOWARD - V 0017,Howard - V 0017,087,55087004299,004299,4,1.000000000000,42911.000000,42911.000000
GRAND CHUTE - T 0009,GRAND CHUTE - T 0009,087,55087004300,004300,52,1.000000000000,6477745.000000,6477745.000000
HORTONIA - T 0002,HORTONIA - T 0002,087,55087004301,004301,56,1.000000000000,5441700.000000,5441700.000000
VANDENBROEK - T 0001,VANDENBROEK - T 0001,087,55087004302,004302,5,1.000000000000,6899548.000000,6899548.000000
LITTLE CHUTE - V 0003,Little Chute - V 0003,087,55087004303,004303,5,1.000000000000,1154843.000000,1154843.000000
BLACK CREEK - V 0002,Black Creek - V 0002,087,55087004304,004304,56,1.000000000000,1232496.000000,1232496.000000
CICERO - T 0001,CICERO - T 0001,087,55087004305,004305,5,1.000000000000,61249971.000000,61249971.000000
NEW LONDON - C 0002,New London - C 0002,087,55087004306,004306,56,1.000000000000,700577.000000,700577.000000
GRAND CHUTE - T 0005,GRAND CHUTE - T 0005,087,55087004307,004307,56,1.000000000000,994990.000000,994990.000000
KIMBERLY - V 0005,Kimberly - V 0005,087,55087004308,004308,2,1.000000000000,956445.000000,956445.000000
BUCHANAN - T 0004,BUCHANAN - T 0004,087,55087004309,004309,2,1.000000000000,434188.000000,434188.000000
KIMBERLY - V 0004,Kimberly - V 0004,087,55087004310,004310,2,1.000000000000,1165778.000000,1165778.000000
NICHOLS - V 0001,Nichols - V 0001,087,55087004311,004311,5,1.000000000000,2292264.000000,2292264.000000
APPLETON - C 0017,Appleton - C 0017,087,55087004312,004312,52,1.000000000000,1346739.000000,1346739.000000
KAUKAUNA - T 0002,KAUKAUNA - T 0002,087,55087004313,004313,5,1.000000000000,11960466.000000,11960466.000000
SEYMOUR - C 0002,Seymour - C 0002,087,55087004314,004314,5,1.000000000000,696044.000000,696044.000000
FREEDOM - T 0002,FREEDOM - T 0002,087,55087004315,004315,5,1.000000000000,4975875.000000,4975875.000000
APPLETON - C 0030,Appleton - C 0030,087,55087004316,004316,52,1.000000000000,960182.000000,960182.000000
APPLETON - C 0006,Appleton - C 0006,087,55087004317,004317,52,1.000000000000,1247769.000000,1247769.000000
KAUKAUNA - C 0002,Kaukauna - C 0002,087,55087004318,004318,5,1.000000000000,3763779.000000,3763779.000000
APPLETON - C 0016,Appleton - C 0016,087,55087004319,004319,56,1.000000000000,817522.000000,817522.000000
CENTER - T 0006,CENTER - T 0006,087,55087004320,004320,56,1.000000000000,8075.000000,8075.000000
SHIOCTON - V 0001,Shiocton - V 0001,087,55087004321,004321,56,1.000000000000,4321892.000000,4321892.000000
KAUKAUNA - C 0001,Kaukauna - C 0001,087,55087004322,004322,5,1.000000000000,1299169.000000,1299169.000000
ELLINGTON - T 0001,ELLINGTON - T 0001,087,55087004323,004323,56,1.000000000000,22690549.000000,22690549.000000
APPLETON - C 0021,Appleton - C 0021,087,55087004324,004324,52,1.000000000000,426845.000000,426845.000000
FREEDOM - T 0003,FREEDOM - T 0003,087,55087004325,004325,5,1.000000000000,5793518.000000,5793518.000000
NEW LONDON - C 0001,New London - C 0001,087,55087004326,004326,56,1.000000000000,5746110.000000,5746110.000000
HORTONVILLE - V 0003,Hortonville - V 0003,087,55087004327,004327,56,1.000000000000,2265933.000000,2265933.000000
APPLETON - C 0027,Appleton - C 0027,087,55087004328,004328,52,1.000000000000,1368688.000000,1368688.000000
ONEIDA - T 0001,ONEIDA - T 0001,087,55087004329,004329,5,1.000000000000,25553766.000000,25553766.000000
GRAND CHUTE - T 0010,GRAND CHUTE - T 0010,087,55087004330,004330,55,1.000000000000,1082235.000000,1082235.000000
ONEIDA - T 0002,ONEIDA - T 0002,087,55087004331,004331,5,1.000000000000,28131340.000000,28131340.000000
APPLETON - C 0018,Appleton - C 0018,087,55087004332,004332,52,1.000000000000,684738.000000,684738.000000
KAUKAUNA - C 0003,Kaukauna - C 0003,087,55087004333,004333,5,1.000000000000,1777450.000000,1777450.000000
APPLETON - C 0003,Appleton - C 0003,087,55087004334,004334,52,1.000000000000,2005423.000000,2005423.000000
CENTER - T 0007,CENTER - T 0007,087,55087004335,004335,56,1.000000000000,136997.000000,136997.000000
APPLETON - C 0042,Appleton - C 0042,087,55087004336,004336,52,1.000000000000,861665.000000,861665.000000
APPLETON - C 0022,Appleton - C 0022,087,55087004337,004337,56,1.000000000000,1382364.000000,1382364.000000
BUCHANAN - T 0003,BUCHANAN - T 0003,087,55087004338,004338,2,1.000000000000,1443656.000000,1443656.000000
DEER CREEK - T 0001,DEER CREEK - T 0001,087,55087004339,004339,56,1.000000000000,91777334.000000,91777334.000000
SEYMOUR - C 0003,Seymour - C 0003,087,55087004340,004340,5,1.000000000000,646987.000000,646987.000000
APPLETON - C 0056,Appleton - C 0056,087,55087004341,004341,52,1.000000000000,117181.000000,117181.000000
FREEDOM - T 0006,FREEDOM - T 0006,087,55087004342,004342,5,1.000000000000,9875931.000000,9875931.000000
LITTLE CHUTE - V 0007,Little Chute - V 0007,087,55087004343,004343,5,1.000000000000,2022357.000000,2022357.000000
ONEIDA - T 0003,ONEIDA - T 0003,087,55087004344,004344,5,1.000000000000,39097545.000000,39097545.000000
CENTER - T 0002,CENTER - T 0002,087,55087004345,004345,56,1.000000000000,15178835.000000,15178835.000000
GRAND CHUTE - T 0011,GRAND CHUTE - T 0011,087,55087004346,004346,52,1.000000000000,477776.000000,477776.000000
KAUKAUNA - C 0006,Kaukauna - C 0006,087,55087004347,004347,5,1.000000000000,1236470.000000,1236470.000000
APPLETON - C 0004,Appleton - C 0004,087,55087004348,004348,52,1.000000000000,1098261.000000,1098261.000000
COMBINED LOCKS - V 0002,Combined Locks - V 0002,087,55087004349,004349,2,1.000000000000,1075021.000000,1075021.000000
APPLETON - C 0038,Appleton - C 0038,087,55087004350,004350,52,1.000000000000,7333170.000000,7333170.000000
APPLETON - C 0028,Appleton - C 0028,087,55087004351,004351,52,1.000000000000,1457306.000000,1457306.000000
APPLETON - C 0020,Appleton - C 0020,087,55087004352,004352,56,1.000000000000,4133037.000000,4133037.000000
GRAND CHUTE - T 0007,GRAND CHUTE - T 0007,087,55087004353,004353,52,1.000000000000,957215.000000,957215.000000
APPLETON - C 0011,Appleton - C 0011,087,55087004354,004354,52,1.000000000000,787721.000000,787721.000000
LITTLE CHUTE - V 0011,Little Chute - V 0011,087,55087004355,004355,5,1.000000000000,1884309.000000,1884309.000000
FREEDOM - T 0005,FREEDOM - T 0005,087,55087004356,004356,5,1.000000000000,3352799.000000,3352799.000000
FREEDOM - T 0007,FREEDOM - T 0007,087,55087004357,004357,5,1.000000000000,12727828.000000,12727828.000000
GRAND CHUTE - T 0004,GRAND CHUTE - T 0004,087,55087004358,004358,56,1.000000000000,503673.000000,503673.000000
LITTLE CHUTE - V 0005,Little Chute - V 0005,087,55087004359,004359,5,1.000000000000,764114.000000,764114.000000
BUCHANAN - T 0009,BUCHANAN - T 0009,087,55087004360,004360,2,1.000000000000,1797222.000000,1797222.000000
CENTER - T 0005,CENTER - T 0005,087,55087004361,004361,56,1.000000000000,20915911.000000,20915911.000000
APPLETON - C 0048,Appleton - C 0048,087,55087004362,004362,52,1.000000000000,148199.000000,148199.000000
APPLETON - C 0005,Appleton - C 0005,087,55087004363,004363,52,1.000000000000,8902.000000,8902.000000
DALE - T 0003,DALE - T 0003,087,55087004364,004364,57,1.000000000000,36737386.000000,36737386.000000
BOVINA - T 0002,BOVINA - T 0002,087,55087004365,004365,56,1.000000000000,23496318.000000,23496318.000000
APPLETON - C 0035,Appleton - C 0035,087,55087004366,004366,52,1.000000000000,792688.000000,792688.000000
APPLETON - C 0036,Appleton - C 0036,087,55087004367,004367,52,1.000000000000,1257624.000000,1257624.000000
APPLETON - C 0040,Appleton - C 0040,087,55087004368,004368,52,1.000000000000,83967.000000,83967.000000
WRIGHTSTOWN - V 0004,Wrightstown - V 0004,087,55087004369,004369,5,1.000000000000,2357340.000000,2357340.000000
SEYMOUR - C 0001,Seymour - C 0001,087,55087004370,004370,5,1.000000000000,821052.000000,821052.000000
APPLETON - C 0008,Appleton - C 0008,087,55087004371,004371,52,1.000000000000,676408.000000,676408.000000
SEYMOUR - C 0005,Seymour - C 0005,087,55087004372,004372,5,1.000000000000,728424.000000,728424.000000
CICERO - T 0002,CICERO - T 0002,087,55087004373,004373,5,1.000000000000,30522986.000000,30522986.000000
MAINE - T 0001,MAINE - T 0001,087,55087004374,004374,56,1.000000000000,97266977.000000,97266977.000000
ONEIDA - T 0006,ONEIDA - T 0006,087,55087004375,004375,5,1.000000000000,24543121.000000,24543121.000000
KAUKAUNA - C 0008,Kaukauna - C 0008,087,55087004376,004376,5,1.000000000000,407582.000000,407582.000000
APPLETON - C 0052,Appleton - C 0052,087,55087004377,004377,52,1.000000000000,151964.000000,151964.000000
KAUKAUNA - C 0007,Kaukauna - C 0007,087,55087004378,004378,5,1.000000000000,1517792.000000,1517792.000000
LITTLE CHUTE - V 0001,Little Chute - V 0001,087,55087004379,004379,5,1.000000000000,746180.000000,746180.000000
APPLETON - C 0054,Appleton - C 0054,087,55087004380,004380,52,1.000000000000,1353999.000000,1353999.000000
BUCHANAN - T 0006,BUCHANAN - T 0006,087,55087004381,004381,2,1.000000000000,693871.000000,693871.000000
BLACK CREEK - V 0001,Black Creek - V 0001,087,55087004382,004382,56,1.000000000000,1358865.000000,1358865.000000
KAUKAUNA - C 0004,Kaukauna - C 0004,087,55087004383,004383,2,1.000000000000,5877956.000000,5877956.000000
GRAND CHUTE - T 0014,GRAND CHUTE - T 0014,087,55087004384,004384,55,1.000000000000,3195850.000000,3195850.000000
COMBINED LOCKS - V 0001,Combined Locks - V 0001,087,55087004385,004385,2,1.000000000000,1800983.000000,1800983.000000
APPLETON - C 0041,Appleton - C 0041,087,55087004386,004386,5,1.000000000000,3862422.000000,3862422.000000
LITTLE CHUTE - V 0006,Little Chute - V 0006,087,55087004387,004387,5,1.000000000000,1247640.000000,1247640.000000
DALE - T 0001,DALE - T 0001,087,55087004388,004388,57,1.000000000000,27900740.000000,27900740.000000
CENTER - T 0001,CENTER - T 0001,087,55087004389,004389,56,1.000000000000,22581992.000000,22581992.000000
GRAND CHUTE - T 0002,GRAND CHUTE - T 0002,087,55087004390,004390,56,1.000000000000,14656118.000000,14656118.000000
COMBINED LOCKS - V 0003,Combined Locks - V 0003,087,55087004391,004391,2,1.000000000000,1334157.000000,1334157.000000
KAUKAUNA - C 0009,Kaukauna - C 0009,087,55087004392,004392,2,1.000000000000,1254604.000000,1254604.000000
KAUKAUNA - T 0001,KAUKAUNA - T 0001,087,55087004393,004393,5,1.000000000000,24959434.000000,24959434.000000
OSBORN - T 0001,OSBORN - T 0001,087,55087004394,004394,5,1.000000000000,23543840.000000,23543840.000000
ONEIDA - T 0004,ONEIDA - T 0004,087,55087004395,004395,5,1.000000000000,17163427.000000,17163427.000000
APPLETON - C 0034,Appleton - C 0034,087,55087004396,004396,52,1.000000000000,541714.000000,541714.000000
APPLETON - C 0025,Appleton - C 0025,087,55087004397,004397,53,1.000000000000,1565084.000000,1565084.000000
GRAND CHUTE - T 0013,GRAND CHUTE - T 0013,087,55087004398,004398,55,1.000000000000,3335589.000000,3335589.000000
OSBORN - T 0002,OSBORN - T 0002,087,55087004399,004399,5,1.000000000000,20229341.000000,20229341.000000
LITTLE CHUTE - V 0002,Little Chute - V 0002,087,55087004400,004400,5,1.000000000000,2473462.000000,2473462.000000
APPLETON - C 0019,Appleton - C 0019,087,55087004401,004401,56,1.000000000000,1783116.000000,1783116.000000
APPLETON - C 0001,Appleton - C 0001,087,55087004402,004402,52,1.000000000000,806409.000000,806409.000000
KIMBERLY - V 0003,Kimberly - V 0003,087,55087004403,004403,2,1.000000000000,359216.000000,359216.000000
APPLETON - C 0050,Appleton - C 0050,087,55087004404,004404,52,1.000000000000,107980.000000,107980.000000
FREEDOM - T 0004,FREEDOM - T 0004,087,55087004405,004405,5,1.000000000000,15518409.000000,15518409.000000
APPLETON - C 0029,Appleton - C 0029,087,55087004406,004406,52,1.000000000000,1371173.000000,1371173.000000
APPLETON - C 0033,Appleton - C 0033,087,55087004407,004407,53,1.000000000000,1997169.000000,1997169.000000
LITTLE CHUTE - V 0004,Little Chute - V 0004,087,55087004408,004408,5,1.000000000000,907610.000000,907610.000000
KIMBERLY - V 0001,Kimberly - V 0001,087,55087004409,004409,2,1.000000000000,1136597.000000,1136597.000000
KIMBERLY - V 0002,Kimberly - V 0002,087,55087004410,004410,2,1.000000000000,459872.000000,459872.000000
GRAND CHUTE - T 0006,GRAND CHUTE - T 0006,087,55087004411,004411,52,1.000000000000,2942756.000000,2942756.000000
APPLETON - C 0009,Appleton - C 0009,087,55087004412,004412,52,1.000000000000,1260635.000000,1260635.000000
SEYMOUR - T 0001,SEYMOUR - T 0001,087,55087004413,004413,5,1.000000000000,50423378.000000,50423378.000000
LITTLE CHUTE - V 0009,Little Chute - V 0009,087,55087004414,004414,5,1.000000000000,658711.000000,658711.000000
BEAR CREEK - V 0001,Bear Creek - V 0001,087,55087004415,004415,56,1.000000000000,2387938.000000,2387938.000000
APPLETON - C 0023,Appleton - C 0023,087,55087004416,004416,56,1.000000000000,490830.000000,490830.000000
GRAND CHUTE - T 0008,GRAND CHUTE - T 0008,087,55087004417,004417,56,1.000000000000,1995148.000000,1995148.000000
LITTLE CHUTE - V 0010,Little Chute - V 0010,087,55087004418,004418,5,1.000000000000,656860.000000,656860.000000
SEYMOUR - C 0006,Seymour - C 0006,087,55087004419,004419,5,1.000000000000,1923815.000000,1923815.000000
BLACK CREEK - T 0002,BLACK CREEK - T 0002,087,55087004420,004420,56,1.000000000000,49649077.000000,49649077.000000
LIBERTY - T 0001,LIBERTY - T 0001,087,55087004421,004421,56,1.000000000000,79777475.000000,79777475.000000
LITTLE CHUTE - V 0013,Little Chute - V 0013,087,55087004422,004422,5,1.000000000000,1169364.000000,1169364.000000
BUCHANAN - T 0002,BUCHANAN - T 0002,087,55087004423,004423,2,1.000000000000,32948491.000000,32948491.000000
ELLINGTON - T 0002,ELLINGTON - T 0002,087,55087004424,004424,56,1.000000000000,10404682.000000,10404682.000000
KIMBERLY - V 0008,Kimberly - V 0008,087,55087004425,004425,2,1.000000000000,853319.000000,853319.000000
ELLINGTON - T 0004,ELLINGTON - T 0004,087,55087004426,004426,56,1.000000000000,20679507.000000,20679507.000000
FREEDOM - T 0001,FREEDOM - T 0001,087,55087004427,004427,5,1.000000000000,22058476.000000,22058476.000000
LITTLE CHUTE - V 0014,Little Chute - V 0014,087,55087004428,004428,5,1.000000000000,572971.000000,572971.000000
ONEIDA - T 0005,ONEIDA - T 0005,087,55087004429,004429,5,1.000000000000,22956098.000000,22956098.000000
SEYMOUR - C 0004,Seymour - C 0004,087,55087004430,004430,5,1.000000000000,2164075.000000,2164075.000000
COMBINED LOCKS - V 0004,Combined Locks - V 0004,087,55087004431,004431,2,1.000000000000,629841.000000,629841.000000
HORTONVILLE - V 0002,Hortonville - V 0002,087,55087004432,004432,56,1.000000000000,5203885.000000,5203885.000000
APPLETON - C 0057,Appleton - C 0057,087,55087004433,004433,52,1.000000000000,396247.000000,396247.000000
VANDENBROEK - T 0003,VANDENBROEK - T 0003,087,55087004434,004434,5,1.000000000000,6907660.000000,6907660.000000
APPLETON - C 0053,Appleton - C 0053,087,55087004435,004435,52,1.000000000000,160125.000000,160125.000000
APPLETON - C 0007,Appleton - C 0007,087,55087004436,004436,52,1.000000000000,1547352.000000,1547352.000000
KIMBERLY - V 0006,Kimberly - V 0006,087,55087004437,004437,2,1.000000000000,383331.000000,383331.000000
ELLINGTON - T 0005,ELLINGTON - T 0005,087,55087004438,004438,56,1.000000000000,16248513.000000,16248513.000000
LITTLE CHUTE - V 0008,Little Chute - V 0008,087,55087004439,004439,5,1.000000000000,552436.000000,552436.000000
HORTONIA - T 0001,HORTONIA - T 0001,087,55087004440,004440,56,1.000000000000,43037250.000000,43037250.000000
HORTONVILLE - V 0001,Hortonville - V 0001,087,55087004441,004441,56,1.000000000000,1517793.000000,1517793.000000
LITTLE CHUTE - V 0012,Little Chute - V 0012,087,55087004442,004442,5,1.000000000000,1713839.000000,1713839.000000
APPLETON - C 0037,Appleton - C 0037,087,55087004443,004443,52,1.000000000000,645657.000000,645657.000000
ELLINGTON - T 0003,ELLINGTON - T 0003,087,55087004444,004444,56,1.000000000000,20658644.000000,20658644.000000
SEYMOUR - T 0002,SEYMOUR - T 0002,087,55087004445,004445,5,1.000000000000,28325299.000000,28325299.000000
GRAND CHUTE - T 0003,GRAND CHUTE - T 0003,087,55087004446,004446,56,1.000000000000,1879245.000000,1879245.000000
APPLETON - C 0024,Appleton - C 0024,087,55087004447,004447,52,1.000000000000,355107.000000,355107.000000
GREENVILLE - T 0004,GREENVILLE - T 0004,087,55087004448,004448,56,1.000000000000,261781.000000,261781.000000
GREENVILLE - T 0006,GREENVILLE - T 0006,087,55087004449,004449,56,1.000000000000,15603285.000000,15603285.000000
GREENVILLE - T 0008,GREENVILLE - T 0008,087,55087004450,004450,56,1.000000000000,27016793.000000,27016793.000000
GREENVILLE - T 0003,GREENVILLE - T 0003,087,55087004451,004451,56,1.000000000000,3897404.000000,3897404.000000
GREENVILLE - T 0009,GREENVILLE - T 0009,087,55087004452,004452,56,1.000000000000,23517197.000000,23517197.000000
GREENVILLE - T 0007,GREENVILLE - T 0007,087,55087004453,004453,56,1.000000000000,7943508.000000,7943508.000000
GREENVILLE - T 0001,GREENVILLE - T 0001,087,55087004454,004454,56,1.000000000000,9072795.000000,9072795.000000
GREENVILLE - T 0005,GREENVILLE - T 0005,087,55087004455,004455,56,1.000000000000,1522355.000000,1522355.000000
GREENVILLE - T 0002,GREENVILLE - T 0002,087,55087004456,004456,56,1.000000000000,3775699.000000,3775699.000000
BUCHANAN - T 0005,BUCHANAN - T 0005,087,55087004457,004457,52,1.000000000000,35187.000000,35187.000000
BUCHANAN - T 0010,BUCHANAN - T 0010,087,55087004458,004458,2,1.000000000000,39878.000000,39878.000000
BUCHANAN - T 0001,BUCHANAN - T 0001,087,55087004459,004459,2,1.000000000000,598322.000000,598322.000000
BUCHANAN - T 0008,BUCHANAN - T 0008,087,55087004460,004460,2,1.000000000000,1028038.000000,1028038.000000
KAUKAUNA - T 0003,KAUKAUNA - T 0003,087,55087004461,004461,5,1.000000000000,5717656.000000,5717656.000000
GRAND CHUTE - T 0016,GRAND CHUTE - T 0016,087,55087004462,004462,56,1.000000000000,9518755.000000,9518755.000000
APPLETON - C 0015,Appleton - C 0015,087,55087004463,004463,52,1.000000000000,1426022.000000,1426022.000000
GRAND CHUTE - T 0015,GRAND CHUTE - T 0015,087,55087004464,004464,52,1.000000000000,1146083.000000,1146083.000000
VANDENBROEK - T 0002,VANDENBROEK - T 0002,087,55087004465,004465,5,1.000000000000,6055956.000000,6055956.000000
KIMBERLY - V 0009,Kimberly - V 0009,087,55087004467,004467,2,1.000000000000,224916.000000,224916.000000
APPLETON - C 0059,Appleton - C 0059,087,55087004468,004468,52,1.000000000000,6490.000000,6490.000000
MAPLE CREEK - T 0001,MAPLE CREEK - T 0001,087,55087004469,004469,56,1.000000000000,56072273.000000,56072273.000000
FREEDOM - T 0008,FREEDOM - T 0008,087,55087004470,004470,5,1.000000000000,14087636.000000,14087636.000000
FREEDOM - T 0008,FREEDOM - T 0008,087,55087004471,004471,5,1.000000000000,416050.000000,416050.000000
FREEDOM - T 0008,FREEDOM - T 0008,087,55087004472,004472,5,1.000000000000,227416.000000,227416.000000
FREEDOM - T 0008,FREEDOM - T 0008,087,55087004473,004473,5,1.000000000000,13573.000000,13573.000000
FREEDOM - T 0008,FREEDOM - T 0008,087,55087004474,004474,5,1.000000000000,2213.000000,2213.000000
GRAND CHUTE - T 0018,GRAND CHUTE - T 0018,087,55087004476,004476,52,1.000000000000,682.000000,682.000000
HARRISON - V 0001,Harrison - V 0001,087,55087004477,004477,2,1.000000000000,32194.000000,32194.000000
HARRISON - V 0002,Harrison - V 0002,087,55087004478,004478,2,1.000000000000,11535.000000,11535.000000
WRIGHTSTOWN - V 0005,Wrightstown - V 0005,087,55087004479,004479,5,1.000000000000,440830.000000,440830.000000
BUCHANAN - T 0007,BUCHANAN - T 0007,087,55087004480,004480,2,1.000000000000,956289.000000,956289.000000
BUCHANAN - T 0007,BUCHANAN - T 0007,087,55087004481,004481,2,1.000000000000,4961.000000,4961.000000
COMBINED LOCKS - V 0005,Combined Locks - V 0005,087,55087004482,004482,2,1.000000000000,12499.000000,12499.000000
APPLETON - C 0055,Appleton - C 0055,087,55087004484,004484,52,1.000000000000,1344470.000000,1344470.000000
COMBINED LOCKS - V 0006,Combined Locks - V 0006,087,55087004485,004485,2,1.000000000000,82334.000000,82334.000000
KAUKAUNA - C 0013,Kaukauna - C 0013,087,55087004486,004486,2,1.000000000000,29062.000000,29062.000000
GRAND CHUTE - T 0017,GRAND CHUTE - T 0017,087,55087004487,004487,5,0.000201870283,1022.000000,5062657.000000
GRAND CHUTE - T 0017,GRAND CHUTE - T 0017,087,55087004487,004487,52,0.999798129717,5061635.000000,5062657.000000
LITTLE CHUTE - V 0015,Little Chute - V 0015,087,55087004488,004488,5,1.000000000000,956694.000000,956694.000000
APPLETON - C 0039,Appleton - C 0039,087,55087004490,004490,5,0.005207703471,9646.000000,1852256.000000
APPLETON - C 0039,Appleton - C 0039,087,55087004490,004490,52,0.994792296529,1842610.000000,1852256.000000
KAUKAUNA - C 0012,Kaukauna - C 0012,087,55087080014,080014,2,1.000000000000,39339.000000,39339.000000
KAUKAUNA - C 0014,Kaukauna - C 0014,087,55087080015,080015,2,1.000000000000,8253.000000,8253.000000
CEDARBURG - C 0005,Cedarburg - C 0005,089,55089004492,004492,22,1.000000000000,1855914.000000,1855914.000000
CEDARBURG - C 0008,Cedarburg - C 0008,089,55089004493,004493,22,1.000000000000,468558.000000,468558.000000
MEQUON - C 0012,Mequon - C 0012,089,55089004494,004494,22,0.019796001687,93533.000000,4724843.000000
MEQUON - C 0012,Mequon - C 0012,089,55089004494,004494,23,0.980203998313,4631310.000000,4724843.000000
MEQUON - C 0013,Mequon - C 0013,089,55089004495,004495,23,1.000000000000,3073677.000000,3073677.000000
MEQUON - C 0004,Mequon - C 0004,089,55089004496,004496,23,1.000000000000,3162935.000000,3162935.000000
BELGIUM - T 0002,BELGIUM - T 0002,089,55089004497,004497,59,1.000000000000,38825276.000000,38825276.000000
GRAFTON - V 0009,Grafton - V 0009,089,55089004498,004498,22,1.000000000000,478693.000000,478693.000000
GRAFTON - V 0005,Grafton - V 0005,089,55089004499,004499,22,1.000000000000,766392.000000,766392.000000
CEDARBURG - C 0004,Cedarburg - C 0004,089,55089004500,004500,22,1.000000000000,1437171.000000,1437171.000000
NEWBURG - V 0003,Newburg - V 0003,089,55089004501,004501,58,1.000000000000,219448.000000,219448.000000
SAUKVILLE - V 0005,Saukville - V 0005,089,55089004502,004502,59,1.000000000000,919044.000000,919044.000000
GRAFTON - T 0004,GRAFTON - T 0004,089,55089004503,004503,22,1.000000000000,9740819.000000,9740819.000000
BELGIUM - V 0003,Belgium - V 0003,089,55089004504,004504,59,1.000000000000,2127210.000000,2127210.000000
THIENSVILLE - V 0004,Thiensville - V 0004,089,55089004505,004505,23,1.000000000000,612607.000000,612607.000000
CEDARBURG - C 0006,Cedarburg - C 0006,089,55089004506,004506,22,1.000000000000,1559440.000000,1559440.000000
CEDARBURG - T 0008,CEDARBURG - T 0008,089,55089004507,004507,22,1.000000000000,8175787.000000,8175787.000000
THIENSVILLE - V 0002,Thiensville - V 0002,089,55089004508,004508,23,1.000000000000,890191.000000,890191.000000
PORT WASHINGTON - C 0006,Port Washington - C 0006,089,55089004509,004509,22,1.000000000000,868824.000000,868824.000000
FREDONIA - V 0003,Fredonia - V 0003,089,55089004510,004510,59,1.000000000000,1281064.000000,1281064.000000
CEDARBURG - C 0007,Cedarburg - C 0007,089,55089004511,004511,22,1.000000000000,2037165.000000,2037165.000000
MEQUON - C 0002,Mequon - C 0002,089,55089004512,004512,22,1.000000000000,18772028.000000,18772028.000000
CEDARBURG - T 0005,CEDARBURG - T 0005,089,55089004513,004513,22,1.000000000000,4362414.000000,4362414.000000
CEDARBURG - C 0001,Cedarburg - C 0001,089,55089004514,004514,22,1.000000000000,2097668.000000,2097668.000000
SAUKVILLE - T 0003,SAUKVILLE - T 0003,089,55089004515,004515,59,1.000000000000,1777325.000000,1777325.000000
GRAFTON - V 0002,Grafton - V 0002,089,55089004516,004516,22,1.000000000000,694934.000000,694934.000000
SAUKVILLE - V 0007,Saukville - V 0007,089,55089004517,004517,59,1.000000000000,364797.000000,364797.000000
MEQUON - C 0006,Mequon - C 0006,089,55089004518,004518,22,1.000000000000,14526141.000000,14526141.000000
MEQUON - C 0016,Mequon - C 0016,089,55089004519,004519,23,1.000000000000,2651283.000000,2651283.000000
GRAFTON - V 0007,Grafton - V 0007,089,55089004520,004520,22,1.000000000000,580590.000000,580590.000000
FREDONIA - T 0002,FREDONIA - T 0002,089,55089004521,004521,59,1.000000000000,15545590.000000,15545590.000000
GRAFTON - V 0006,Grafton - V 0006,089,55089004522,004522,22,1.000000000000,1171214.000000,1171214.000000
SAUKVILLE - V 0003,Saukville - V 0003,089,55089004523,004523,59,1.000000000000,825057.000000,825057.000000
SAUKVILLE - T 0002,SAUKVILLE - T 0002,089,55089004524,004524,59,1.000000000000,36379973.000000,36379973.000000
GRAFTON - V 0004,Grafton - V 0004,089,55089004525,004525,22,1.000000000000,1223624.000000,1223624.000000
BELGIUM - V 0001,Belgium - V 0001,089,55089004526,004526,59,1.000000000000,1926748.000000,1926748.000000
GRAFTON - T 0005,GRAFTON - T 0005,089,55089004527,004527,22,1.000000000000,3250721.000000,3250721.000000
GRAFTON - V 0011,Grafton - V 0011,089,55089004528,004528,22,1.000000000000,603522.000000,603522.000000
FREDONIA - V 0002,Fredonia - V 0002,089,55089004529,004529,59,1.000000000000,1670612.000000,1670612.000000
PORT WASHINGTON - C 0001,Port Washington - C 0001,089,55089004530,004530,22,1.000000000000,1714180.000000,1714180.000000
MEQUON - C 0003,Mequon - C 0003,089,55089004531,004531,23,1.000000000000,3536960.000000,3536960.000000
GRAFTON - V 0008,Grafton - V 0008,089,55089004532,004532,22,1.000000000000,605763.000000,605763.000000
MEQUON - C 0020,Mequon - C 0020,089,55089004533,004533,23,1.000000000000,2697566.000000,2697566.000000
PORT WASHINGTON - C 0004,Port Washington - C 0004,089,55089004534,004534,22,1.000000000000,8036692.000000,8036692.000000
THIENSVILLE - V 0003,Thiensville - V 0003,089,55089004535,004535,23,1.000000000000,490192.000000,490192.000000
CEDARBURG - T 0007,CEDARBURG - T 0007,089,55089004536,004536,22,1.000000000000,9409625.000000,9409625.000000
SAUKVILLE - V 0001,Saukville - V 0001,089,55089004537,004537,59,1.000000000000,474629.000000,474629.000000
PORT WASHINGTON - C 0002,Port Washington - C 0002,089,55089004538,004538,22,1.000000000000,1244521.000000,1244521.000000
THIENSVILLE - V 0001,Thiensville - V 0001,089,55089004539,004539,23,1.000000000000,792064.000000,792064.000000
SAUKVILLE - T 0001,SAUKVILLE - T 0001,089,55089004540,004540,58,0.000269808956,12686.000000,47018454.000000
SAUKVILLE - T 0001,SAUKVILLE - T 0001,089,55089004540,004540,59,0.999730191044,47005768.000000,47018454.000000
GRAFTON - T 0003,GRAFTON - T 0003,089,55089004541,004541,22,0.126925397546,291160214.000000,2293947623.000000
GRAFTON - T 0003,GRAFTON - T 0003,089,55089004541,004541,59,0.873074602454,2002787409.000000,2293947623.000000
GRAFTON - T 0002,GRAFTON - T 0002,089,55089004542,004542,22,1.000000000000,12554086.000000,12554086.000000
MEQUON - C 0017,Mequon - C 0017,089,55089004543,004543,23,1.000000000000,2607558.000000,2607558.000000
PORT WASHINGTON - T 0001,PORT WASHINGTON - T 0001,089,55089004544,004544,22,1.000000000000,39838439.000000,39838439.000000
CEDARBURG - C 0003,Cedarburg - C 0003,089,55089004545,004545,22,1.000000000000,1190111.000000,1190111.000000
BELGIUM - T 0003,BELGIUM - T 0003,089,55089004546,004546,59,1.000000000000,28288415.000000,28288415.000000
MEQUON - C 007A,Mequon - C 007A,089,55089004547,004547,22,1.000000000000,3921727.000000,3921727.000000
MEQUON - C 0009,Mequon - C 0009,089,55089004548,004548,22,1.000000000000,7843974.000000,7843974.000000
MEQUON - C 0001,Mequon - C 0001,089,55089004549,004549,22,1.000000000000,15147040.000000,15147040.000000
CEDARBURG - T 0006,CEDARBURG - T 0006,089,55089004550,004550,22,1.000000000000,5298411.000000,5298411.000000
MEQUON - C 0005,Mequon - C 0005,089,55089004551,004551,22,1.000000000000,1906409.000000,1906409.000000
FREDONIA - T 0004,FREDONIA - T 0004,089,55089004552,004552,59,1.000000000000,50068453.000000,50068453.000000
MEQUON - C 0008,Mequon - C 0008,089,55089004553,004553,22,1.000000000000,7821555.000000,7821555.000000
BELGIUM - V 0002,Belgium - V 0002,089,55089004554,004554,59,1.000000000000,1521940.000000,1521940.000000
GRAFTON - V 0012,Grafton - V 0012,089,55089004555,004555,22,1.000000000000,593460.000000,593460.000000
PORT WASHINGTON - C 0005,Port Washington - C 0005,089,55089004556,004556,22,1.000000000000,2034596.000000,2034596.000000
BELGIUM - T 0001,BELGIUM - T 0001,089,55089004557,004557,59,1.000000000000,25015691.000000,25015691.000000
SAUKVILLE - V 0002,Saukville - V 0002,089,55089004558,004558,59,1.000000000000,2568567.000000,2568567.000000
GRAFTON - V 0001,Grafton - V 0001,089,55089004559,004559,22,1.000000000000,2003657.000000,2003657.000000
SAUKVILLE - V 0006,Saukville - V 0006,089,55089004560,004560,59,1.000000000000,837772.000000,837772.000000
MEQUON - C 0015,Mequon - C 0015,089,55089004561,004561,23,1.000000000000,2626734.000000,2626734.000000
MEQUON - C 0019,Mequon - C 0019,089,55089004562,004562,23,1.000000000000,2610073.000000,2610073.000000
MEQUON - C 007B,Mequon - C 007B,089,55089004563,004563,22,1.000000000000,3352781.000000,3352781.000000
BAYSIDE - V 0006,Bayside - V 0006,089,55089004564,004564,23,1.000000000000,230041.000000,230041.000000
FREDONIA - T 0003,FREDONIA - T 0003,089,55089004565,004565,59,1.000000000000,5406380.000000,5406380.000000
CEDARBURG - T 0009,CEDARBURG - T 0009,089,55089004566,004566,22,1.000000000000,5239381.000000,5239381.000000
CEDARBURG - T 0004,CEDARBURG - T 0004,089,55089004567,004567,22,1.000000000000,1824132.000000,1824132.000000
GRAFTON - V 0010,Grafton - V 0010,089,55089004568,004568,22,1.000000000000,300019.000000,300019.000000
MEQUON - C 0011,Mequon - C 0011,089,55089004569,004569,23,1.000000000000,10236499.000000,10236499.000000
GRAFTON - T 0001,GRAFTON - T 0001,089,55089004570,004570,22,1.000000000000,4750213.000000,4750213.000000
MEQUON - C 0014,Mequon - C 0014,089,55089004571,004571,23,1.000000000000,1846017.000000,1846017.000000
SAUKVILLE - V 0004,Saukville - V 0004,089,55089004572,004572,59,1.000000000000,3262741.000000,3262741.000000
CEDARBURG - T 0002,CEDARBURG - T 0002,089,55089004573,004573,22,1.000000000000,7591158.000000,7591158.000000
MEQUON - C 0018,Mequon - C 0018,089,55089004574,004574,23,1.000000000000,1583109.000000,1583109.000000
PORT WASHINGTON - T 0002,PORT WASHINGTON - T 0002,089,55089004575,004575,22,1.000000000000,6262571.000000,6262571.000000
CEDARBURG - T 0010,CEDARBURG - T 0010,089,55089004576,004576,22,1.000000000000,4279512.000000,4279512.000000
CEDARBURG - T 0003,CEDARBURG - T 0003,089,55089004577,004577,22,1.000000000000,10215079.000000,10215079.000000
FREDONIA - T 0001,FREDONIA - T 0001,089,55089004578,004578,59,1.000000000000,18024599.000000,18024599.000000
FREDONIA - V 0001,Fredonia - V 0001,089,55089004579,004579,59,1.000000000000,2598878.000000,2598878.000000
GRAFTON - V 0014,Grafton - V 0014,089,55089004580,004580,22,1.000000000000,1208594.000000,1208594.000000
GRAFTON - V 0013,Grafton - V 0013,089,55089004581,004581,22,1.000000000000,2668975.000000,2668975.000000
GRAFTON - V 0003,Grafton - V 0003,089,55089004582,004582,22,1.000000000000,442379.000000,442379.000000
PORT WASHINGTON - C 0007,Port Washington - C 0007,089,55089004583,004583,22,1.000000000000,1256767.000000,1256767.000000
MEQUON - C 0010,Mequon - C 0010,089,55089004584,004584,23,1.000000000000,5523572.000000,5523572.000000
PORT WASHINGTON - C 0003,Port Washington - C 0003,089,55089004585,004585,22,1.000000000000,3413863.000000,3413863.000000
MEQUON - C 0021,Mequon - C 0021,089,55089004587,004587,23,1.000000000000,1452948.000000,1452948.000000
CEDARBURG - C 0009,Cedarburg - C 0009,089,55089004588,004588,22,1.000000000000,53314.000000,53314.000000
CEDARBURG - T 0001,CEDARBURG - T 0001,089,55089004589,004589,22,1.000000000000,8042593.000000,8042593.000000
CEDARBURG - C 0002,Cedarburg - C 0002,089,55089004590,004590,22,1.000000000000,1947441.000000,1947441.000000
ALBANY - T 0001,ALBANY - T 0001,091,55091004591,004591,29,1.000000000000,93231357.000000,93231357.000000
LIMA - T 0001,LIMA - T 0001,091,55091004592,004592,29,1.000000000000,85391575.000000,85391575.000000
LIMA - T 0002,LIMA - T 0002,091,55091004593,004593,29,1.000000000000,7678176.000000,7678176.000000
DURAND - T 0002,DURAND - T 0002,091,55091004594,004594,29,1.000000000000,16705844.000000,16705844.000000
DURAND - C 0001,Durand - C 0001,091,55091004595,004595,29,1.000000000000,2368258.000000,2368258.000000
DURAND - C 0003,Durand - C 0003,091,55091004596,004596,29,1.000000000000,1239495.000000,1239495.000000
DURAND - C 0002,Durand - C 0002,091,55091004597,004597,29,1.000000000000,1052770.000000,1052770.000000
DURAND - T 0001,DURAND - T 0001,091,55091004598,004598,29,1.000000000000,32444225.000000,32444225.000000
WAUBEEK - T 0001,WAUBEEK - T 0001,091,55091004599,004599,29,1.000000000000,32955714.000000,32955714.000000
WATERVILLE - T 0001,WATERVILLE - T 0001,091,55091004600,004600,29,1.000000000000,55520063.000000,55520063.000000
WATERVILLE - T 0002,WATERVILLE - T 0002,091,55091004601,004601,29,1.000000000000,38641168.000000,38641168.000000
FRANKFORT - T 0001,FRANKFORT - T 0001,091,55091004602,004602,29,1.000000000000,80156032.000000,80156032.000000
PEPIN - T 0001,PEPIN - T 0001,091,55091004603,004603,29,1.000000000000,80763395.000000,80763395.000000
PEPIN - V 0001,Pepin - V 0001,091,55091004604,004604,29,1.000000000000,514018.000000,514018.000000
PEPIN - V 0002,Pepin - V 0002,091,55091004605,004605,29,1.000000000000,4934062.000000,4934062.000000
PEPIN - T 0002,PEPIN - T 0002,091,55091004606,004606,29,1.000000000000,51633738.000000,51633738.000000
STOCKHOLM - V 0001,Stockholm - V 0001,091,55091004607,004607,29,1.000000000000,2541951.000000,2541951.000000
STOCKHOLM - T 0001,STOCKHOLM - T 0001,091,55091004608,004608,29,1.000000000000,56364082.000000,56364082.000000
MARTELL - T 0002,MARTELL - T 0002,093,55093004609,004609,28,1.000000000000,50613790.000000,50613790.000000
GILMAN - T 0001,GILMAN - T 0001,093,55093004610,004610,28,1.000000000000,87730515.000000,87730515.000000
SPRING LAKE - T 0002,SPRING LAKE - T 0002,093,55093004611,004611,28,1.000000000000,16378356.000000,16378356.000000
SPRING VALLEY - V 0002,Spring Valley - V 0002,093,55093004612,004612,28,1.000000000000,4492725.000000,4492725.000000
SPRING LAKE - T 0001,SPRING LAKE - T 0001,093,55093004613,004613,28,1.000000000000,64984210.000000,64984210.000000
ELMWOOD - V 0001,Elmwood - V 0001,093,55093004614,004614,28,1.000000000000,3978489.000000,3978489.000000
EL PASO - T 0001,EL PASO - T 0001,093,55093004615,004615,29,1.000000000000,90630233.000000,90630233.000000
ROCK ELM - T 0001,ROCK ELM - T 0001,093,55093004616,004616,29,1.000000000000,92748708.000000,92748708.000000
HARTLAND - T 0001,HARTLAND - T 0001,093,55093004617,004617,29,1.000000000000,93348984.000000,93348984.000000
SALEM - T 0001,SALEM - T 0001,093,55093004618,004618,29,1.000000000000,91682907.000000,91682907.000000
UNION - T 0001,UNION - T 0001,093,55093004619,004619,29,1.000000000000,90698592.000000,90698592.000000
PLUM CITY - V 0001,Plum City - V 0001,093,55093004620,004620,29,1.000000000000,2698842.000000,2698842.000000
BAY CITY - V 0001,Bay City - V 0001,093,55093004621,004621,29,1.000000000000,1569033.000000,1569033.000000
CLIFTON - T 0003,CLIFTON - T 0003,093,55093004622,004622,30,1.000000000000,47318120.000000,47318120.000000
PRESCOTT - C 0002,Prescott - C 0002,093,55093004623,004623,29,1.000000000000,1704400.000000,1704400.000000
ISABELLE - T 0001,ISABELLE - T 0001,093,55093004624,004624,29,1.000000000000,42466578.000000,42466578.000000
TRENTON - T 0002,TRENTON - T 0002,093,55093004625,004625,29,1.000000000000,64113881.000000,64113881.000000
DIAMOND BLUFF - T 0001,DIAMOND BLUFF - T 0001,093,55093004626,004626,29,1.000000000000,47519554.000000,47519554.000000
OAK GROVE - T 0003,OAK GROVE - T 0003,093,55093004627,004627,29,1.000000000000,45034945.000000,45034945.000000
MAIDEN ROCK - T 0001,MAIDEN ROCK - T 0001,093,55093004628,004628,29,1.000000000000,113945952.000000,113945952.000000
MAIDEN ROCK - V 0001,Maiden Rock - V 0001,093,55093004629,004629,29,1.000000000000,3144735.000000,3144735.000000
TRIMBELLE - T 0001,TRIMBELLE - T 0001,093,55093004630,004630,29,1.000000000000,47768657.000000,47768657.000000
ELLSWORTH - T 0002,ELLSWORTH - T 0002,093,55093004631,004631,29,1.000000000000,66017414.000000,66017414.000000
ELLSWORTH - V 0001,Ellsworth - V 0001,093,55093004632,004632,29,1.000000000000,3049322.000000,3049322.000000
RIVER FALLS - C 0011,River Falls - C 0011,093,55093004633,004633,30,1.000000000000,1734768.000000,1734768.000000
RIVER FALLS - T 0001,RIVER FALLS - T 0001,093,55093004634,004634,30,1.000000000000,56532755.000000,56532755.000000
CLIFTON - T 0002,CLIFTON - T 0002,093,55093004635,004635,30,1.000000000000,33957166.000000,33957166.000000
CLIFTON - T 0001,CLIFTON - T 0001,093,55093004636,004636,30,1.000000000000,10508847.000000,10508847.000000
RIVER FALLS - T 0003,RIVER FALLS - T 0003,093,55093004637,004637,30,1.000000000000,28001893.000000,28001893.000000
RIVER FALLS - T 0002,RIVER FALLS - T 0002,093,55093004638,004638,30,1.000000000000,29054031.000000,29054031.000000
MARTELL - T 0001,MARTELL - T 0001,093,55093004639,004639,28,1.000000000000,42246608.000000,42246608.000000
ELLSWORTH - T 0001,ELLSWORTH - T 0001,093,55093004640,004640,29,1.000000000000,17048197.000000,17048197.000000
ELLSWORTH - V 0002,Ellsworth - V 0002,093,55093004641,004641,29,1.000000000000,2203093.000000,2203093.000000
ELLSWORTH - V 0003,Ellsworth - V 0003,093,55093004642,004642,29,1.000000000000,2954544.000000,2954544.000000
ELLSWORTH - V 0004,Ellsworth - V 0004,093,55093004643,004643,29,1.000000000000,1630357.000000,1630357.000000
TRIMBELLE - T 0002,TRIMBELLE - T 0002,093,55093004644,004644,29,1.000000000000,45727773.000000,45727773.000000
OAK GROVE - T 0002,OAK GROVE - T 0002,093,55093004645,004645,29,1.000000000000,22744212.000000,22744212.000000
OAK GROVE - T 0001,OAK GROVE - T 0001,093,55093004646,004646,29,1.000000000000,34451336.000000,34451336.000000
TRENTON - T 0001,TRENTON - T 0001,093,55093004647,004647,29,1.000000000000,14111522.000000,14111522.000000
RIVER FALLS - C 0005,River Falls - C 0005,093,55093004648,004648,30,1.000000000000,1149413.000000,1149413.000000
RIVER FALLS - C 0007,River Falls - C 0007,093,55093004649,004649,30,1.000000000000,665218.000000,665218.000000
RIVER FALLS - C 0012,River Falls - C 0012,093,55093004650,004650,30,1.000000000000,1122481.000000,1122481.000000
RIVER FALLS - C 0010,River Falls - C 0010,093,55093004651,004651,30,1.000000000000,1095304.000000,1095304.000000
RIVER FALLS - C 0013,River Falls - C 0013,093,55093004652,004652,30,1.000000000000,373831.000000,373831.000000
RIVER FALLS - C 0014,River Falls - C 0014,093,55093004653,004653,30,1.000000000000,1499577.000000,1499577.000000
RIVER FALLS - C 0009,River Falls - C 0009,093,55093004654,004654,30,1.000000000000,580927.000000,580927.000000
RIVER FALLS - C 0006,River Falls - C 0006,093,55093004655,004655,30,1.000000000000,1016491.000000,1016491.000000
SPRING VALLEY - V 0001,Spring Valley - V 0001,093,55093004656,004656,28,1.000000000000,3792431.000000,3792431.000000
PRESCOTT - C 0001,Prescott - C 0001,093,55093004657,004657,29,1.000000000000,2184489.000000,2184489.000000
PRESCOTT - C 0005,Prescott - C 0005,093,55093004658,004658,29,1.000000000000,1947623.000000,1947623.000000
PRESCOTT - C 0004,Prescott - C 0004,093,55093004659,004659,29,1.000000000000,820274.000000,820274.000000
PRESCOTT - C 0003,Prescott - C 0003,093,55093004660,004660,29,1.000000000000,771483.000000,771483.000000
PRESCOTT - C 0006,Prescott - C 0006,093,55093004661,004661,29,1.000000000000,267607.000000,267607.000000
RIVER FALLS - C 0008,River Falls - C 0008,093,55093004662,004662,30,1.000000000000,1319651.000000,1319651.000000
BLACK BROOK - T 0002,BLACK BROOK - T 0002,095,55095004663,004663,75,1.000000000000,68921044.000000,68921044.000000
ST. CROIX FALLS - T 0002,ST. CROIX FALLS - T 0002,095,55095004664,004664,75,1.000000000000,28964889.000000,28964889.000000
GARFIELD - T 0001,GARFIELD - T 0001,095,55095004665,004665,75,1.000000000000,30867804.000000,30867804.000000
BALSAM LAKE - T 0001,BALSAM LAKE - T 0001,095,55095004666,004666,75,1.000000000000,45652449.000000,45652449.000000
LINCOLN - T 0001,LINCOLN - T 0001,095,55095004667,004667,75,1.000000000000,28431220.000000,28431220.000000
GEORGETOWN - T 0001,GEORGETOWN - T 0001,095,55095004668,004668,75,1.000000000000,28444839.000000,28444839.000000
OSCEOLA - V 0003,Osceola - V 0003,095,55095004669,004669,75,1.000000000000,1930836.000000,1930836.000000
MILLTOWN - T 0001,MILLTOWN - T 0001,095,55095004670,004670,75,1.000000000000,76852253.000000,76852253.000000
ALDEN - T 0001,ALDEN - T 0001,095,55095004671,004671,75,1.000000000000,38262044.000000,38262044.000000
LINCOLN - T 0002,LINCOLN - T 0002,095,55095004672,004672,75,1.000000000000,19425963.000000,19425963.000000
LINCOLN - T 0003,LINCOLN - T 0003,095,55095004673,004673,75,1.000000000000,28266438.000000,28266438.000000
OSCEOLA - T 0001,OSCEOLA - T 0001,095,55095004674,004674,75,1.000000000000,22296266.000000,22296266.000000
GARFIELD - T 0002,GARFIELD - T 0002,095,55095004675,004675,75,1.000000000000,38418790.000000,38418790.000000
ST. CROIX FALLS - C 0003,St. Croix Falls - C 0003,095,55095004676,004676,75,1.000000000000,3905453.000000,3905453.000000
ALDEN - T 0004,ALDEN - T 0004,095,55095004677,004677,75,1.000000000000,35436598.000000,35436598.000000
FARMINGTON - T 0002,FARMINGTON - T 0002,095,55095004678,004678,75,1.000000000000,51135003.000000,51135003.000000
ST. CROIX FALLS - C 0002,St. Croix Falls - C 0002,095,55095004679,004679,75,1.000000000000,4789220.000000,4789220.000000
OSCEOLA - V 0002,Osceola - V 0002,095,55095004680,004680,75,1.000000000000,5418832.000000,5418832.000000
ST. CROIX FALLS - C 0001,St. Croix Falls - C 0001,095,55095004681,004681,75,1.000000000000,509463.000000,509463.000000
OSCEOLA - T 0003,OSCEOLA - T 0003,095,55095004682,004682,75,1.000000000000,8142325.000000,8142325.000000
APPLE RIVER - T 0001,APPLE RIVER - T 0001,095,55095004683,004683,75,1.000000000000,30835973.000000,30835973.000000
ALDEN - T 0002,ALDEN - T 0002,095,55095004684,004684,75,1.000000000000,31406964.000000,31406964.000000
OSCEOLA - T 0004,OSCEOLA - T 0004,095,55095004685,004685,75,1.000000000000,23681351.000000,23681351.000000
CLEAR LAKE - V 0002,Clear Lake - V 0002,095,55095004686,004686,75,1.000000000000,3907699.000000,3907699.000000
FREDERIC - V 0001,Frederic - V 0001,095,55095004687,004687,75,1.000000000000,1808343.000000,1808343.000000
OSCEOLA - T 0002,OSCEOLA - T 0002,095,55095004688,004688,75,1.000000000000,22632030.000000,22632030.000000
ALDEN - T 0003,ALDEN - T 0003,095,55095004689,004689,75,1.000000000000,47868274.000000,47868274.000000
AMERY - C 0003,Amery - C 0003,095,55095004690,004690,75,1.000000000000,966729.000000,966729.000000
AMERY - C 0001,Amery - C 0001,095,55095004691,004691,75,1.000000000000,2037381.000000,2037381.000000
AMERY - C 0005,Amery - C 0005,095,55095004692,004692,75,1.000000000000,1782892.000000,1782892.000000
GARFIELD - T 0003,GARFIELD - T 0003,095,55095004693,004693,75,1.000000000000,21734540.000000,21734540.000000
CLEAR LAKE - V 0001,Clear Lake - V 0001,095,55095004694,004694,75,1.000000000000,2899729.000000,2899729.000000
CLEAR LAKE - T 0001,CLEAR LAKE - T 0001,095,55095004695,004695,75,1.000000000000,89837356.000000,89837356.000000
LORAIN - T 0001,LORAIN - T 0001,095,55095004696,004696,75,1.000000000000,95654842.000000,95654842.000000
CLAM FALLS - T 0001,CLAM FALLS - T 0001,095,55095004697,004697,75,1.000000000000,91726639.000000,91726639.000000
MCKINLEY - T 0001,MCKINLEY - T 0001,095,55095004698,004698,75,1.000000000000,96257358.000000,96257358.000000
BONE LAKE - T 0001,BONE LAKE - T 0001,095,55095004699,004699,75,1.000000000000,91812667.000000,91812667.000000
JOHNSTOWN - T 0001,JOHNSTOWN - T 0001,095,55095004700,004700,75,1.000000000000,95906952.000000,95906952.000000
WEST SWEDEN - T 0001,WEST SWEDEN - T 0001,095,55095004701,004701,75,1.000000000000,86877240.000000,86877240.000000
LAKETOWN - T 0001,LAKETOWN - T 0001,095,55095004702,004702,75,1.000000000000,92623015.000000,92623015.000000
STERLING - T 0001,STERLING - T 0001,095,55095004703,004703,75,1.000000000000,166953903.000000,166953903.000000
FREDERIC - V 0002,Frederic - V 0002,095,55095004704,004704,75,1.000000000000,2750130.000000,2750130.000000
EUREKA - T 0001,EUREKA - T 0001,095,55095004705,004705,75,1.000000000000,60961939.000000,60961939.000000
MILLTOWN - V 0001,Milltown - V 0001,095,55095004706,004706,75,1.000000000000,4764769.000000,4764769.000000
MILLTOWN - T 0002,MILLTOWN - T 0002,095,55095004707,004707,75,1.000000000000,9162830.000000,9162830.000000
BALSAM LAKE - T 0002,BALSAM LAKE - T 0002,095,55095004708,004708,75,1.000000000000,38020591.000000,38020591.000000
BALSAM LAKE - V 0001,Balsam Lake - V 0001,095,55095004709,004709,75,1.000000000000,6646425.000000,6646425.000000
BALSAM LAKE - V 0002,Balsam Lake - V 0002,095,55095004710,004710,75,1.000000000000,2179907.000000,2179907.000000
APPLE RIVER - T 0002,APPLE RIVER - T 0002,095,55095004711,004711,75,1.000000000000,62493914.000000,62493914.000000
BEAVER - T 0001,BEAVER - T 0001,095,55095004712,004712,75,1.000000000000,95276120.000000,95276120.000000
TURTLE LAKE - V 002A,Turtle Lake - V 002A,095,55095004713,004713,75,1.000000000000,1617819.000000,1617819.000000
TURTLE LAKE - V 002B,Turtle Lake - V 002B,095,55095004714,004714,75,1.000000000000,99692.000000,99692.000000
EUREKA - T 0002,EUREKA - T 0002,095,55095004715,004715,75,1.000000000000,80829271.000000,80829271.000000
LUCK - V 0002,Luck - V 0002,095,55095004716,004716,75,1.000000000000,1864848.000000,1864848.000000
GEORGETOWN - T 0002,GEORGETOWN - T 0002,095,55095004717,004717,75,1.000000000000,62537613.000000,62537613.000000
CENTURIA - V 0001,Centuria - V 0001,095,55095004718,004718,75,1.000000000000,4403699.000000,4403699.000000
ST. CROIX FALLS - C 0004,St. Croix Falls - C 0004,095,55095004719,004719,75,1.000000000000,4048846.000000,4048846.000000
DRESSER - V 0001,Dresser - V 0001,095,55095004720,004720,75,1.000000000000,4962777.000000,4962777.000000
OSCEOLA - V 0001,Osceola - V 0001,095,55095004721,004721,75,1.000000000000,3495869.000000,3495869.000000
FARMINGTON - T 0001,FARMINGTON - T 0001,095,55095004722,004722,75,1.000000000000,64608866.000000,64608866.000000
AMERY - C 0004,Amery - C 0004,095,55095004723,004723,75,1.000000000000,2288038.000000,2288038.000000
LINCOLN - T 0004,LINCOLN - T 0004,095,55095004724,004724,75,1.000000000000,22885890.000000,22885890.000000
AMERY - C 0002,Amery - C 0002,095,55095004725,004725,75,1.000000000000,2863729.000000,2863729.000000
LUCK - T 0001,LUCK - T 0001,095,55095004726,004726,75,1.000000000000,69512108.000000,69512108.000000
CLAYTON - V 0001,Clayton - V 0001,095,55095004727,004727,75,1.000000000000,8650196.000000,8650196.000000
CLAYTON - T 0001,CLAYTON - T 0001,095,55095004728,004728,75,1.000000000000,87364199.000000,87364199.000000
OSCEOLA - T 0005,OSCEOLA - T 0005,095,55095004729,004729,75,1.000000000000,18152073.000000,18152073.000000
ST. CROIX FALLS - T 0001,ST. CROIX FALLS - T 0001,095,55095004730,004730,75,1.000000000000,48701699.000000,48701699.000000
LUCK - T 0002,LUCK - T 0002,095,55095004731,004731,75,1.000000000000,14596335.000000,14596335.000000
LUCK - V 0001,Luck - V 0001,095,55095004732,004732,75,1.000000000000,4813800.000000,4813800.000000
BLACK BROOK - T 0001,BLACK BROOK - T 0001,095,55095004733,004733,75,1.000000000000,21265942.000000,21265942.000000
DEWEY - T 0001,DEWEY - T 0001,097,55097004734,004734,87,1.000000000000,121865475.000000,121865475.000000
SHARON - T 0003,SHARON - T 0003,097,55097004735,004735,87,1.000000000000,17082272.000000,17082272.000000
EAU PLEINE - T 0001,EAU PLEINE - T 0001,097,55097004736,004736,86,1.000000000000,148575908.000000,148575908.000000
ALBAN - T 0001,ALBAN - T 0001,097,55097004737,004737,87,1.000000000000,93621736.000000,93621736.000000
ROSHOLT - V 0001,Rosholt - V 0001,097,55097004738,004738,87,1.000000000000,2814590.000000,2814590.000000
JUNCTION CITY - V 0001,Junction City - V 0001,097,55097004739,004739,86,1.000000000000,3924725.000000,3924725.000000
HULL - T 0008,HULL - T 0008,097,55097004740,004740,71,1.000000000000,1936917.000000,1936917.000000
CARSON - T 0001,CARSON - T 0001,097,55097004741,004741,86,1.000000000000,99264575.000000,99264575.000000
NEW HOPE - T 0001,NEW HOPE - T 0001,097,55097004742,004742,87,1.000000000000,94403925.000000,94403925.000000
STOCKTON - T 0001,STOCKTON - T 0001,097,55097004743,004743,71,1.000000000000,39907672.000000,39907672.000000
LINWOOD - T 0002,LINWOOD - T 0002,097,55097004744,004744,71,1.000000000000,47119017.000000,47119017.000000
AMHERST - T 0001,AMHERST - T 0001,097,55097004745,004745,71,1.000000000000,48419301.000000,48419301.000000
NELSONVILLE - V 0001,Nelsonville - V 0001,097,55097004746,004746,71,1.000000000000,2710029.000000,2710029.000000
AMHERST JUNCTION - V 0001,Amherst Junction - V 0001,097,55097004747,004747,71,1.000000000000,3218398.000000,3218398.000000
AMHERST - V 0002,Amherst - V 0002,097,55097004749,004749,71,1.000000000000,1988588.000000,1988588.000000
BUENA VISTA - T 0002,BUENA VISTA - T 0002,097,55097004750,004750,71,1.000000000000,39557403.000000,39557403.000000
GRANT - T 0002,GRANT - T 0002,097,55097004751,004751,71,1.000000000000,109765027.000000,109765027.000000
LANARK - T 0002,LANARK - T 0002,097,55097004752,004752,57,1.000000000000,38015725.000000,38015725.000000
PINE GROVE - T 0002,PINE GROVE - T 0002,097,55097004753,004753,71,1.000000000000,56448079.000000,56448079.000000
ALMOND - T 0001,ALMOND - T 0001,097,55097004754,004754,57,1.000000000000,111829481.000000,111829481.000000
BELMONT - T 0001,BELMONT - T 0001,097,55097004755,004755,57,1.000000000000,93966449.000000,93966449.000000
ALMOND - V 0001,Almond - V 0001,097,55097004756,004756,57,1.000000000000,2700908.000000,2700908.000000
ALMOND - V 0001,Almond - V 0001,097,55097004757,004757,57,1.000000000000,18161.000000,18161.000000
WHITING - V 0003,Whiting - V 0003,097,55097004758,004758,71,1.000000000000,1837419.000000,1837419.000000
MILLADORE - V 0002,Milladore - V 0002,097,55097004760,004760,86,1.000000000000,4037.000000,4037.000000
LINWOOD - T 0001,LINWOOD - T 0001,097,55097004761,004761,71,1.000000000000,40041420.000000,40041420.000000
STEVENS POINT - C 0028,Stevens Point - C 0028,097,55097004762,004762,71,1.000000000000,2701153.000000,2701153.000000
STEVENS POINT - C 0027,Stevens Point - C 0027,097,55097004763,004763,71,1.000000000000,673280.000000,673280.000000
STEVENS POINT - C 0026,Stevens Point - C 0026,097,55097004764,004764,71,1.000000000000,5119419.000000,5119419.000000
STEVENS POINT - C 0025,Stevens Point - C 0025,097,55097004765,004765,71,1.000000000000,455561.000000,455561.000000
STEVENS POINT - C 0010,Stevens Point - C 0010,097,55097004766,004766,71,1.000000000000,213224.000000,213224.000000
STEVENS POINT - C 0011,Stevens Point - C 0011,097,55097004767,004767,71,1.000000000000,1530524.000000,1530524.000000
STEVENS POINT - C 0012,Stevens Point - C 0012,097,55097004768,004768,71,1.000000000000,502990.000000,502990.000000
STEVENS POINT - C 0003,Stevens Point - C 0003,097,55097004769,004769,71,1.000000000000,453901.000000,453901.000000
STEVENS POINT - C 0002,Stevens Point - C 0002,097,55097004770,004770,71,1.000000000000,276357.000000,276357.000000
STEVENS POINT - C 0001,Stevens Point - C 0001,097,55097004771,004771,71,1.000000000000,508962.000000,508962.000000
STEVENS POINT - C 0007,Stevens Point - C 0007,097,55097004772,004772,71,1.000000000000,93180.000000,93180.000000
STEVENS POINT - C 0032,Stevens Point - C 0032,097,55097004773,004773,71,1.000000000000,908894.000000,908894.000000
STEVENS POINT - C 0031,Stevens Point - C 0031,097,55097004774,004774,71,1.000000000000,78718.000000,78718.000000
STEVENS POINT - C 0008,Stevens Point - C 0008,097,55097004775,004775,71,1.000000000000,567211.000000,567211.000000
STEVENS POINT - C 0009,Stevens Point - C 0009,097,55097004776,004776,71,1.000000000000,105023.000000,105023.000000
STEVENS POINT - C 0004,Stevens Point - C 0004,097,55097004777,004777,71,1.000000000000,235131.000000,235131.000000
STEVENS POINT - C 0033,Stevens Point - C 0033,097,55097004778,004778,71,1.000000000000,5259316.000000,5259316.000000
STEVENS POINT - C 0014,Stevens Point - C 0014,097,55097004779,004779,71,1.000000000000,434988.000000,434988.000000
STEVENS POINT - C 0024,Stevens Point - C 0024,097,55097004780,004780,71,1.000000000000,8347302.000000,8347302.000000
STEVENS POINT - C 0013,Stevens Point - C 0013,097,55097004781,004781,71,1.000000000000,243365.000000,243365.000000
STEVENS POINT - C 0006,Stevens Point - C 0006,097,55097004782,004782,71,1.000000000000,95865.000000,95865.000000
STEVENS POINT - C 0005,Stevens Point - C 0005,097,55097004783,004783,71,1.000000000000,634018.000000,634018.000000
STEVENS POINT - C 0029,Stevens Point - C 0029,097,55097004785,004785,71,1.000000000000,849462.000000,849462.000000
STEVENS POINT - C 0015,Stevens Point - C 0015,097,55097004786,004786,71,1.000000000000,888969.000000,888969.000000
STEVENS POINT - C 0030,Stevens Point - C 0030,097,55097004787,004787,71,1.000000000000,764066.000000,764066.000000
STEVENS POINT - C 0019,Stevens Point - C 0019,097,55097004788,004788,71,1.000000000000,662662.000000,662662.000000
PARK RIDGE - V 0001,Park Ridge - V 0001,097,55097004789,004789,71,1.000000000000,583084.000000,583084.000000
STEVENS POINT - C 0021,Stevens Point - C 0021,097,55097004790,004790,71,1.000000000000,456117.000000,456117.000000
STEVENS POINT - C 0022,Stevens Point - C 0022,097,55097004791,004791,71,1.000000000000,945052.000000,945052.000000
STEVENS POINT - C 0023,Stevens Point - C 0023,097,55097004792,004792,71,1.000000000000,844065.000000,844065.000000
STEVENS POINT - C 0020,Stevens Point - C 0020,097,55097004793,004793,71,1.000000000000,2950871.000000,2950871.000000
STEVENS POINT - C 0018,Stevens Point - C 0018,097,55097004794,004794,71,1.000000000000,1423410.000000,1423410.000000
STEVENS POINT - C 0017,Stevens Point - C 0017,097,55097004795,004795,71,1.000000000000,3155258.000000,3155258.000000
STEVENS POINT - C 0016,Stevens Point - C 0016,097,55097004796,004796,71,1.000000000000,4360392.000000,4360392.000000
PLOVER - V 0001,Plover - V 0001,097,55097004797,004797,71,1.000000000000,931292.000000,931292.000000
PLOVER - V 0002,Plover - V 0002,097,55097004798,004798,71,1.000000000000,2308493.000000,2308493.000000
PLOVER - T 0003,PLOVER - T 0003,097,55097004799,004799,71,1.000000000000,26601100.000000,26601100.000000
PLOVER - V 0005,Plover - V 0005,097,55097004800,004800,71,1.000000000000,2333660.000000,2333660.000000
PLOVER - V 0003,Plover - V 0003,097,55097004801,004801,71,1.000000000000,1571515.000000,1571515.000000
PLOVER - V 0008,Plover - V 0008,097,55097004802,004802,71,1.000000000000,1158204.000000,1158204.000000
PLOVER - V 0009,Plover - V 0009,097,55097004803,004803,71,1.000000000000,1908625.000000,1908625.000000
PLOVER - V 0006,Plover - V 0006,097,55097004805,004805,71,1.000000000000,2521192.000000,2521192.000000
PLOVER - V 0004,Plover - V 0004,097,55097004806,004806,71,1.000000000000,6032900.000000,6032900.000000
WHITING - V 0004,Whiting - V 0004,097,55097004807,004807,71,1.000000000000,1517772.000000,1517772.000000
WHITING - V 0001,Whiting - V 0001,097,55097004808,004808,71,1.000000000000,1480441.000000,1480441.000000
WHITING - V 0002,Whiting - V 0002,097,55097004809,004809,71,1.000000000000,820586.000000,820586.000000
PLOVER - T 0001,PLOVER - T 0001,097,55097004810,004810,71,1.000000000000,68892845.000000,68892845.000000
PLOVER - V 0007,Plover - V 0007,097,55097004811,004811,71,1.000000000000,9952958.000000,9952958.000000
STOCKTON - T 0002,STOCKTON - T 0002,097,55097004812,004812,71,1.000000000000,38831192.000000,38831192.000000
STOCKTON - T 0005,STOCKTON - T 0005,097,55097004813,004813,71,1.000000000000,24901402.000000,24901402.000000
STOCKTON - T 0004,STOCKTON - T 0004,097,55097004814,004814,71,1.000000000000,21860391.000000,21860391.000000
STOCKTON - T 0003,STOCKTON - T 0003,097,55097004815,004815,71,1.000000000000,23026171.000000,23026171.000000
SHARON - T 0002,SHARON - T 0002,097,55097004816,004816,87,1.000000000000,76935955.000000,76935955.000000
SHARON - T 0001,SHARON - T 0001,097,55097004817,004817,87,1.000000000000,73713312.000000,73713312.000000
AMHERST - T 0002,AMHERST - T 0002,097,55097004818,004818,71,1.000000000000,50726835.000000,50726835.000000
AMHERST - V 0001,Amherst - V 0001,097,55097004819,004819,71,1.000000000000,1470453.000000,1470453.000000
LANARK - T 0001,LANARK - T 0001,097,55097004820,004820,57,1.000000000000,55521785.000000,55521785.000000
PINE GROVE - T 0001,PINE GROVE - T 0001,097,55097004821,004821,71,1.000000000000,41218170.000000,41218170.000000
GRANT - T 0001,GRANT - T 0001,097,55097004822,004822,71,1.000000000000,26780135.000000,26780135.000000
BUENA VISTA - T 0001,BUENA VISTA - T 0001,097,55097004823,004823,71,1.000000000000,119531848.000000,119531848.000000
GRANT - T 0003,GRANT - T 0003,097,55097004824,004824,71,1.000000000000,45637528.000000,45637528.000000
PLOVER - T 0002,PLOVER - T 0002,097,55097004825,004825,71,1.000000000000,9465201.000000,9465201.000000
HULL - T 0006,HULL - T 0006,097,55097004826,004826,71,1.000000000000,2341681.000000,2341681.000000
HULL - T 0007,HULL - T 0007,097,55097004827,004827,71,1.000000000000,4095226.000000,4095226.000000
HULL - T 0004,HULL - T 0004,097,55097004828,004828,71,1.000000000000,2633587.000000,2633587.000000
HULL - T 0001,HULL - T 0001,097,55097004829,004829,71,1.000000000000,3651443.000000,3651443.000000
HULL - T 0002,HULL - T 0002,097,55097004830,004830,71,1.000000000000,34661729.000000,34661729.000000
HULL - T 0005,HULL - T 0005,097,55097004831,004831,71,1.000000000000,16336924.000000,16336924.000000
HULL - T 0003,HULL - T 0003,097,55097004832,004832,71,1.000000000000,14462578.000000,14462578.000000
STEVENS POINT - C 0035,Stevens Point - C 0035,097,55097004833,004833,71,1.000000000000,1280.000000,1280.000000
CARSON - T 0002,CARSON - T 0002,097,55097004835,004835,86,1.000000000000,43650942.000000,43650942.000000
GRANT - T 0004,GRANT - T 0004,097,55097004836,004836,71,1.000000000000,2292475.000000,2292475.000000
STEVENS POINT - C 0036,Stevens Point - C 0036,097,55097004837,004837,71,1.000000000000,71937.000000,71937.000000
STEVENS POINT - C 0037,Stevens Point - C 0037,097,55097004841,004841,71,1.000000000000,779633.000000,779633.000000
STEVENS POINT - C 0038,Stevens Point - C 0038,097,55097004842,004842,71,1.000000000000,7572.000000,7572.000000
STEVENS POINT - C 0039,Stevens Point - C 0039,097,55097004843,004843,71,1.000000000000,9685.000000,9685.000000
STEVENS POINT - C 0041,Stevens Point - C 0041,097,55097004846,004846,71,1.000000000000,24840.000000,24840.000000
STEVENS POINT - C 0043,Stevens Point - C 0043,097,55097004847,004847,71,1.000000000000,10470.000000,10470.000000
STEVENS POINT - C 0044,Stevens Point - C 0044,097,55097004848,004848,71,1.000000000000,3999.000000,3999.000000
STEVENS POINT - C 0045,Stevens Point - C 0045,097,55097004849,004849,71,1.000000000000,16115.000000,16115.000000
STEVENS POINT - C 0046,Stevens Point - C 0046,097,55097004850,004850,71,1.000000000000,4993.000000,4993.000000
STEVENS POINT - C 0047,Stevens Point - C 0047,097,55097008057,008057,71,1.000000000000,3560.000000,3560.000000
STEVENS POINT - C 0040,Stevens Point - C 0040,097,55097008058,008058,71,1.000000000000,5110.000000,5110.000000
STEVENS POINT - C 0042,Stevens Point - C 0042,097,55097008059,008059,71,1.000000000000,11300.000000,11300.000000
CATAWBA - V 0001,Catawba - V 0001,099,55099004853,004853,68,1.000000000000,11491440.000000,11491440.000000
CATAWBA - T 0001,CATAWBA - T 0001,099,55099004854,004854,68,1.000000000000,130682303.000000,130682303.000000
EISENSTEIN - T 0001,EISENSTEIN - T 0001,099,55099004855,004855,68,1.000000000000,57357038.000000,57357038.000000
EISENSTEIN - T 0002,EISENSTEIN - T 0002,099,55099004856,004856,68,1.000000000000,140571818.000000,140571818.000000
ELK - T 0001,ELK - T 0001,099,55099004857,004857,68,1.000000000000,134287635.000000,134287635.000000
ELK - T 0002,ELK - T 0002,099,55099004858,004858,68,1.000000000000,6425551.000000,6425551.000000
EMERY - T 0001,EMERY - T 0001,099,55099004859,004859,68,1.000000000000,279737419.000000,279737419.000000
FIFIELD - T 0001,FIFIELD - T 0001,099,55099004860,004860,68,1.000000000000,219810104.000000,219810104.000000
FIFIELD - T 0002,FIFIELD - T 0002,099,55099004861,004861,68,1.000000000000,185175513.000000,185175513.000000
FLAMBEAU - T 0001,FLAMBEAU - T 0001,099,55099004862,004862,68,1.000000000000,254280341.000000,254280341.000000
GEORGETOWN - T 0001,GEORGETOWN - T 0001,099,55099004863,004863,68,1.000000000000,139101036.000000,139101036.000000
HACKETT - T 0001,HACKETT - T 0001,099,55099004864,004864,68,1.000000000000,182594059.000000,182594059.000000
HARMONY - T 0001,HARMONY - T 0001,099,55099004865,004865,68,1.000000000000,94110168.000000,94110168.000000
HILL - T 0001,HILL - T 0001,099,55099004866,004866,68,1.000000000000,92462422.000000,92462422.000000
KENNAN - V 0001,Kennan - V 0001,099,55099004867,004867,68,1.000000000000,5137714.000000,5137714.000000
KENNAN - T 0001,KENNAN - T 0001,099,55099004868,004868,68,1.000000000000,181252617.000000,181252617.000000
KNOX - T 0001,KNOX - T 0001,099,55099004869,004869,68,1.000000000000,124382009.000000,124382009.000000
LAKE - T 0001,LAKE - T 0001,099,55099004870,004870,68,1.000000000000,121883404.000000,121883404.000000
LAKE - T 0002,LAKE - T 0002,099,55099004871,004871,68,1.000000000000,116606914.000000,116606914.000000
OGEMA - T 0001,OGEMA - T 0001,099,55099004872,004872,68,1.000000000000,210087112.000000,210087112.000000
PARK FALLS - C 0001,Park Falls - C 0001,099,55099004873,004873,68,1.000000000000,2352653.000000,2352653.000000
PARK FALLS - C 0002,Park Falls - C 0002,099,55099004874,004874,68,1.000000000000,319323.000000,319323.000000
PARK FALLS - C 0003,Park Falls - C 0003,099,55099004875,004875,68,1.000000000000,1416286.000000,1416286.000000
PARK FALLS - C 0004,Park Falls - C 0004,099,55099004876,004876,68,1.000000000000,88190.000000,88190.000000
PARK FALLS - C 0005,Park Falls - C 0005,099,55099004877,004877,68,1.000000000000,2722840.000000,2722840.000000
PARK FALLS - C 0006,Park Falls - C 0006,099,55099004878,004878,68,1.000000000000,2743916.000000,2743916.000000
PARK FALLS - C 0007,Park Falls - C 0007,099,55099004879,004879,68,1.000000000000,394904.000000,394904.000000
PHILLIPS - C 0001,Phillips - C 0001,099,55099004880,004880,68,1.000000000000,6111217.000000,6111217.000000
PHILLIPS - C 0002,Phillips - C 0002,099,55099004881,004881,68,1.000000000000,129911.000000,129911.000000
PHILLIPS - C 0003,Phillips - C 0003,099,55099004882,004882,68,1.000000000000,1577863.000000,1577863.000000
PHILLIPS - C 0004,Phillips - C 0004,099,55099004883,004883,68,1.000000000000,823666.000000,823666.000000
PRENTICE - V 0001,Prentice - V 0001,099,55099004884,004884,68,1.000000000000,5293454.000000,5293454.000000
PRENTICE - T 0001,PRENTICE - T 0001,099,55099004885,004885,68,1.000000000000,179437093.000000,179437093.000000
SPIRIT - T 0001,SPIRIT - T 0001,099,55099004886,004886,68,1.000000000000,107689216.000000,107689216.000000
WORCESTER - T 0001,WORCESTER - T 0001,099,55099004887,004887,68,1.000000000000,61852943.000000,61852943.000000
WORCESTER - T 0002,WORCESTER - T 0002,099,55099004888,004888,68,1.000000000000,64099242.000000,64099242.000000
WORCESTER - T 0003,WORCESTER - T 0003,099,55099004889,004889,68,1.000000000000,185597500.000000,185597500.000000
BURLINGTON - C 0003,Burlington - C 0003,101,55101004890,004890,33,1.000000000000,806522.000000,806522.000000
BURLINGTON - T 0009,BURLINGTON - T 0009,101,55101004891,004891,33,1.000000000000,1475346.000000,1475346.000000
BURLINGTON - T 0010,BURLINGTON - T 0010,101,55101004892,004892,33,1.000000000000,2137357.000000,2137357.000000
CALEDONIA - V 0002,Caledonia - V 0002,101,55101004893,004893,63,1.000000000000,22279137.000000,22279137.000000
CALEDONIA - V 003B,Caledonia - V 003B,101,55101004894,004894,62,1.000000000000,1565.000000,1565.000000
CALEDONIA - V 0007,Caledonia - V 0007,101,55101004895,004895,63,1.000000000000,4226690.000000,4226690.000000
CALEDONIA - V 0008,Caledonia - V 0008,101,55101004896,004896,62,1.000000000000,2255917.000000,2255917.000000
CALEDONIA - V 0009,Caledonia - V 0009,101,55101004897,004897,63,1.000000000000,1199052.000000,1199052.000000
CALEDONIA - V 0010,Caledonia - V 0010,101,55101004898,004898,63,1.000000000000,1675636.000000,1675636.000000
CALEDONIA - V 0011,Caledonia - V 0011,101,55101004899,004899,63,1.000000000000,3529113.000000,3529113.000000
CALEDONIA - V 0012,Caledonia - V 0012,101,55101004900,004900,63,1.000000000000,1246742.000000,1246742.000000
CALEDONIA - V 0013,Caledonia - V 0013,101,55101004901,004901,63,1.000000000000,2567642.000000,2567642.000000
CALEDONIA - V 0014,Caledonia - V 0014,101,55101004902,004902,63,1.000000000000,2572301.000000,2572301.000000
CALEDONIA - V 0015,Caledonia - V 0015,101,55101004903,004903,63,1.000000000000,1445946.000000,1445946.000000
CALEDONIA - V 0016,Caledonia - V 0016,101,55101004904,004904,63,1.000000000000,922785.000000,922785.000000
CALEDONIA - V 0017,Caledonia - V 0017,101,55101004905,004905,63,1.000000000000,2558743.000000,2558743.000000
CALEDONIA - V 0020,Caledonia - V 0020,101,55101004906,004906,62,1.000000000000,1393944.000000,1393944.000000
DOVER - T 0002,DOVER - T 0002,101,55101004907,004907,33,1.000000000000,1800612.000000,1800612.000000
ELMWOOD PARK - V 0001,Elmwood Park - V 0001,101,55101004908,004908,66,1.000000000000,395326.000000,395326.000000
MOUNT PLEASANT - V 0002,Mount Pleasant - V 0002,101,55101004909,004909,66,1.000000000000,1169640.000000,1169640.000000
MOUNT PLEASANT - V 0003,Mount Pleasant - V 0003,101,55101004910,004910,66,1.000000000000,1844886.000000,1844886.000000
MOUNT PLEASANT - V 0004,Mount Pleasant - V 0004,101,55101004911,004911,62,1.000000000000,862563.000000,862563.000000
MOUNT PLEASANT - V 0005,Mount Pleasant - V 0005,101,55101004912,004912,62,1.000000000000,3380696.000000,3380696.000000
MOUNT PLEASANT - V 0006,Mount Pleasant - V 0006,101,55101004913,004913,62,1.000000000000,1603680.000000,1603680.000000
MOUNT PLEASANT - V 0007,Mount Pleasant - V 0007,101,55101004914,004914,66,1.000000000000,411627.000000,411627.000000
MOUNT PLEASANT - V 0008,Mount Pleasant - V 0008,101,55101004915,004915,66,1.000000000000,1198335.000000,1198335.000000
MOUNT PLEASANT - V 0010,Mount Pleasant - V 0010,101,55101004916,004916,66,1.000000000000,1375751.000000,1375751.000000
MOUNT PLEASANT - V 0012,Mount Pleasant - V 0012,101,55101004917,004917,66,1.000000000000,2294853.000000,2294853.000000
MOUNT PLEASANT - V 0017,Mount Pleasant - V 0017,101,55101004918,004918,66,1.000000000000,1259363.000000,1259363.000000
MOUNT PLEASANT - V 0018,Mount Pleasant - V 0018,101,55101004919,004919,66,1.000000000000,657923.000000,657923.000000
MOUNT PLEASANT - V 0019,Mount Pleasant - V 0019,101,55101004920,004920,66,1.000000000000,2302615.000000,2302615.000000
MOUNT PLEASANT - V 0020,Mount Pleasant - V 0020,101,55101004921,004921,66,1.000000000000,1592996.000000,1592996.000000
MOUNT PLEASANT - V 0021,Mount Pleasant - V 0021,101,55101004922,004922,66,1.000000000000,6881499.000000,6881499.000000
MOUNT PLEASANT - V 0022,Mount Pleasant - V 0022,101,55101004923,004923,66,1.000000000000,1341641.000000,1341641.000000
MOUNT PLEASANT - V 0023,Mount Pleasant - V 0023,101,55101004924,004924,66,1.000000000000,2339544.000000,2339544.000000
NORTH BAY - V 0001,North Bay - V 0001,101,55101004925,004925,62,1.000000000000,1179335.000000,1179335.000000
NORWAY - T 0004,NORWAY - T 0004,101,55101004926,004926,84,1.000000000000,1014313.000000,1014313.000000
NORWAY - T 0005,NORWAY - T 0005,101,55101004927,004927,84,1.000000000000,2569216.000000,2569216.000000
NORWAY - T 0006,NORWAY - T 0006,101,55101004928,004928,84,1.000000000000,5277616.000000,5277616.000000
RACINE - C 0001,Racine - C 0001,101,55101004929,004929,62,1.000000000000,1153344875.000000,1153344875.000000
RACINE - C 0002,Racine - C 0002,101,55101004930,004930,62,1.000000000000,612217.000000,612217.000000
RACINE - C 0003,Racine - C 0003,101,55101004931,004931,62,0.512947761277,1609845.000000,3138419.000000
RACINE - C 0003,Racine - C 0003,101,55101004931,004931,66,0.487052238723,1528574.000000,3138419.000000
RACINE - C 0004,Racine - C 0004,101,55101004932,004932,66,1.000000000000,852886.000000,852886.000000
RACINE - C 0005,Racine - C 0005,101,55101004933,004933,62,1.000000000000,961516.000000,961516.000000
RACINE - C 0006,Racine - C 0006,101,55101004934,004934,66,1.000000000000,1179156.000000,1179156.000000
RACINE - C 0007,Racine - C 0007,101,55101004935,004935,62,1.000000000000,752017.000000,752017.000000
RACINE - C 0008,Racine - C 0008,101,55101004936,004936,62,1.000000000000,1055118.000000,1055118.000000
RACINE - C 0009,Racine - C 0009,101,55101004937,004937,62,1.000000000000,1154802.000000,1154802.000000
RACINE - C 0010,Racine - C 0010,101,55101004938,004938,62,1.000000000000,2472049.000000,2472049.000000
RACINE - C 0011,Racine - C 0011,101,55101004939,004939,62,1.000000000000,709977.000000,709977.000000
RACINE - C 0012,Racine - C 0012,101,55101004940,004940,62,1.000000000000,454195.000000,454195.000000
RACINE - C 0014,Racine - C 0014,101,55101004941,004941,62,1.000000000000,1219862.000000,1219862.000000
RACINE - C 0015,Racine - C 0015,101,55101004942,004942,62,1.000000000000,971519.000000,971519.000000
RACINE - C 0016,Racine - C 0016,101,55101004943,004943,62,1.000000000000,1326277.000000,1326277.000000
RACINE - C 0017,Racine - C 0017,101,55101004944,004944,62,1.000000000000,868914.000000,868914.000000
RACINE - C 0018,Racine - C 0018,101,55101004945,004945,62,1.000000000000,424449.000000,424449.000000
RACINE - C 0019,Racine - C 0019,101,55101004946,004946,62,1.000000000000,722748.000000,722748.000000
RACINE - C 0020,Racine - C 0020,101,55101004947,004947,62,1.000000000000,1086238.000000,1086238.000000
RACINE - C 0021,Racine - C 0021,101,55101004948,004948,62,1.000000000000,603429.000000,603429.000000
RACINE - C 0022,Racine - C 0022,101,55101004949,004949,66,1.000000000000,1185326.000000,1185326.000000
RACINE - C 0023,Racine - C 0023,101,55101004950,004950,66,1.000000000000,1493173.000000,1493173.000000
RACINE - C 0024,Racine - C 0024,101,55101004951,004951,66,1.000000000000,1248804.000000,1248804.000000
RACINE - C 0025,Racine - C 0025,101,55101004952,004952,66,1.000000000000,887677.000000,887677.000000
RACINE - C 0026,Racine - C 0026,101,55101004953,004953,66,1.000000000000,290450.000000,290450.000000
RACINE - C 0027,Racine - C 0027,101,55101004954,004954,62,1.000000000000,1066263.000000,1066263.000000
RACINE - C 0028,Racine - C 0028,101,55101004955,004955,62,1.000000000000,1859712.000000,1859712.000000
RACINE - C 0029,Racine - C 0029,101,55101004956,004956,66,1.000000000000,1044991.000000,1044991.000000
RACINE - C 0030,Racine - C 0030,101,55101004957,004957,66,1.000000000000,634330.000000,634330.000000
RACINE - C 0031,Racine - C 0031,101,55101004958,004958,66,1.000000000000,526736.000000,526736.000000
RACINE - C 0032,Racine - C 0032,101,55101004959,004959,66,1.000000000000,2227259.000000,2227259.000000
RACINE - C 0033,Racine - C 0033,101,55101004960,004960,66,1.000000000000,2550425.000000,2550425.000000
RACINE - C 0034,Racine - C 0034,101,55101004961,004961,62,1.000000000000,1622926.000000,1622926.000000
RACINE - C 0035,Racine - C 0035,101,55101004962,004962,62,1.000000000000,932222.000000,932222.000000
RACINE - C 0036,Racine - C 0036,101,55101004963,004963,62,1.000000000000,500877.000000,500877.000000
RAYMOND - T 0001,RAYMOND - T 0001,101,55101004964,004964,63,1.000000000000,19834393.000000,19834393.000000
STURTEVANT - V 0002,Sturtevant - V 0002,101,55101004965,004965,66,1.000000000000,424042.000000,424042.000000
UNION GROVE - V 0001,Union Grove - V 0001,101,55101004966,004966,33,1.000000000000,400815.000000,400815.000000
WIND POINT - V 0001,Wind Point - V 0001,101,55101004967,004967,62,1.000000000000,2680027.000000,2680027.000000
WIND POINT - V 0002,Wind Point - V 0002,101,55101004968,004968,62,1.000000000000,2640789.000000,2640789.000000
WIND POINT - V 0003,Wind Point - V 0003,101,55101004969,004969,62,1.000000000000,794455.000000,794455.000000
YORKVILLE - V 0003,Yorkville - V 0003,101,55101004970,004970,33,1.000000000000,13178790.000000,13178790.000000
RAYMOND - T 0002,RAYMOND - T 0002,101,55101004971,004971,63,1.000000000000,12649500.000000,12649500.000000
RAYMOND - T 0005,RAYMOND - T 0005,101,55101004972,004972,63,1.000000000000,12749581.000000,12749581.000000
DOVER - T 0003,DOVER - T 0003,101,55101004973,004973,33,1.000000000000,5991684.000000,5991684.000000
WATERFORD - T 0004,WATERFORD - T 0004,101,55101004974,004974,84,1.000000000000,1101471.000000,1101471.000000
WATERFORD - T 0005,WATERFORD - T 0005,101,55101004975,004975,84,1.000000000000,18946451.000000,18946451.000000
DOVER - T 0001,DOVER - T 0001,101,55101004976,004976,33,1.000000000000,13524676.000000,13524676.000000
ROCHESTER - V 0002,Rochester - V 0002,101,55101004977,004977,33,1.000000000000,996172.000000,996172.000000
BURLINGTON - C 0008,Burlington - C 0008,101,55101004978,004978,33,1.000000000000,1580251.000000,1580251.000000
BURLINGTON - T 0003,BURLINGTON - T 0003,101,55101004979,004979,33,1.000000000000,3261445.000000,3261445.000000
UNION GROVE - V 0005,Union Grove - V 0005,101,55101004980,004980,33,1.000000000000,1141794.000000,1141794.000000
NORWAY - T 0002,NORWAY - T 0002,101,55101004981,004981,84,1.000000000000,3277136.000000,3277136.000000
UNION GROVE - V 0002,Union Grove - V 0002,101,55101004982,004982,33,1.000000000000,753074.000000,753074.000000
UNION GROVE - V 0003,Union Grove - V 0003,101,55101004983,004983,33,1.000000000000,819308.000000,819308.000000
ROCHESTER - V 0003,Rochester - V 0003,101,55101004984,004984,33,1.000000000000,7232765.000000,7232765.000000
BURLINGTON - T 0004,BURLINGTON - T 0004,101,55101004985,004985,33,1.000000000000,488714.000000,488714.000000
WATERFORD - T 0003,WATERFORD - T 0003,101,55101004986,004986,84,1.000000000000,1843664.000000,1843664.000000
WATERFORD - V 0002,Waterford - V 0002,101,55101004987,004987,84,1.000000000000,1281284.000000,1281284.000000
WATERFORD - V 0007,Waterford - V 0007,101,55101004988,004988,84,1.000000000000,1475197.000000,1475197.000000
WATERFORD - V 0006,Waterford - V 0006,101,55101004989,004989,84,1.000000000000,1155006.000000,1155006.000000
ROCHESTER - V 0005,Rochester - V 0005,101,55101004990,004990,33,1.000000000000,11365324.000000,11365324.000000
BURLINGTON - T 0007,BURLINGTON - T 0007,101,55101004991,004991,33,1.000000000000,10369614.000000,10369614.000000
BURLINGTON - T 0006,BURLINGTON - T 0006,101,55101004992,004992,33,1.000000000000,5902776.000000,5902776.000000
BURLINGTON - T 0002,BURLINGTON - T 0002,101,55101004993,004993,33,1.000000000000,16156596.000000,16156596.000000
BURLINGTON - T 0005,BURLINGTON - T 0005,101,55101004994,004994,33,1.000000000000,5730687.000000,5730687.000000
BURLINGTON - T 0011,BURLINGTON - T 0011,101,55101004995,004995,33,1.000000000000,18499915.000000,18499915.000000
BURLINGTON - C 0007,Burlington - C 0007,101,55101004996,004996,33,1.000000000000,1789131.000000,1789131.000000
BURLINGTON - C 0001,Burlington - C 0001,101,55101004997,004997,33,1.000000000000,801973.000000,801973.000000
YORKVILLE - V 0002,Yorkville - V 0002,101,55101004998,004998,33,1.000000000000,25852102.000000,25852102.000000
BURLINGTON - C 0006,Burlington - C 0006,101,55101004999,004999,33,1.000000000000,796283.000000,796283.000000
BURLINGTON - C 0005,Burlington - C 0005,101,55101005000,005000,33,1.000000000000,1319519.000000,1319519.000000
YORKVILLE - V 0004,Yorkville - V 0004,101,55101005001,005001,33,1.000000000000,13011816.000000,13011816.000000
STURTEVANT - V 0001,Sturtevant - V 0001,101,55101005002,005002,66,1.000000000000,3298329.000000,3298329.000000
STURTEVANT - V 0003,Sturtevant - V 0003,101,55101005003,005003,66,1.000000000000,268138.000000,268138.000000
MOUNT PLEASANT - V 0011,Mount Pleasant - V 0011,101,55101005004,005004,66,1.000000000000,1847451.000000,1847451.000000
MOUNT PLEASANT - V 0001,Mount Pleasant - V 0001,101,55101005005,005005,66,1.000000000000,6532551.000000,6532551.000000
STURTEVANT - V 0004,Sturtevant - V 0004,101,55101005006,005006,66,1.000000000000,1414553.000000,1414553.000000
UNION GROVE - V 0002,Union Grove - V 0002,101,55101005007,005007,33,1.000000000000,192016.000000,192016.000000
UNION GROVE - V 0006,Union Grove - V 0006,101,55101005008,005008,33,1.000000000000,1282967.000000,1282967.000000
ROCHESTER - V 0004,Rochester - V 0004,101,55101005009,005009,33,1.000000000000,5871381.000000,5871381.000000
UNION GROVE - V 0007,Union Grove - V 0007,101,55101005010,005010,33,1.000000000000,1636786.000000,1636786.000000
WATERFORD - V 0001,Waterford - V 0001,101,55101005011,005011,84,1.000000000000,622156.000000,622156.000000
UNION GROVE - V 0004,Union Grove - V 0004,101,55101005012,005012,33,1.000000000000,494317.000000,494317.000000
BURLINGTON - T 0008,BURLINGTON - T 0008,101,55101005013,005013,33,1.000000000000,4563536.000000,4563536.000000
ROCHESTER - V 0006,Rochester - V 0006,101,55101005014,005014,33,1.000000000000,14021587.000000,14021587.000000
RAYMOND - T 0006,RAYMOND - T 0006,101,55101005015,005015,63,1.000000000000,17532044.000000,17532044.000000
BURLINGTON - T 0001,BURLINGTON - T 0001,101,55101005016,005016,33,1.000000000000,20078650.000000,20078650.000000
BURLINGTON - C 0002,Burlington - C 0002,101,55101005017,005017,33,1.000000000000,5089854.000000,5089854.000000
NORWAY - T 0001,NORWAY - T 0001,101,55101005018,005018,84,1.000000000000,13009942.000000,13009942.000000
ROCHESTER - V 0001,Rochester - V 0001,101,55101005019,005019,33,1.000000000000,6225824.000000,6225824.000000
NORWAY - T 0009,NORWAY - T 0009,101,55101005020,005020,84,1.000000000000,16901874.000000,16901874.000000
BURLINGTON - C 0004,Burlington - C 0004,101,55101005021,005021,33,1.000000000000,7774862.000000,7774862.000000
DOVER - T 0004,DOVER - T 0004,101,55101005022,005022,33,1.000000000000,23664969.000000,23664969.000000
DOVER - T 0005,DOVER - T 0005,101,55101005023,005023,33,1.000000000000,17347942.000000,17347942.000000
DOVER - T 0007,DOVER - T 0007,101,55101005024,005024,33,1.000000000000,7681559.000000,7681559.000000
STURTEVANT - V 0005,Sturtevant - V 0005,101,55101005025,005025,66,1.000000000000,466906.000000,466906.000000
DOVER - T 0008,DOVER - T 0008,101,55101005026,005026,33,1.000000000000,18446321.000000,18446321.000000
DOVER - T 0006,DOVER - T 0006,101,55101005027,005027,33,1.000000000000,5130781.000000,5130781.000000
YORKVILLE - V 0005,Yorkville - V 0005,101,55101005028,005028,33,1.000000000000,18782103.000000,18782103.000000
WATERFORD - T 0002,WATERFORD - T 0002,101,55101005029,005029,84,1.000000000000,1371191.000000,1371191.000000
WATERFORD - T 0010,WATERFORD - T 0010,101,55101005030,005030,84,1.000000000000,6212402.000000,6212402.000000
NORWAY - T 0011,NORWAY - T 0011,101,55101005031,005031,84,1.000000000000,1573373.000000,1573373.000000
WATERFORD - V 0003,Waterford - V 0003,101,55101005032,005032,84,1.000000000000,499887.000000,499887.000000
WATERFORD - V 0004,Waterford - V 0004,101,55101005033,005033,84,1.000000000000,615885.000000,615885.000000
NORWAY - T 0010,NORWAY - T 0010,101,55101005034,005034,84,1.000000000000,27828466.000000,27828466.000000
WATERFORD - T 0001,WATERFORD - T 0001,101,55101005035,005035,84,1.000000000000,8864040.000000,8864040.000000
NORWAY - T 0003,NORWAY - T 0003,101,55101005036,005036,84,1.000000000000,2093024.000000,2093024.000000
WATERFORD - V 0005,Waterford - V 0005,101,55101005037,005037,84,1.000000000000,960200.000000,960200.000000
WATERFORD - T 0006,WATERFORD - T 0006,101,55101005038,005038,84,1.000000000000,9695013.000000,9695013.000000
STURTEVANT - V 0008,Sturtevant - V 0008,101,55101005039,005039,66,1.000000000000,886115.000000,886115.000000
WATERFORD - T 0007,WATERFORD - T 0007,101,55101005040,005040,84,1.000000000000,22764857.000000,22764857.000000
STURTEVANT - V 0006,Sturtevant - V 0006,101,55101005041,005041,66,1.000000000000,3499447.000000,3499447.000000
STURTEVANT - V 0007,Sturtevant - V 0007,101,55101005042,005042,66,1.000000000000,375698.000000,375698.000000
WATERFORD - T 0008,WATERFORD - T 0008,101,55101005043,005043,84,1.000000000000,14573339.000000,14573339.000000
WATERFORD - T 0009,WATERFORD - T 0009,101,55101005044,005044,84,1.000000000000,1855886.000000,1855886.000000
NORWAY - T 0007,NORWAY - T 0007,101,55101005045,005045,84,1.000000000000,3338094.000000,3338094.000000
NORWAY - T 0008,NORWAY - T 0008,101,55101005046,005046,84,1.000000000000,15523101.000000,15523101.000000
MOUNT PLEASANT - V 0014,Mount Pleasant - V 0014,101,55101005047,005047,66,1.000000000000,3631521.000000,3631521.000000
YORKVILLE - V 0001,Yorkville - V 0001,101,55101005048,005048,33,1.000000000000,16224068.000000,16224068.000000
CALEDONIA - V 0005,Caledonia - V 0005,101,55101005049,005049,63,1.000000000000,11238402.000000,11238402.000000
MOUNT PLEASANT - V 0009,Mount Pleasant - V 0009,101,55101005050,005050,66,1.000000000000,2986344.000000,2986344.000000
MOUNT PLEASANT - V 0016,Mount Pleasant - V 0016,101,55101005051,005051,66,1.000000000000,30160593.000000,30160593.000000
MOUNT PLEASANT - V 0015,Mount Pleasant - V 0015,101,55101005052,005052,66,1.000000000000,6208656.000000,6208656.000000
MOUNT PLEASANT - V 0013,Mount Pleasant - V 0013,101,55101005053,005053,66,1.000000000000,10028551.000000,10028551.000000
CALEDONIA - V 0006,Caledonia - V 0006,101,55101005054,005054,62,1.000000000000,1361272.000000,1361272.000000
CALEDONIA - V 0004,Caledonia - V 0004,101,55101005055,005055,63,1.000000000000,12059641.000000,12059641.000000
RACINE - C 0013,Racine - C 0013,101,55101005056,005056,62,1.000000000000,5425982.000000,5425982.000000
CALEDONIA - V 0003,Caledonia - V 0003,101,55101005057,005057,62,1.000000000000,9485696.000000,9485696.000000
CALEDONIA - V 0018,Caledonia - V 0018,101,55101005058,005058,63,1.000000000000,8571840.000000,8571840.000000
CALEDONIA - V 0019,Caledonia - V 0019,101,55101005059,005059,63,1.000000000000,13281974.000000,13281974.000000
RAYMOND - T 0004,RAYMOND - T 0004,101,55101005060,005060,63,1.000000000000,18620170.000000,18620170.000000
RAYMOND - T 0003,RAYMOND - T 0003,101,55101005061,005061,63,1.000000000000,11321304.000000,11321304.000000
CALEDONIA - V 0001,Caledonia - V 0001,101,55101005064,005064,63,1.000000000000,19476678.000000,19476678.000000
RICHLAND CENTER - C 0013,Richland Center - C 0013,103,55103003013,003013,41,1.000000000000,9315.000000,9315.000000
RICHLAND CENTER - C 0014,Richland Center - C 0014,103,55103003014,003014,41,1.000000000000,12705.000000,12705.000000
ITHACA - T 0001,ITHACA - T 0001,103,55103005067,005067,41,1.000000000000,93322545.000000,93322545.000000
DAYTON - T 0001,DAYTON - T 0001,103,55103005068,005068,41,1.000000000000,90947619.000000,90947619.000000
EAGLE - T 0001,EAGLE - T 0001,103,55103005069,005069,41,1.000000000000,92353711.000000,92353711.000000
ORION - T 0001,ORION - T 0001,103,55103005070,005070,41,1.000000000000,93799087.000000,93799087.000000
YUBA - V 0001,Yuba - V 0001,103,55103005071,005071,41,1.000000000000,786130.000000,786130.000000
RICHLAND - T 0003,RICHLAND - T 0003,103,55103005072,005072,41,1.000000000000,33164775.000000,33164775.000000
BUENA VISTA - T 0002,BUENA VISTA - T 0002,103,55103005073,005073,41,1.000000000000,49213128.000000,49213128.000000
BUENA VISTA - T 0001,BUENA VISTA - T 0001,103,55103005074,005074,41,1.000000000000,57930389.000000,57930389.000000
RICHLAND - T 0001,RICHLAND - T 0001,103,55103005075,005075,41,1.000000000000,25294696.000000,25294696.000000
RICHLAND - T 0004,RICHLAND - T 0004,103,55103005076,005076,41,1.000000000000,5636982.000000,5636982.000000
HENRIETTA - T 0001,HENRIETTA - T 0001,103,55103005077,005077,41,1.000000000000,93056274.000000,93056274.000000
ROCKBRIDGE - T 0003,ROCKBRIDGE - T 0003,103,55103005078,005078,41,1.000000000000,24145476.000000,24145476.000000
MARSHALL - T 0002,MARSHALL - T 0002,103,55103005079,005079,41,1.000000000000,7443410.000000,7443410.000000
WILLOW - T 0001,WILLOW - T 0001,103,55103005080,005080,41,1.000000000000,92892259.000000,92892259.000000
WESTFORD - T 0001,WESTFORD - T 0001,103,55103005081,005081,41,1.000000000000,90490740.000000,90490740.000000
FOREST - T 0001,FOREST - T 0001,103,55103005082,005082,41,1.000000000000,91996414.000000,91996414.000000
AKAN - T 0001,AKAN - T 0001,103,55103005083,005083,41,1.000000000000,93561129.000000,93561129.000000
BOAZ - V 0001,Boaz - V 0001,103,55103005084,005084,41,1.000000000000,932565.000000,932565.000000
SYLVAN - T 0002,SYLVAN - T 0002,103,55103005085,005085,41,1.000000000000,29747819.000000,29747819.000000
BLOOM - T 0001,BLOOM - T 0001,103,55103005086,005086,41,1.000000000000,93504122.000000,93504122.000000
BUENA VISTA - T 0003,BUENA VISTA - T 0003,103,55103005087,005087,41,1.000000000000,1922718.000000,1922718.000000
RICHWOOD - T 0002,RICHWOOD - T 0002,103,55103005088,005088,41,1.000000000000,57498253.000000,57498253.000000
ROCKBRIDGE - T 0001,ROCKBRIDGE - T 0001,103,55103005089,005089,41,1.000000000000,47073569.000000,47073569.000000
VIOLA - V 0002,Viola - V 0002,103,55103005090,005090,41,1.000000000000,985047.000000,985047.000000
RICHWOOD - T 0001,RICHWOOD - T 0001,103,55103005091,005091,41,1.000000000000,52213820.000000,52213820.000000
SYLVAN - T 0001,SYLVAN - T 0001,103,55103005092,005092,41,1.000000000000,63692552.000000,63692552.000000
CAZENOVIA - V 0001,Cazenovia - V 0001,103,55103005093,005093,41,1.000000000000,2508605.000000,2508605.000000
RICHLAND - T 0002,RICHLAND - T 0002,103,55103005094,005094,41,1.000000000000,16755598.000000,16755598.000000
ROCKBRIDGE - T 0002,ROCKBRIDGE - T 0002,103,55103005095,005095,41,1.000000000000,22439136.000000,22439136.000000
MARSHALL - T 0001,MARSHALL - T 0001,103,55103005096,005096,41,1.000000000000,85861594.000000,85861594.000000
BUENA VISTA - T 0004,BUENA VISTA - T 0004,103,55103005097,005097,41,1.000000000000,160243.000000,160243.000000
LONE ROCK - V 0001,Lone Rock - V 0001,103,55103005098,005098,41,1.000000000000,2572938.000000,2572938.000000
RICHLAND CENTER - C 0008,Richland Center - C 0008,103,55103005099,005099,41,1.000000000000,2094227.000000,2094227.000000
RICHLAND CENTER - C 0009,Richland Center - C 0009,103,55103005100,005100,41,1.000000000000,655164.000000,655164.000000
RICHLAND CENTER - C 0006,Richland Center - C 0006,103,55103005101,005101,41,1.000000000000,1598579.000000,1598579.000000
RICHLAND CENTER - C 0010,Richland Center - C 0010,103,55103005102,005102,41,1.000000000000,1873910.000000,1873910.000000
RICHLAND CENTER - C 0007,Richland Center - C 0007,103,55103005103,005103,41,1.000000000000,207503.000000,207503.000000
RICHLAND CENTER - C 0011,Richland Center - C 0011,103,55103005104,005104,41,1.000000000000,564397.000000,564397.000000
RICHLAND CENTER - C 0005,Richland Center - C 0005,103,55103005105,005105,41,1.000000000000,226078.000000,226078.000000
RICHLAND CENTER - C 0004,Richland Center - C 0004,103,55103005106,005106,41,1.000000000000,220925.000000,220925.000000
RICHLAND CENTER - C 0012,Richland Center - C 0012,103,55103005107,005107,41,1.000000000000,884640.000000,884640.000000
RICHLAND CENTER - C 0002,Richland Center - C 0002,103,55103005108,005108,41,1.000000000000,429238.000000,429238.000000
RICHLAND CENTER - C 0003,Richland Center - C 0003,103,55103005109,005109,41,1.000000000000,357879.000000,357879.000000
RICHLAND CENTER - C 0001,Richland Center - C 0001,103,55103005110,005110,41,1.000000000000,3235796.000000,3235796.000000
BELOIT - C 0010,Beloit - C 0010,105,55105005111,005111,45,1.000000000000,675610.000000,675610.000000
BELOIT - C 0011,Beloit - C 0011,105,55105005112,005112,45,1.000000000000,1209425.000000,1209425.000000
BELOIT - C 0014,Beloit - C 0014,105,55105005113,005113,45,1.000000000000,764945.000000,764945.000000
BELOIT - C 0008,Beloit - C 0008,105,55105005114,005114,45,1.000000000000,205181.000000,205181.000000
BELOIT - C 0009,Beloit - C 0009,105,55105005115,005115,45,1.000000000000,532288.000000,532288.000000
BELOIT - T 0011,BELOIT - T 0011,105,55105005116,005116,45,1.000000000000,1462690.000000,1462690.000000
BELOIT - T 0008,BELOIT - T 0008,105,55105005117,005117,45,1.000000000000,593248.000000,593248.000000
BELOIT - T 0009,BELOIT - T 0009,105,55105005118,005118,45,1.000000000000,1025799.000000,1025799.000000
EDGERTON - C 0002,Edgerton - C 0002,105,55105005119,005119,43,1.000000000000,665554.000000,665554.000000
FULTON - T 0005,FULTON - T 0005,105,55105005120,005120,43,1.000000000000,1848160.000000,1848160.000000
JANESVILLE - C 0017,Janesville - C 0017,105,55105005121,005121,44,1.000000000000,1825897.000000,1825897.000000
JANESVILLE - C 0018,Janesville - C 0018,105,55105005122,005122,44,1.000000000000,2356553.000000,2356553.000000
JANESVILLE - C 0024,Janesville - C 0024,105,55105005123,005123,43,1.000000000000,1191318.000000,1191318.000000
JANESVILLE - C 0027,Janesville - C 0027,105,55105005124,005124,43,0.989566160306,3002413.000000,3034070.000000
JANESVILLE - C 0027,Janesville - C 0027,105,55105005124,005124,44,0.010433839694,31657.000000,3034070.000000
JANESVILLE - C 0007,Janesville - C 0007,105,55105005125,005125,44,1.000000000000,2597768.000000,2597768.000000
JANESVILLE - C 0008,Janesville - C 0008,105,55105005126,005126,44,1.000000000000,1666755.000000,1666755.000000
MILTON - C 0004,Milton - C 0004,105,55105005127,005127,43,1.000000000000,620093.000000,620093.000000
MILTON - C 0005,Milton - C 0005,105,55105005128,005128,43,1.000000000000,440339.000000,440339.000000
AVON - T 0001,AVON - T 0001,105,55105005129,005129,45,1.000000000000,93494333.000000,93494333.000000
SPRING VALLEY - T 0001,SPRING VALLEY - T 0001,105,55105005130,005130,45,1.000000000000,90274562.000000,90274562.000000
JANESVILLE - C 0019,Janesville - C 0019,105,55105005131,005131,44,1.000000000000,2473874.000000,2473874.000000
LIMA - T 0001,LIMA - T 0001,105,55105005132,005132,43,1.000000000000,57974780.000000,57974780.000000
EVANSVILLE - C 0002,Evansville - C 0002,105,55105005133,005133,45,1.000000000000,520797.000000,520797.000000
PORTER - T 0001,PORTER - T 0001,105,55105005134,005134,44,1.000000000000,94313236.000000,94313236.000000
MAGNOLIA - T 0001,MAGNOLIA - T 0001,105,55105005135,005135,45,1.000000000000,93226436.000000,93226436.000000
BELOIT - C 0016,Beloit - C 0016,105,55105005136,005136,45,1.000000000000,1052514.000000,1052514.000000
BELOIT - C 0018,Beloit - C 0018,105,55105005137,005137,45,1.000000000000,782484.000000,782484.000000
BELOIT - C 0002,Beloit - C 0002,105,55105005138,005138,45,1.000000000000,1089578.000000,1089578.000000
BELOIT - C 0025,Beloit - C 0025,105,55105005139,005139,45,1.000000000000,45936.000000,45936.000000
BELOIT - C 0003,Beloit - C 0003,105,55105005140,005140,45,1.000000000000,2394371.000000,2394371.000000
BELOIT - C 0004,Beloit - C 0004,105,55105005141,005141,45,1.000000000000,1099387.000000,1099387.000000
BELOIT - C 0007,Beloit - C 0007,105,55105005142,005142,45,1.000000000000,972099.000000,972099.000000
BELOIT - T 0002,BELOIT - T 0002,105,55105005143,005143,45,1.000000000000,26927573.000000,26927573.000000
BELOIT - T 0006,BELOIT - T 0006,105,55105005144,005144,45,1.000000000000,682672.000000,682672.000000
BELOIT - T 0007,BELOIT - T 0007,105,55105005145,005145,45,1.000000000000,1385496.000000,1385496.000000
BRADFORD - T 0001,BRADFORD - T 0001,105,55105005146,005146,31,1.000000000000,49594696.000000,49594696.000000
BRADFORD - T 0002,BRADFORD - T 0002,105,55105005147,005147,31,1.000000000000,44186966.000000,44186966.000000
CLINTON - V 0001,Clinton - V 0001,105,55105005148,005148,31,1.000000000000,1905535.000000,1905535.000000
CLINTON - V 0002,Clinton - V 0002,105,55105005149,005149,31,1.000000000000,950232.000000,950232.000000
EDGERTON - C 0003,Edgerton - C 0003,105,55105005150,005150,43,1.000000000000,2345644.000000,2345644.000000
EDGERTON - C 0004,Edgerton - C 0004,105,55105005151,005151,43,1.000000000000,1701379.000000,1701379.000000
EDGERTON - C 0005,Edgerton - C 0005,105,55105005152,005152,43,1.000000000000,1932061.000000,1932061.000000
EDGERTON - C 0006,Edgerton - C 0006,105,55105005153,005153,43,1.000000000000,1795825.000000,1795825.000000
FULTON - T 0001,FULTON - T 0001,105,55105005154,005154,43,1.000000000000,24015753.000000,24015753.000000
FULTON - T 0003,FULTON - T 0003,105,55105005155,005155,43,1.000000000000,4062479.000000,4062479.000000
FULTON - T 0004,FULTON - T 0004,105,55105005156,005156,43,1.000000000000,4249943.000000,4249943.000000
HARMONY - T 0003,HARMONY - T 0003,105,55105005157,005157,43,1.000000000000,2910802.000000,2910802.000000
HARMONY - T 0004,HARMONY - T 0004,105,55105005158,005158,43,1.000000000000,13971977.000000,13971977.000000
HARMONY - T 0005,HARMONY - T 0005,105,55105005159,005159,43,1.000000000000,31292728.000000,31292728.000000
HARMONY - T 0006,HARMONY - T 0006,105,55105005160,005160,43,1.000000000000,40067.000000,40067.000000
JANESVILLE - C 0011,Janesville - C 0011,105,55105005161,005161,44,1.000000000000,5683034.000000,5683034.000000
JANESVILLE - C 0012,Janesville - C 0012,105,55105005162,005162,44,1.000000000000,3295713.000000,3295713.000000
JANESVILLE - C 0013,Janesville - C 0013,105,55105005163,005163,44,1.000000000000,1563515.000000,1563515.000000
JANESVILLE - C 0014,Janesville - C 0014,105,55105005164,005164,44,1.000000000000,1565036.000000,1565036.000000
JANESVILLE - C 0015,Janesville - C 0015,105,55105005165,005165,44,1.000000000000,2054432.000000,2054432.000000
JANESVILLE - C 0016,Janesville - C 0016,105,55105005166,005166,44,1.000000000000,7539835.000000,7539835.000000
JANESVILLE - C 0002,Janesville - C 0002,105,55105005168,005168,44,1.000000000000,1935156.000000,1935156.000000
JANESVILLE - C 0021,Janesville - C 0021,105,55105005169,005169,43,1.000000000000,2714978.000000,2714978.000000
JANESVILLE - C 0022,Janesville - C 0022,105,55105005170,005170,43,1.000000000000,2340713.000000,2340713.000000
JANESVILLE - C 0023,Janesville - C 0023,105,55105005171,005171,43,1.000000000000,2769240.000000,2769240.000000
JANESVILLE - C 0025,Janesville - C 0025,105,55105005172,005172,43,1.000000000000,1649394.000000,1649394.000000
JANESVILLE - C 0026,Janesville - C 0026,105,55105005173,005173,43,1.000000000000,1692250.000000,1692250.000000
JANESVILLE - C 0003,Janesville - C 0003,105,55105005174,005174,44,1.000000000000,1991586.000000,1991586.000000
JANESVILLE - C 0004,Janesville - C 0004,105,55105005175,005175,44,1.000000000000,1541424.000000,1541424.000000
JANESVILLE - C 0009,Janesville - C 0009,105,55105005176,005176,44,1.000000000000,1597655.000000,1597655.000000
JANESVILLE - T 0002,JANESVILLE - T 0002,105,55105005177,005177,44,1.000000000000,11558411.000000,11558411.000000
JANESVILLE - T 0003,JANESVILLE - T 0003,105,55105005178,005178,44,1.000000000000,7695538.000000,7695538.000000
JANESVILLE - T 0004,JANESVILLE - T 0004,105,55105005179,005179,44,1.000000000000,12810807.000000,12810807.000000
JANESVILLE - T 0005,JANESVILLE - T 0005,105,55105005180,005180,44,1.000000000000,3919996.000000,3919996.000000
JANESVILLE - T 0006,JANESVILLE - T 0006,105,55105005181,005181,44,1.000000000000,11067302.000000,11067302.000000
JANESVILLE - T 0009,JANESVILLE - T 0009,105,55105005182,005182,44,1.000000000000,1158713.000000,1158713.000000
JOHNSTOWN - T 0001,JOHNSTOWN - T 0001,105,55105005183,005183,43,1.000000000000,93506137.000000,93506137.000000
LA PRAIRIE - T 0002,LA PRAIRIE - T 0002,105,55105005184,005184,44,1.000000000000,12842504.000000,12842504.000000
LIMA - T 0002,LIMA - T 0002,105,55105005186,005186,43,1.000000000000,36451128.000000,36451128.000000
MILTON - C 0001,Milton - C 0001,105,55105005187,005187,43,1.000000000000,2388059.000000,2388059.000000
MILTON - C 0002,Milton - C 0002,105,55105005188,005188,43,1.000000000000,879863.000000,879863.000000
MILTON - C 0003,Milton - C 0003,105,55105005189,005189,43,1.000000000000,1873531.000000,1873531.000000
MILTON - C 0006,Milton - C 0006,105,55105005190,005190,43,1.000000000000,1526208.000000,1526208.000000
MILTON - C 0007,Milton - C 0007,105,55105005191,005191,43,1.000000000000,472226.000000,472226.000000
MILTON - C 0008,Milton - C 0008,105,55105005192,005192,43,1.000000000000,1070261.000000,1070261.000000
MILTON - T 0004,MILTON - T 0004,105,55105005193,005193,43,1.000000000000,24706358.000000,24706358.000000
NEWARK - T 0001,NEWARK - T 0001,105,55105005194,005194,45,1.000000000000,45264553.000000,45264553.000000
NEWARK - T 0002,NEWARK - T 0002,105,55105005195,005195,45,1.000000000000,22791572.000000,22791572.000000
NEWARK - T 0003,NEWARK - T 0003,105,55105005196,005196,45,1.000000000000,26149333.000000,26149333.000000
ROCK - T 0003,ROCK - T 0003,105,55105005197,005197,44,1.000000000000,263946.000000,263946.000000
TURTLE - T 0003,TURTLE - T 0003,105,55105005198,005198,45,1.000000000000,21872340.000000,21872340.000000
BELOIT - C 0020,Beloit - C 0020,105,55105005199,005199,45,1.000000000000,963603.000000,963603.000000
ROCK - T 0008,ROCK - T 0008,105,55105005200,005200,44,1.000000000000,9797.000000,9797.000000
ROCK - T 0005,ROCK - T 0005,105,55105005201,005201,44,1.000000000000,4544449.000000,4544449.000000
JANESVILLE - C 0029,Janesville - C 0029,105,55105005202,005202,44,1.000000000000,243735.000000,243735.000000
JANESVILLE - C 0032,Janesville - C 0032,105,55105005203,005203,44,1.000000000000,335876.000000,335876.000000
BELOIT - C 0023,Beloit - C 0023,105,55105005204,005204,45,1.000000000000,4668363.000000,4668363.000000
TURTLE - T 0001,TURTLE - T 0001,105,55105005205,005205,45,1.000000000000,13114637.000000,13114637.000000
MILTON - C 0009,Milton - C 0009,105,55105005206,005206,43,1.000000000000,1084141.000000,1084141.000000
MILTON - C 0012,Milton - C 0012,105,55105005207,005207,43,1.000000000000,13606.000000,13606.000000
MILTON - T 0001,MILTON - T 0001,105,55105005208,005208,43,1.000000000000,28039291.000000,28039291.000000
MILTON - C 0011,Milton - C 0011,105,55105005209,005209,43,1.000000000000,629830.000000,629830.000000
JANESVILLE - C 0001,Janesville - C 0001,105,55105005210,005210,44,1.000000000000,6147882.000000,6147882.000000
JANESVILLE - T 0008,JANESVILLE - T 0008,105,55105005211,005211,44,1.000000000000,2700522.000000,2700522.000000
JANESVILLE - C 0031,Janesville - C 0031,105,55105005212,005212,44,1.000000000000,12018.000000,12018.000000
CLINTON - V 0003,Clinton - V 0003,105,55105005214,005214,31,1.000000000000,853089.000000,853089.000000
JANESVILLE - C 0033,Janesville - C 0033,105,55105005215,005215,44,1.000000000000,1576.000000,1576.000000
JANESVILLE - C 0030,Janesville - C 0030,105,55105005217,005217,44,1.000000000000,409102.000000,409102.000000
JANESVILLE - C 0028,Janesville - C 0028,105,55105005222,005222,43,0.990097272957,4927027.000000,4976306.000000
JANESVILLE - C 0028,Janesville - C 0028,105,55105005222,005222,44,0.009902727043,49279.000000,4976306.000000
BELOIT - C 0001,Beloit - C 0001,105,55105005229,005229,45,1.000000000000,6230234.000000,6230234.000000
BELOIT - T 0005,BELOIT - T 0005,105,55105005230,005230,45,1.000000000000,1871640.000000,1871640.000000
BELOIT - C 0021,Beloit - C 0021,105,55105005232,005232,45,1.000000000000,2427975.000000,2427975.000000
TURTLE - T 0004,TURTLE - T 0004,105,55105005233,005233,45,1.000000000000,1737704.000000,1737704.000000
BELOIT - C 0024,Beloit - C 0024,105,55105005234,005234,45,1.000000000000,11284988.000000,11284988.000000
TURTLE - T 0002,TURTLE - T 0002,105,55105005243,005243,45,1.000000000000,37082136.000000,37082136.000000
JANESVILLE - T 0001,JANESVILLE - T 0001,105,55105005255,005255,44,1.000000000000,18699714.000000,18699714.000000
LA PRAIRIE - T 0001,LA PRAIRIE - T 0001,105,55105005263,005263,44,1.000000000000,76546873.000000,76546873.000000
FULTON - T 0006,FULTON - T 0006,105,55105005273,005273,43,1.000000000000,24069504.000000,24069504.000000
EVANSVILLE - C 0001,Evansville - C 0001,105,55105005276,005276,45,1.000000000000,809913.000000,809913.000000
EVANSVILLE - C 0004,Evansville - C 0004,105,55105005277,005277,45,1.000000000000,362010.000000,362010.000000
EVANSVILLE - C 0005,Evansville - C 0005,105,55105005278,005278,45,1.000000000000,1565958.000000,1565958.000000
EVANSVILLE - C 0006,Evansville - C 0006,105,55105005279,005279,45,1.000000000000,805361.000000,805361.000000
EVANSVILLE - C 0007,Evansville - C 0007,105,55105005280,005280,45,1.000000000000,525630.000000,525630.000000
EVANSVILLE - C 0009,Evansville - C 0009,105,55105005281,005281,45,1.000000000000,10568.000000,10568.000000
EVANSVILLE - C 0010,Evansville - C 0010,105,55105005282,005282,45,1.000000000000,4561.000000,4561.000000
UNION - T 0001,UNION - T 0001,105,55105005283,005283,45,1.000000000000,42612083.000000,42612083.000000
CENTER - T 0002,CENTER - T 0002,105,55105005284,005284,44,1.000000000000,38888801.000000,38888801.000000
CENTER - T 0001,CENTER - T 0001,105,55105005290,005290,44,1.000000000000,53627980.000000,53627980.000000
FOOTVILLE - V 0001,Footville - V 0001,105,55105005294,005294,44,1.000000000000,2906543.000000,2906543.000000
PLYMOUTH - T 0001,PLYMOUTH - T 0001,105,55105005296,005296,44,1.000000000000,61554428.000000,61554428.000000
CLINTON - T 0001,CLINTON - T 0001,105,55105005297,005297,31,1.000000000000,91369640.000000,91369640.000000
BELOIT - C 0005,Beloit - C 0005,105,55105005298,005298,45,1.000000000000,804142.000000,804142.000000
BELOIT - C 0006,Beloit - C 0006,105,55105005299,005299,45,1.000000000000,609271.000000,609271.000000
EDGERTON - C 0001,Edgerton - C 0001,105,55105005301,005301,43,1.000000000000,958153.000000,958153.000000
MILTON - T 0003,MILTON - T 0003,105,55105005302,005302,43,1.000000000000,1922892.000000,1922892.000000
BELOIT - T 0010,BELOIT - T 0010,105,55105005303,005303,45,1.000000000000,5555336.000000,5555336.000000
MILTON - T 0002,MILTON - T 0002,105,55105005304,005304,43,1.000000000000,27996988.000000,27996988.000000
FULTON - T 0002,FULTON - T 0002,105,55105005309,005309,43,1.000000000000,26123510.000000,26123510.000000
HARMONY - T 0001,HARMONY - T 0001,105,55105005310,005310,43,1.000000000000,6320030.000000,6320030.000000
ORFORDVILLE - V 0002,Orfordville - V 0002,105,55105005311,005311,45,1.000000000000,1561711.000000,1561711.000000
ORFORDVILLE - V 0001,Orfordville - V 0001,105,55105005312,005312,45,1.000000000000,1511562.000000,1511562.000000
HARMONY - T 0002,HARMONY - T 0002,105,55105005313,005313,43,1.000000000000,1391886.000000,1391886.000000
JANESVILLE - C 0020,Janesville - C 0020,105,55105005314,005314,43,1.000000000000,2923308.000000,2923308.000000
PLYMOUTH - T 0002,PLYMOUTH - T 0002,105,55105005318,005318,44,1.000000000000,30622416.000000,30622416.000000
UNION - T 0003,UNION - T 0003,105,55105005321,005321,45,1.000000000000,22407446.000000,22407446.000000
JANESVILLE - C 0034,Janesville - C 0034,105,55105005332,005332,43,1.000000000000,321604.000000,321604.000000
BELOIT - T 0001,BELOIT - T 0001,105,55105005340,005340,45,1.000000000000,26441211.000000,26441211.000000
BELOIT - C 0012,Beloit - C 0012,105,55105005342,005342,45,1.000000000000,1046524.000000,1046524.000000
BELOIT - C 0013,Beloit - C 0013,105,55105005343,005343,45,1.000000000000,1716673.000000,1716673.000000
BELOIT - T 0004,BELOIT - T 0004,105,55105005344,005344,45,1.000000000000,767537.000000,767537.000000
BELOIT - C 0019,Beloit - C 0019,105,55105005345,005345,45,1.000000000000,757865.000000,757865.000000
BELOIT - C 0017,Beloit - C 0017,105,55105005348,005348,45,1.000000000000,1583694.000000,1583694.000000
JANESVILLE - T 0007,JANESVILLE - T 0007,105,55105005349,005349,44,1.000000000000,903099.000000,903099.000000
BELOIT - C 0015,Beloit - C 0015,105,55105005351,005351,45,1.000000000000,799360.000000,799360.000000
BRODHEAD - C 0007,Brodhead - C 0007,105,55105005352,005352,50,1.000000000000,109204.000000,109204.000000
BRODHEAD - C 0008,Brodhead - C 0008,105,55105005353,005353,50,1.000000000000,255798.000000,255798.000000
JANESVILLE - C 0005,Janesville - C 0005,105,55105005354,005354,44,1.000000000000,2980481.000000,2980481.000000
MILTON - C 0010,Milton - C 0010,105,55105005356,005356,43,1.000000000000,75983.000000,75983.000000
ROCK - T 0004,ROCK - T 0004,105,55105005359,005359,44,1.000000000000,10823001.000000,10823001.000000
EVANSVILLE - C 0008,Evansville - C 0008,105,55105005364,005364,45,1.000000000000,2879529.000000,2879529.000000
ROCK - T 0001,ROCK - T 0001,105,55105005368,005368,44,1.000000000000,15764720.000000,15764720.000000
ROCK - T 0002,ROCK - T 0002,105,55105005369,005369,44,1.000000000000,19581243.000000,19581243.000000
ROCK - T 0006,ROCK - T 0006,105,55105005370,005370,44,1.000000000000,19140612.000000,19140612.000000
JANESVILLE - C 0010,Janesville - C 0010,105,55105005371,005371,44,1.000000000000,11206956.000000,11206956.000000
ROCK - T 0007,ROCK - T 0007,105,55105005372,005372,44,1.000000000000,285977.000000,285977.000000
JANESVILLE - C 0006,Janesville - C 0006,105,55105005373,005373,44,1.000000000000,5345485.000000,5345485.000000
UNION - T 0002,UNION - T 0002,105,55105005377,005377,45,1.000000000000,20253978.000000,20253978.000000
EVANSVILLE - C 0011,Evansville - C 0011,105,55105005378,005378,45,1.000000000000,4932.000000,4932.000000
EVANSVILLE - C 0003,Evansville - C 0003,105,55105005379,005379,45,1.000000000000,1091034.000000,1091034.000000
UNION - T 0004,UNION - T 0004,105,55105005381,005381,45,1.000000000000,551250.000000,551250.000000
BELOIT - C 0022,Beloit - C 0022,105,55105005382,005382,45,1.000000000000,2015878.000000,2015878.000000
BELOIT - T 0003,BELOIT - T 0003,105,55105005383,005383,45,1.000000000000,2997952.000000,2997952.000000
MILTON - C 0013,Milton - C 0013,105,55105008078,008078,43,1.000000000000,3829.000000,3829.000000
LADYSMITH - C 0001,Ladysmith - C 0001,107,55107005385,005385,68,1.000000000000,492906.000000,492906.000000
ATLANTA - T 0001,ATLANTA - T 0001,107,55107005386,005386,68,1.000000000000,130945122.000000,130945122.000000
BIG BEND - T 0001,BIG BEND - T 0001,107,55107005387,005387,68,1.000000000000,26619517.000000,26619517.000000
BIG FALLS - T 0001,BIG FALLS - T 0001,107,55107005388,005388,68,1.000000000000,93324915.000000,93324915.000000
CEDAR RAPIDS - T 0001,CEDAR RAPIDS - T 0001,107,55107005389,005389,68,1.000000000000,92337946.000000,92337946.000000
DEWEY - T 0001,DEWEY - T 0001,107,55107005390,005390,68,1.000000000000,88244271.000000,88244271.000000
FLAMBEAU - T 0001,FLAMBEAU - T 0001,107,55107005391,005391,68,1.000000000000,3321367.000000,3321367.000000
GRANT - T 0001,GRANT - T 0001,107,55107005392,005392,68,1.000000000000,44103665.000000,44103665.000000
GROW - T 0001,GROW - T 0001,107,55107005393,005393,68,1.000000000000,91438443.000000,91438443.000000
HAWKINS - T 0001,HAWKINS - T 0001,107,55107005394,005394,68,1.000000000000,118513641.000000,118513641.000000
HUBBARD - T 0001,HUBBARD - T 0001,107,55107005395,005395,68,1.000000000000,115663188.000000,115663188.000000
LAWRENCE - T 0001,LAWRENCE - T 0001,107,55107005396,005396,68,1.000000000000,106816132.000000,106816132.000000
MARSHALL - T 0001,MARSHALL - T 0001,107,55107005397,005397,68,1.000000000000,71641198.000000,71641198.000000
MURRY - T 0001,MURRY - T 0001,107,55107005398,005398,68,1.000000000000,160868467.000000,160868467.000000
RICHLAND - T 0001,RICHLAND - T 0001,107,55107005399,005399,68,1.000000000000,31848204.000000,31848204.000000
RUSK - T 0001,RUSK - T 0001,107,55107005400,005400,68,1.000000000000,92760876.000000,92760876.000000
SOUTH FORK - T 0001,SOUTH FORK - T 0001,107,55107005401,005401,68,1.000000000000,92619124.000000,92619124.000000
STRICKLAND - T 0001,STRICKLAND - T 0001,107,55107005402,005402,68,1.000000000000,58841210.000000,58841210.000000
STUBBS - T 0001,STUBBS - T 0001,107,55107005403,005403,68,1.000000000000,81001570.000000,81001570.000000
THORNAPPLE - T 0001,THORNAPPLE - T 0001,107,55107005404,005404,68,1.000000000000,54090749.000000,54090749.000000
TRUE - T 0001,TRUE - T 0001,107,55107005405,005405,68,1.000000000000,60914558.000000,60914558.000000
WASHINGTON - T 0001,WASHINGTON - T 0001,107,55107005406,005406,68,1.000000000000,92173648.000000,92173648.000000
WILKINSON - T 0001,WILKINSON - T 0001,107,55107005407,005407,68,1.000000000000,91702220.000000,91702220.000000
WILLARD - T 0001,WILLARD - T 0001,107,55107005408,005408,68,1.000000000000,93362404.000000,93362404.000000
WILSON - T 0001,WILSON - T 0001,107,55107005409,005409,68,1.000000000000,89237662.000000,89237662.000000
BRUCE - V 0001,Bruce - V 0001,107,55107005410,005410,68,1.000000000000,6187181.000000,6187181.000000
CONRATH - V 0001,Conrath - V 0001,107,55107005411,005411,68,1.000000000000,1353720.000000,1353720.000000
GLEN FLORA - V 0001,Glen Flora - V 0001,107,55107005412,005412,68,1.000000000000,1464237.000000,1464237.000000
HAWKINS - V 0001,Hawkins - V 0001,107,55107005413,005413,68,1.000000000000,5761339.000000,5761339.000000
INGRAM - V 0001,Ingram - V 0001,107,55107005414,005414,68,1.000000000000,2570564.000000,2570564.000000
SHELDON - V 0001,Sheldon - V 0001,107,55107005415,005415,68,1.000000000000,1715114.000000,1715114.000000
TONY - V 0001,Tony - V 0001,107,55107005416,005416,68,1.000000000000,5244150.000000,5244150.000000
WEYERHAEUSER - V 0001,Weyerhaeuser - V 0001,107,55107005417,005417,68,1.000000000000,1908741.000000,1908741.000000
LADYSMITH - C 0010,Ladysmith - C 0010,107,55107005418,005418,68,1.000000000000,45120.000000,45120.000000
LADYSMITH - C 0011,Ladysmith - C 0011,107,55107005419,005419,68,1.000000000000,138050.000000,138050.000000
LADYSMITH - C 0012,Ladysmith - C 0012,107,55107005420,005420,68,1.000000000000,172105.000000,172105.000000
LADYSMITH - C 0013,Ladysmith - C 0013,107,55107005421,005421,68,1.000000000000,145417.000000,145417.000000
LADYSMITH - C 0014,Ladysmith - C 0014,107,55107005422,005422,68,1.000000000000,4550290.000000,4550290.000000
LADYSMITH - C 0015,Ladysmith - C 0015,107,55107005423,005423,68,1.000000000000,101125.000000,101125.000000
LADYSMITH - C 0002,Ladysmith - C 0002,107,55107005424,005424,68,1.000000000000,721864.000000,721864.000000
ATLANTA - T 0002,ATLANTA - T 0002,107,55107005425,005425,68,1.000000000000,1089043.000000,1089043.000000
BIG BEND - T 0002,BIG BEND - T 0002,107,55107005426,005426,68,1.000000000000,64947879.000000,64947879.000000
GRANT - T 0002,GRANT - T 0002,107,55107005427,005427,68,1.000000000000,13839433.000000,13839433.000000
LAWRENCE - T 0002,LAWRENCE - T 0002,107,55107005428,005428,68,1.000000000000,16711214.000000,16711214.000000
MARSHALL - T 0002,MARSHALL - T 0002,107,55107005429,005429,68,1.000000000000,20933075.000000,20933075.000000
RICHLAND - T 0002,RICHLAND - T 0002,107,55107005430,005430,68,1.000000000000,28232791.000000,28232791.000000
STRICKLAND - T 0002,STRICKLAND - T 0002,107,55107005431,005431,68,1.000000000000,32118421.000000,32118421.000000
STUBBS - T 0002,STUBBS - T 0002,107,55107005432,005432,68,1.000000000000,13855504.000000,13855504.000000
THORNAPPLE - T 0002,THORNAPPLE - T 0002,107,55107005433,005433,68,1.000000000000,4298704.000000,4298704.000000
WEYERHAEUSER - V 0002,Weyerhaeuser - V 0002,107,55107005434,005434,68,1.000000000000,545061.000000,545061.000000
LADYSMITH - C 0003,Ladysmith - C 0003,107,55107005435,005435,68,1.000000000000,721941.000000,721941.000000
FLAMBEAU - T 0003,FLAMBEAU - T 0003,107,55107005436,005436,68,1.000000000000,59518518.000000,59518518.000000
GRANT - T 0003,GRANT - T 0003,107,55107005437,005437,68,1.000000000000,736260.000000,736260.000000
THORNAPPLE - T 0003,THORNAPPLE - T 0003,107,55107005438,005438,68,1.000000000000,37553943.000000,37553943.000000
LADYSMITH - C 0004,Ladysmith - C 0004,107,55107005439,005439,68,1.000000000000,541068.000000,541068.000000
FLAMBEAU - T 0002,FLAMBEAU - T 0002,107,55107005440,005440,68,1.000000000000,27326238.000000,27326238.000000
GRANT - T 0004,GRANT - T 0004,107,55107005441,005441,68,1.000000000000,749938.000000,749938.000000
THORNAPPLE - T 0004,THORNAPPLE - T 0004,107,55107005442,005442,68,1.000000000000,31100458.000000,31100458.000000
LADYSMITH - C 0005,Ladysmith - C 0005,107,55107005443,005443,68,1.000000000000,1871731.000000,1871731.000000
GRANT - T 0005,GRANT - T 0005,107,55107005444,005444,68,1.000000000000,27532137.000000,27532137.000000
THORNAPPLE - T 0005,THORNAPPLE - T 0005,107,55107005445,005445,68,1.000000000000,9126830.000000,9126830.000000
LADYSMITH - C 0006,Ladysmith - C 0006,107,55107005446,005446,68,1.000000000000,441800.000000,441800.000000
LADYSMITH - C 0007,Ladysmith - C 0007,107,55107005447,005447,68,1.000000000000,1359618.000000,1359618.000000
LADYSMITH - C 0008,Ladysmith - C 0008,107,55107005448,005448,68,1.000000000000,379923.000000,379923.000000
LADYSMITH - C 0009,Ladysmith - C 0009,107,55107005449,005449,68,1.000000000000,218295.000000,218295.000000
GROW - T 0001,GROW - T 0001,107,55107005450,005450,68,1.000000000000,194109.000000,194109.000000
FOREST - T 0001,FOREST - T 0001,109,55109005451,005451,28,1.000000000000,96327066.000000,96327066.000000
STAR PRAIRIE - V 0001,Star Prairie - V 0001,109,55109005452,005452,28,1.000000000000,5551062.000000,5551062.000000
SPRINGFIELD - T 0001,SPRINGFIELD - T 0001,109,55109005453,005453,28,1.000000000000,88671886.000000,88671886.000000
WILSON - V 0001,Wilson - V 0001,109,55109005454,005454,28,1.000000000000,4417912.000000,4417912.000000
PLEASANT VALLEY - T 0001,PLEASANT VALLEY - T 0001,109,55109005455,005455,28,1.000000000000,46765031.000000,46765031.000000
EAU GALLE - T 0002,EAU GALLE - T 0002,109,55109005456,005456,28,1.000000000000,54106625.000000,54106625.000000
KINNICKINNIC - T 0003,KINNICKINNIC - T 0003,109,55109005457,005457,30,1.000000000000,25030771.000000,25030771.000000
CADY - T 0001,CADY - T 0001,109,55109005458,005458,28,1.000000000000,90240590.000000,90240590.000000
SPRING VALLEY - V 0003,Spring Valley - V 0003,109,55109005459,005459,28,1.000000000000,2937507.000000,2937507.000000
GLENWOOD - T 0001,GLENWOOD - T 0001,109,55109005460,005460,28,1.000000000000,86376408.000000,86376408.000000
RUSH RIVER - T 0001,RUSH RIVER - T 0001,109,55109005461,005461,28,1.000000000000,45593855.000000,45593855.000000
STANTON - T 0001,STANTON - T 0001,109,55109005462,005462,28,1.000000000000,85988381.000000,85988381.000000
NORTH HUDSON - V 0003,North Hudson - V 0003,109,55109005463,005463,30,1.000000000000,2282233.000000,2282233.000000
CYLON - T 0001,CYLON - T 0001,109,55109005464,005464,28,1.000000000000,91491756.000000,91491756.000000
STAR PRAIRIE - T 0002,STAR PRAIRIE - T 0002,109,55109005465,005465,28,1.000000000000,16386701.000000,16386701.000000
SOMERSET - T 0001,SOMERSET - T 0001,109,55109005466,005466,28,1.000000000000,37149831.000000,37149831.000000
RIVER FALLS - C 0004,River Falls - C 0004,109,55109005467,005467,30,1.000000000000,2551406.000000,2551406.000000
RIVER FALLS - C 0003,River Falls - C 0003,109,55109005468,005468,30,1.000000000000,672538.000000,672538.000000
RIVER FALLS - C 0002,River Falls - C 0002,109,55109005469,005469,30,1.000000000000,562250.000000,562250.000000
TROY - T 0006,TROY - T 0006,109,55109005470,005470,30,1.000000000000,17952016.000000,17952016.000000
RIVER FALLS - C 0001,River Falls - C 0001,109,55109005471,005471,30,1.000000000000,2971850.000000,2971850.000000
TROY - T 0005,TROY - T 0005,109,55109005472,005472,30,1.000000000000,14858827.000000,14858827.000000
KINNICKINNIC - T 0002,KINNICKINNIC - T 0002,109,55109005473,005473,30,1.000000000000,23614262.000000,23614262.000000
KINNICKINNIC - T 0001,KINNICKINNIC - T 0001,109,55109005474,005474,30,1.000000000000,42083622.000000,42083622.000000
TROY - T 0002,TROY - T 0002,109,55109005475,005475,30,1.000000000000,15571098.000000,15571098.000000
TROY - T 0004,TROY - T 0004,109,55109005476,005476,30,1.000000000000,7273417.000000,7273417.000000
WOODVILLE - V 0001,Woodville - V 0001,109,55109005477,005477,28,1.000000000000,3910807.000000,3910807.000000
TROY - T 0001,TROY - T 0001,109,55109005478,005478,30,1.000000000000,12335171.000000,12335171.000000
HUDSON - C 0003,Hudson - C 0003,109,55109005479,005479,30,1.000000000000,4231816.000000,4231816.000000
HUDSON - C 0007,Hudson - C 0007,109,55109005480,005480,30,1.000000000000,1868561.000000,1868561.000000
HUDSON - C 0002,Hudson - C 0002,109,55109005481,005481,30,1.000000000000,1461137.000000,1461137.000000
HUDSON - C 0004,Hudson - C 0004,109,55109005482,005482,30,1.000000000000,1178576.000000,1178576.000000
WOODVILLE - V 0002,Woodville - V 0002,109,55109005483,005483,28,1.000000000000,743418.000000,743418.000000
HUDSON - T 0014,HUDSON - T 0014,109,55109005484,005484,30,1.000000000000,7918448.000000,7918448.000000
BALDWIN - T 0002,BALDWIN - T 0002,109,55109005485,005485,28,1.000000000000,41434798.000000,41434798.000000
HUDSON - C 0001,Hudson - C 0001,109,55109005486,005486,30,1.000000000000,2253159.000000,2253159.000000
BALDWIN - V 0005,Baldwin - V 0005,109,55109005487,005487,28,1.000000000000,653656.000000,653656.000000
WARREN - T 0003,WARREN - T 0003,109,55109005488,005488,28,1.000000000000,13549962.000000,13549962.000000
ROBERTS - V 0004,Roberts - V 0004,109,55109005489,005489,28,1.000000000000,4352650.000000,4352650.000000
BALDWIN - V 0004,Baldwin - V 0004,109,55109005490,005490,28,1.000000000000,799969.000000,799969.000000
HAMMOND - T 0003,HAMMOND - T 0003,109,55109005491,005491,28,1.000000000000,46601949.000000,46601949.000000
HAMMOND - V 0004,Hammond - V 0004,109,55109005492,005492,28,1.000000000000,3848622.000000,3848622.000000
HAMMOND - T 0002,HAMMOND - T 0002,109,55109005493,005493,28,1.000000000000,15492009.000000,15492009.000000
HUDSON - C 0008,Hudson - C 0008,109,55109005494,005494,30,1.000000000000,1370522.000000,1370522.000000
HUDSON - T 0010,HUDSON - T 0010,109,55109005495,005495,30,1.000000000000,5181496.000000,5181496.000000
HUDSON - C 0006,Hudson - C 0006,109,55109005496,005496,30,1.000000000000,995312.000000,995312.000000
BALDWIN - V 0003,Baldwin - V 0003,109,55109005497,005497,28,1.000000000000,1013066.000000,1013066.000000
HUDSON - C 0005,Hudson - C 0005,109,55109005498,005498,30,1.000000000000,639875.000000,639875.000000
HUDSON - T 0011,HUDSON - T 0011,109,55109005499,005499,30,1.000000000000,4809359.000000,4809359.000000
BALDWIN - V 0002,Baldwin - V 0002,109,55109005500,005500,28,1.000000000000,820908.000000,820908.000000
BALDWIN - V 0001,Baldwin - V 0001,109,55109005501,005501,28,1.000000000000,753003.000000,753003.000000
HUDSON - T 0012,HUDSON - T 0012,109,55109005502,005502,30,1.000000000000,3233551.000000,3233551.000000
HAMMOND - V 0003,Hammond - V 0003,109,55109005503,005503,28,1.000000000000,525493.000000,525493.000000
HUDSON - C 0011,Hudson - C 0011,109,55109005504,005504,30,1.000000000000,1143086.000000,1143086.000000
HUDSON - C 0009,Hudson - C 0009,109,55109005505,005505,30,1.000000000000,687670.000000,687670.000000
HAMMOND - V 0002,Hammond - V 0002,109,55109005506,005506,28,1.000000000000,577560.000000,577560.000000
HAMMOND - V 0001,Hammond - V 0001,109,55109005507,005507,28,1.000000000000,641506.000000,641506.000000
HUDSON - T 0008,HUDSON - T 0008,109,55109005508,005508,30,1.000000000000,4276507.000000,4276507.000000
HUDSON - T 0009,HUDSON - T 0009,109,55109005509,005509,30,1.000000000000,5398381.000000,5398381.000000
ROBERTS - V 0003,Roberts - V 0003,109,55109005510,005510,28,1.000000000000,338768.000000,338768.000000
ROBERTS - V 0002,Roberts - V 0002,109,55109005511,005511,28,1.000000000000,1296844.000000,1296844.000000
HUDSON - C 0012,Hudson - C 0012,109,55109005512,005512,30,1.000000000000,1248020.000000,1248020.000000
NORTH HUDSON - V 0002,North Hudson - V 0002,109,55109005513,005513,30,1.000000000000,941279.000000,941279.000000
HUDSON - T 0007,HUDSON - T 0007,109,55109005514,005514,30,1.000000000000,7427915.000000,7427915.000000
HUDSON - T 0006,HUDSON - T 0006,109,55109005515,005515,30,1.000000000000,3107514.000000,3107514.000000
NORTH HUDSON - V 0001,North Hudson - V 0001,109,55109005516,005516,30,1.000000000000,419331.000000,419331.000000
ROBERTS - V 0001,Roberts - V 0001,109,55109005517,005517,28,1.000000000000,706633.000000,706633.000000
NORTH HUDSON - V 0006,North Hudson - V 0006,109,55109005518,005518,30,1.000000000000,704031.000000,704031.000000
NORTH HUDSON - V 0005,North Hudson - V 0005,109,55109005519,005519,30,1.000000000000,514554.000000,514554.000000
HAMMOND - T 0001,HAMMOND - T 0001,109,55109005520,005520,28,1.000000000000,22865180.000000,22865180.000000
NORTH HUDSON - V 0004,North Hudson - V 0004,109,55109005521,005521,30,1.000000000000,1453881.000000,1453881.000000
BALDWIN - T 0001,BALDWIN - T 0001,109,55109005522,005522,28,1.000000000000,42152198.000000,42152198.000000
WARREN - T 0001,WARREN - T 0001,109,55109005523,005523,28,1.000000000000,33354216.000000,33354216.000000
HUDSON - T 0004,HUDSON - T 0004,109,55109005524,005524,30,1.000000000000,3880206.000000,3880206.000000
HUDSON - T 0005,HUDSON - T 0005,109,55109005525,005525,30,1.000000000000,2936819.000000,2936819.000000
ST. JOSEPH - T 0006,ST. JOSEPH - T 0006,109,55109005526,005526,30,1.000000000000,24579444.000000,24579444.000000
ST. JOSEPH - T 0005,ST. JOSEPH - T 0005,109,55109005527,005527,30,1.000000000000,9887628.000000,9887628.000000
RICHMOND - T 0003,RICHMOND - T 0003,109,55109005528,005528,28,1.000000000000,15358764.000000,15358764.000000
ST. JOSEPH - T 0003,ST. JOSEPH - T 0003,109,55109005529,005529,30,1.000000000000,21100364.000000,21100364.000000
EMERALD - T 0001,EMERALD - T 0001,109,55109005530,005530,28,1.000000000000,90605015.000000,90605015.000000
RICHMOND - T 0005,RICHMOND - T 0005,109,55109005531,005531,28,1.000000000000,15409622.000000,15409622.000000
ERIN PRAIRIE - T 0001,ERIN PRAIRIE - T 0001,109,55109005532,005532,28,1.000000000000,92214707.000000,92214707.000000
GLENWOOD CITY - C 0002,Glenwood City - C 0002,109,55109005533,005533,28,1.000000000000,6640667.000000,6640667.000000
GLENWOOD CITY - C 0001,Glenwood City - C 0001,109,55109005534,005534,28,1.000000000000,2354573.000000,2354573.000000
ST. JOSEPH - T 0001,ST. JOSEPH - T 0001,109,55109005535,005535,30,1.000000000000,10215186.000000,10215186.000000
RICHMOND - T 0004,RICHMOND - T 0004,109,55109005536,005536,28,1.000000000000,7812459.000000,7812459.000000
NEW RICHMOND - C 0011,New Richmond - C 0011,109,55109005537,005537,28,1.000000000000,3301003.000000,3301003.000000
NEW RICHMOND - C 0006,New Richmond - C 0006,109,55109005538,005538,28,1.000000000000,1442172.000000,1442172.000000
NEW RICHMOND - C 0010,New Richmond - C 0010,109,55109005539,005539,28,1.000000000000,819727.000000,819727.000000
NEW RICHMOND - C 0012,New Richmond - C 0012,109,55109005540,005540,28,1.000000000000,954968.000000,954968.000000
NEW RICHMOND - C 0005,New Richmond - C 0005,109,55109005541,005541,28,1.000000000000,635423.000000,635423.000000
NEW RICHMOND - C 0009,New Richmond - C 0009,109,55109005542,005542,28,1.000000000000,1134941.000000,1134941.000000
NEW RICHMOND - C 0008,New Richmond - C 0008,109,55109005543,005543,28,1.000000000000,390839.000000,390839.000000
NEW RICHMOND - C 0004,New Richmond - C 0004,109,55109005544,005544,28,1.000000000000,591548.000000,591548.000000
NEW RICHMOND - C 0007,New Richmond - C 0007,109,55109005545,005545,28,1.000000000000,572542.000000,572542.000000
STAR PRAIRIE - T 0005,STAR PRAIRIE - T 0005,109,55109005546,005546,28,1.000000000000,17589771.000000,17589771.000000
STAR PRAIRIE - T 0004,STAR PRAIRIE - T 0004,109,55109005547,005547,28,1.000000000000,15608281.000000,15608281.000000
STAR PRAIRIE - T 0003,STAR PRAIRIE - T 0003,109,55109005548,005548,28,1.000000000000,9707161.000000,9707161.000000
STAR PRAIRIE - T 0001,STAR PRAIRIE - T 0001,109,55109005549,005549,28,1.000000000000,15877055.000000,15877055.000000
DEER PARK - V 0001,Deer Park - V 0001,109,55109005550,005550,28,1.000000000000,2448826.000000,2448826.000000
BALDWIN - V 0006,Baldwin - V 0006,109,55109005551,005551,28,1.000000000000,3955536.000000,3955536.000000
SOMERSET - V 0001,Somerset - V 0001,109,55109005552,005552,28,1.000000000000,952307.000000,952307.000000
SOMERSET - T 0006,SOMERSET - T 0006,109,55109005553,005553,28,1.000000000000,20161252.000000,20161252.000000
RICHMOND - T 0002,RICHMOND - T 0002,109,55109005554,005554,28,1.000000000000,19742325.000000,19742325.000000
ST. JOSEPH - T 0002,ST. JOSEPH - T 0002,109,55109005555,005555,30,1.000000000000,14030883.000000,14030883.000000
HUDSON - C 0010,Hudson - C 0010,109,55109005556,005556,30,1.000000000000,2664967.000000,2664967.000000
HUDSON - T 0003,HUDSON - T 0003,109,55109005557,005557,30,1.000000000000,6722151.000000,6722151.000000
ST. JOSEPH - T 0004,ST. JOSEPH - T 0004,109,55109005558,005558,30,1.000000000000,9556001.000000,9556001.000000
HUDSON - T 0013,HUDSON - T 0013,109,55109005559,005559,30,1.000000000000,2486168.000000,2486168.000000
HUDSON - T 0001,HUDSON - T 0001,109,55109005560,005560,30,1.000000000000,5648914.000000,5648914.000000
HUDSON - T 0002,HUDSON - T 0002,109,55109005561,005561,30,1.000000000000,2051684.000000,2051684.000000
RICHMOND - T 0001,RICHMOND - T 0001,109,55109005562,005562,28,1.000000000000,23590444.000000,23590444.000000
NEW RICHMOND - C 0003,New Richmond - C 0003,109,55109005563,005563,28,1.000000000000,3265124.000000,3265124.000000
SOMERSET - V 0003,Somerset - V 0003,109,55109005564,005564,28,1.000000000000,3465643.000000,3465643.000000
SOMERSET - V 0002,Somerset - V 0002,109,55109005565,005565,28,1.000000000000,2696976.000000,2696976.000000
SOMERSET - T 0002,SOMERSET - T 0002,109,55109005566,005566,28,1.000000000000,23441285.000000,23441285.000000
TROY - T 0007,TROY - T 0007,109,55109005567,005567,30,1.000000000000,3476469.000000,3476469.000000
RIVER FALLS - C 0015,River Falls - C 0015,109,55109005568,005568,30,1.000000000000,1462327.000000,1462327.000000
SOMERSET - T 0003,SOMERSET - T 0003,109,55109005569,005569,28,1.000000000000,12617596.000000,12617596.000000
WARREN - T 0002,WARREN - T 0002,109,55109005571,005571,28,1.000000000000,39165090.000000,39165090.000000
TROY - T 0007,TROY - T 0007,109,55109005573,005573,30,1.000000000000,147978.000000,147978.000000
EAU GALLE - T 0001,EAU GALLE - T 0001,109,55109005574,005574,28,1.000000000000,30690576.000000,30690576.000000
TROY - T 0003,TROY - T 0003,109,55109005575,005575,30,1.000000000000,27968691.000000,27968691.000000
NEW RICHMOND - C 0002,New Richmond - C 0002,109,55109005576,005576,28,1.000000000000,6237719.000000,6237719.000000
NEW RICHMOND - C 0001,New Richmond - C 0001,109,55109005577,005577,28,1.000000000000,8990306.000000,8990306.000000
STAR PRAIRIE - T 0006,STAR PRAIRIE - T 0006,109,55109005578,005578,28,1.000000000000,3709782.000000,3709782.000000
SOMERSET - T 0004,SOMERSET - T 0004,109,55109005579,005579,28,1.000000000000,12516406.000000,12516406.000000
SOMERSET - V 0004,Somerset - V 0004,109,55109005581,005581,28,1.000000000000,1503588.000000,1503588.000000
SOMERSET - T 0005,SOMERSET - T 0005,109,55109005582,005582,28,1.000000000000,18471062.000000,18471062.000000
SPRING GREEN - T 0004,SPRING GREEN - T 0004,111,55111005583,005583,40,1.000000000000,39111430.000000,39111430.000000
FAIRFIELD - T 0002,FAIRFIELD - T 0002,111,55111005584,005584,40,1.000000000000,11537706.000000,11537706.000000
DELLONA - T 0001,DELLONA - T 0001,111,55111005585,005585,41,1.000000000000,63515488.000000,63515488.000000
IRONTON - V 0001,Ironton - V 0001,111,55111005586,005586,41,1.000000000000,866463.000000,866463.000000
ROCK SPRINGS - V 0001,Rock Springs - V 0001,111,55111005587,005587,41,1.000000000000,3451195.000000,3451195.000000
WESTFIELD - T 0001,WESTFIELD - T 0001,111,55111005588,005588,41,1.000000000000,92638906.000000,92638906.000000
FAIRFIELD - T 0001,FAIRFIELD - T 0001,111,55111005589,005589,40,1.000000000000,80765163.000000,80765163.000000
SAUK CITY - V 0002,Sauk City - V 0002,111,55111005590,005590,40,1.000000000000,702044.000000,702044.000000
LIME RIDGE - V 0001,Lime Ridge - V 0001,111,55111005591,005591,41,1.000000000000,2592017.000000,2592017.000000
SPRING GREEN - T 0002,SPRING GREEN - T 0002,111,55111005592,005592,40,1.000000000000,7280830.000000,7280830.000000
FREEDOM - T 0002,FREEDOM - T 0002,111,55111005593,005593,41,1.000000000000,48059679.000000,48059679.000000
SUMPTER - T 0001,SUMPTER - T 0001,111,55111005594,005594,40,1.000000000000,33913547.000000,33913547.000000
DELTON - T 0003,DELTON - T 0003,111,55111005595,005595,41,1.000000000000,19842158.000000,19842158.000000
SUMPTER - T 0003,SUMPTER - T 0003,111,55111005596,005596,40,1.000000000000,39067319.000000,39067319.000000
LA VALLE - T 0003,LA VALLE - T 0003,111,55111005597,005597,41,1.000000000000,3192074.000000,3192074.000000
PRAIRIE DU SAC - V 0001,Prairie Du Sac - V 0001,111,55111005598,005598,40,1.000000000000,1061772.000000,1061772.000000
GREENFIELD - T 0001,GREENFIELD - T 0001,111,55111005599,005599,40,1.000000000000,72257847.000000,72257847.000000
TROY - T 0001,TROY - T 0001,111,55111005600,005600,40,1.000000000000,141088214.000000,141088214.000000
FRANKLIN - T 0001,FRANKLIN - T 0001,111,55111005601,005601,40,1.000000000000,27144133.000000,27144133.000000
WINFIELD - T 0001,WINFIELD - T 0001,111,55111005602,005602,41,1.000000000000,41132546.000000,41132546.000000
BARABOO - T 0002,BARABOO - T 0002,111,55111005603,005603,40,1.000000000000,7729182.000000,7729182.000000
EXCELSIOR - T 0002,EXCELSIOR - T 0002,111,55111005604,005604,41,1.000000000000,25307169.000000,25307169.000000
WASHINGTON - T 0002,WASHINGTON - T 0002,111,55111005605,005605,41,1.000000000000,37442784.000000,37442784.000000
LA VALLE - T 0002,LA VALLE - T 0002,111,55111005606,005606,41,1.000000000000,32125918.000000,32125918.000000
FRANKLIN - T 0002,FRANKLIN - T 0002,111,55111005607,005607,40,1.000000000000,91034849.000000,91034849.000000
HONEY CREEK - T 0001,HONEY CREEK - T 0001,111,55111005608,005608,40,1.000000000000,123401727.000000,123401727.000000
NORTH FREEDOM - V 0001,North Freedom - V 0001,111,55111005609,005609,41,1.000000000000,2313566.000000,2313566.000000
DELLONA - T 0002,DELLONA - T 0002,111,55111005610,005610,41,1.000000000000,27546430.000000,27546430.000000
DELTON - T 0004,DELTON - T 0004,111,55111005611,005611,41,1.000000000000,17055069.000000,17055069.000000
PRAIRIE DU SAC - T 0002,PRAIRIE DU SAC - T 0002,111,55111005612,005612,40,1.000000000000,44470658.000000,44470658.000000
SPRING GREEN - T 0001,SPRING GREEN - T 0001,111,55111005613,005613,40,1.000000000000,46169444.000000,46169444.000000
LAKE DELTON - V 0003,Lake Delton - V 0003,111,55111005614,005614,41,1.000000000000,6684586.000000,6684586.000000
FRANKLIN - T 0003,FRANKLIN - T 0003,111,55111005615,005615,40,1.000000000000,9059682.000000,9059682.000000
BARABOO - T 0001,BARABOO - T 0001,111,55111005616,005616,40,1.000000000000,23648830.000000,23648830.000000
BEAR CREEK - T 0001,BEAR CREEK - T 0001,111,55111005617,005617,40,1.000000000000,128574642.000000,128574642.000000
WASHINGTON - T 0001,WASHINGTON - T 0001,111,55111005618,005618,41,1.000000000000,54701505.000000,54701505.000000
SAUK CITY - V 0001,Sauk City - V 0001,111,55111005619,005619,40,1.000000000000,997534.000000,997534.000000
SPRING GREEN - V 0002,Spring Green - V 0002,111,55111005620,005620,40,1.000000000000,2021017.000000,2021017.000000
SAUK CITY - V 0004,Sauk City - V 0004,111,55111005621,005621,40,1.000000000000,480629.000000,480629.000000
EXCELSIOR - T 0001,EXCELSIOR - T 0001,111,55111005622,005622,41,1.000000000000,44791601.000000,44791601.000000
MERRIMAC - T 0001,MERRIMAC - T 0001,111,55111005623,005623,40,1.000000000000,67775441.000000,67775441.000000
WOODLAND - T 0001,WOODLAND - T 0001,111,55111005624,005624,41,1.000000000000,93664064.000000,93664064.000000
LAKE DELTON - V 0001,Lake Delton - V 0001,111,55111005625,005625,41,1.000000000000,6508357.000000,6508357.000000
SUMPTER - T 0002,SUMPTER - T 0002,111,55111005626,005626,40,1.000000000000,24936065.000000,24936065.000000
FREEDOM - T 0001,FREEDOM - T 0001,111,55111005627,005627,41,1.000000000000,41802613.000000,41802613.000000
LAKE DELTON - V 0002,Lake Delton - V 0002,111,55111005628,005628,41,1.000000000000,6603466.000000,6603466.000000
IRONTON - T 0001,IRONTON - T 0001,111,55111005629,005629,41,1.000000000000,91082887.000000,91082887.000000
PLAIN - V 0001,Plain - V 0001,111,55111005630,005630,40,1.000000000000,2156880.000000,2156880.000000
MERRIMAC - V 0001,Merrimac - V 0001,111,55111005631,005631,40,1.000000000000,3840905.000000,3840905.000000
CAZENOVIA - V 0002,Cazenovia - V 0002,111,55111005632,005632,41,1.000000000000,32788.000000,32788.000000
LOGANVILLE - V 0001,Loganville - V 0001,111,55111005633,005633,41,1.000000000000,697142.000000,697142.000000
EXCELSIOR - T 0003,EXCELSIOR - T 0003,111,55111005634,005634,41,1.000000000000,18073140.000000,18073140.000000
BARABOO - C 0001,Baraboo - C 0001,111,55111005635,005635,40,1.000000000000,286767.000000,286767.000000
BARABOO - C 0012,Baraboo - C 0012,111,55111005636,005636,40,1.000000000000,5187629.000000,5187629.000000
BARABOO - C 0003,Baraboo - C 0003,111,55111005637,005637,40,1.000000000000,1504830.000000,1504830.000000
BARABOO - C 0013,Baraboo - C 0013,111,55111005638,005638,40,1.000000000000,386625.000000,386625.000000
BARABOO - C 0007,Baraboo - C 0007,111,55111005639,005639,40,1.000000000000,1271490.000000,1271490.000000
BARABOO - C 0002,Baraboo - C 0002,111,55111005640,005640,40,1.000000000000,540197.000000,540197.000000
BARABOO - C 0009,Baraboo - C 0009,111,55111005641,005641,40,1.000000000000,365240.000000,365240.000000
BARABOO - C 0011,Baraboo - C 0011,111,55111005642,005642,40,1.000000000000,999924.000000,999924.000000
BARABOO - C 0014,Baraboo - C 0014,111,55111005643,005643,40,1.000000000000,679557.000000,679557.000000
BARABOO - C 0004,Baraboo - C 0004,111,55111005644,005644,40,1.000000000000,1884645.000000,1884645.000000
REEDSBURG - C 0012,Reedsburg - C 0012,111,55111005645,005645,41,1.000000000000,730662.000000,730662.000000
REEDSBURG - C 0007,Reedsburg - C 0007,111,55111005646,005646,41,1.000000000000,1483205.000000,1483205.000000
REEDSBURG - C 0003,Reedsburg - C 0003,111,55111005647,005647,41,1.000000000000,1780959.000000,1780959.000000
REEDSBURG - C 0002,Reedsburg - C 0002,111,55111005648,005648,41,1.000000000000,555042.000000,555042.000000
REEDSBURG - C 0004,Reedsburg - C 0004,111,55111005649,005649,41,1.000000000000,379304.000000,379304.000000
REEDSBURG - C 0005,Reedsburg - C 0005,111,55111005650,005650,41,1.000000000000,742496.000000,742496.000000
REEDSBURG - C 0011,Reedsburg - C 0011,111,55111005651,005651,41,1.000000000000,815923.000000,815923.000000
REEDSBURG - C 0013,Reedsburg - C 0013,111,55111005652,005652,41,1.000000000000,791323.000000,791323.000000
WISCONSIN DELLS - C 0004,Wisconsin Dells - C 0004,111,55111005653,005653,41,1.000000000000,5989992.000000,5989992.000000
WISCONSIN DELLS - C 0008,Wisconsin Dells - C 0008,111,55111005654,005654,41,1.000000000000,101008.000000,101008.000000
WISCONSIN DELLS - C 0010,Wisconsin Dells - C 0010,111,55111005655,005655,41,1.000000000000,7703.000000,7703.000000
LAKE DELTON - V 0004,Lake Delton - V 0004,111,55111005656,005656,41,1.000000000000,11544.000000,11544.000000
LAKE DELTON - V 0005,Lake Delton - V 0005,111,55111005657,005657,41,1.000000000000,158761.000000,158761.000000
LAKE DELTON - V 0006,Lake Delton - V 0006,111,55111005658,005658,41,1.000000000000,5805.000000,5805.000000
LAKE DELTON - V 0007,Lake Delton - V 0007,111,55111005659,005659,41,1.000000000000,725989.000000,725989.000000
WEST BARABOO - V 0001,West Baraboo - V 0001,111,55111005661,005661,40,1.000000000000,1003247.000000,1003247.000000
BARABOO - C 0008,Baraboo - C 0008,111,55111005662,005662,40,1.000000000000,1914829.000000,1914829.000000
BARABOO - T 0004,BARABOO - T 0004,111,55111005663,005663,40,1.000000000000,40269442.000000,40269442.000000
SPRING GREEN - V 0001,Spring Green - V 0001,111,55111005664,005664,40,1.000000000000,2303608.000000,2303608.000000
SPRING GREEN - T 0003,SPRING GREEN - T 0003,111,55111005665,005665,40,1.000000000000,26165053.000000,26165053.000000
SAUK CITY - V 0003,Sauk City - V 0003,111,55111005666,005666,40,1.000000000000,541340.000000,541340.000000
LAKE DELTON - V 0008,Lake Delton - V 0008,111,55111005667,005667,41,1.000000000000,338526.000000,338526.000000
DELTON - T 0001,DELTON - T 0001,111,55111005668,005668,41,1.000000000000,22789848.000000,22789848.000000
LA VALLE - T 0001,LA VALLE - T 0001,111,55111005670,005670,41,1.000000000000,56175657.000000,56175657.000000
LA VALLE - V 0001,La Valle - V 0001,111,55111005671,005671,41,1.000000000000,1054051.000000,1054051.000000
REEDSBURG - C 0010,Reedsburg - C 0010,111,55111005672,005672,41,1.000000000000,3680614.000000,3680614.000000
REEDSBURG - T 0002,REEDSBURG - T 0002,111,55111005673,005673,41,1.000000000000,30159706.000000,30159706.000000
REEDSBURG - T 0001,REEDSBURG - T 0001,111,55111005674,005674,41,1.000000000000,44267254.000000,44267254.000000
REEDSBURG - C 0001,Reedsburg - C 0001,111,55111005675,005675,41,1.000000000000,661058.000000,661058.000000
PRAIRIE DU SAC - V 0003,Prairie Du Sac - V 0003,111,55111005676,005676,40,1.000000000000,924849.000000,924849.000000
WINFIELD - T 0002,WINFIELD - T 0002,111,55111005677,005677,41,1.000000000000,49862635.000000,49862635.000000
REEDSBURG - C 0014,Reedsburg - C 0014,111,55111005678,005678,41,1.000000000000,1094031.000000,1094031.000000
REEDSBURG - C 0006,Reedsburg - C 0006,111,55111005679,005679,41,1.000000000000,875629.000000,875629.000000
REEDSBURG - C 0009,Reedsburg - C 0009,111,55111005680,005680,41,1.000000000000,625774.000000,625774.000000
BARABOO - T 0003,BARABOO - T 0003,111,55111005681,005681,40,1.000000000000,10468612.000000,10468612.000000
BARABOO - C 0005,Baraboo - C 0005,111,55111005682,005682,40,1.000000000000,564878.000000,564878.000000
BARABOO - C 0006,Baraboo - C 0006,111,55111005683,005683,40,1.000000000000,2129129.000000,2129129.000000
PRAIRIE DU SAC - V 0002,Prairie Du Sac - V 0002,111,55111005684,005684,40,1.000000000000,2274376.000000,2274376.000000
REEDSBURG - T 0003,REEDSBURG - T 0003,111,55111005685,005685,41,1.000000000000,3971709.000000,3971709.000000
REEDSBURG - C 0008,Reedsburg - C 0008,111,55111005686,005686,41,1.000000000000,1418623.000000,1418623.000000
DELTON - T 0002,DELTON - T 0002,111,55111005687,005687,41,1.000000000000,13984557.000000,13984557.000000
LAKE DELTON - V 0010,Lake Delton - V 0010,111,55111005688,005688,41,1.000000000000,11860.000000,11860.000000
SAUK CITY - V 0005,Sauk City - V 0005,111,55111005689,005689,40,1.000000000000,1849538.000000,1849538.000000
PRAIRIE DU SAC - V 0004,Prairie Du Sac - V 0004,111,55111005690,005690,40,1.000000000000,749441.000000,749441.000000
PRAIRIE DU SAC - T 0001,PRAIRIE DU SAC - T 0001,111,55111005691,005691,40,1.000000000000,34105101.000000,34105101.000000
WEST BARABOO - V 0002,West Baraboo - V 0002,111,55111005692,005692,40,1.000000000000,2274800.000000,2274800.000000
BARABOO - C 0010,Baraboo - C 0010,111,55111005693,005693,40,1.000000000000,1531486.000000,1531486.000000
EXELAND - V 0001,Exeland - V 0001,113,55113005694,005694,74,1.000000000000,3167295.000000,3167295.000000
MEADOWBROOK - T 0001,MEADOWBROOK - T 0001,113,55113005695,005695,74,1.000000000000,93720196.000000,93720196.000000
METEOR - T 0001,METEOR - T 0001,113,55113005696,005696,74,1.000000000000,91341953.000000,91341953.000000
WEIRGOR - T 0001,WEIRGOR - T 0001,113,55113005697,005697,74,1.000000000000,88768679.000000,88768679.000000
EDGEWATER - T 0001,EDGEWATER - T 0001,113,55113005698,005698,74,1.000000000000,53783467.000000,53783467.000000
EDGEWATER - T 0002,EDGEWATER - T 0002,113,55113005699,005699,74,1.000000000000,81466227.000000,81466227.000000
RADISSON - V 0001,Radisson - V 0001,113,55113005700,005700,74,1.000000000000,1023403.000000,1023403.000000
RADISSON - T 0002,RADISSON - T 0002,113,55113005701,005701,74,1.000000000000,97536303.000000,97536303.000000
COUDERAY - V 0001,Couderay - V 0001,113,55113005702,005702,74,1.000000000000,2567485.000000,2567485.000000
WINTER - V 0001,Winter - V 0001,113,55113005703,005703,74,1.000000000000,2051266.000000,2051266.000000
OJIBWA - T 0002,OJIBWA - T 0002,113,55113005704,005704,74,1.000000000000,45299027.000000,45299027.000000
WINTER - T 0002,WINTER - T 0002,113,55113005705,005705,74,1.000000000000,591135683.000000,591135683.000000
RADISSON - T 0001,RADISSON - T 0001,113,55113005706,005706,74,1.000000000000,96990391.000000,96990391.000000
COUDERAY - T 0001,COUDERAY - T 0001,113,55113005707,005707,74,1.000000000000,174726335.000000,174726335.000000
SAND LAKE - T 0001,SAND LAKE - T 0001,113,55113005708,005708,74,1.000000000000,133099443.000000,133099443.000000
OJIBWA - T 0001,OJIBWA - T 0001,113,55113005709,005709,74,1.000000000000,87955134.000000,87955134.000000
HAYWARD - T 0008,HAYWARD - T 0008,113,55113005710,005710,74,1.000000000000,12944631.000000,12944631.000000
BASS LAKE - T 0005,BASS LAKE - T 0005,113,55113005711,005711,74,1.000000000000,6147887.000000,6147887.000000
BASS LAKE - T 0004,BASS LAKE - T 0004,113,55113005712,005712,74,1.000000000000,27067696.000000,27067696.000000
WINTER - T 0001,WINTER - T 0001,113,55113005713,005713,74,1.000000000000,147065885.000000,147065885.000000
DRAPER - T 0001,DRAPER - T 0001,113,55113005714,005714,74,1.000000000000,358461351.000000,358461351.000000
HUNTER - T 0001,HUNTER - T 0001,113,55113005715,005715,74,1.000000000000,196909870.000000,196909870.000000
HAYWARD - T 0006,HAYWARD - T 0006,113,55113005716,005716,74,1.000000000000,35765013.000000,35765013.000000
BASS LAKE - T 0003,BASS LAKE - T 0003,113,55113005717,005717,74,1.000000000000,17464076.000000,17464076.000000
BASS LAKE - T 0002,BASS LAKE - T 0002,113,55113005718,005718,74,1.000000000000,61509203.000000,61509203.000000
BASS LAKE - T 0001,BASS LAKE - T 0001,113,55113005719,005719,74,1.000000000000,47510714.000000,47510714.000000
HAYWARD - T 0002,HAYWARD - T 0002,113,55113005720,005720,74,1.000000000000,12209451.000000,12209451.000000
HAYWARD - C 0003,Hayward - C 0003,113,55113005721,005721,74,1.000000000000,5479740.000000,5479740.000000
HAYWARD - T 0005,HAYWARD - T 0005,113,55113005722,005722,74,1.000000000000,25509958.000000,25509958.000000
HAYWARD - T 0004,HAYWARD - T 0004,113,55113005723,005723,74,1.000000000000,17458049.000000,17458049.000000
HAYWARD - C 0004,Hayward - C 0004,113,55113005724,005724,74,1.000000000000,1954977.000000,1954977.000000
HAYWARD - C 0001,Hayward - C 0001,113,55113005725,005725,74,1.000000000000,599351.000000,599351.000000
HAYWARD - C 0005,Hayward - C 0005,113,55113005726,005726,74,1.000000000000,230153.000000,230153.000000
HAYWARD - C 0006,Hayward - C 0006,113,55113005727,005727,74,1.000000000000,599491.000000,599491.000000
HAYWARD - C 0002,Hayward - C 0002,113,55113005728,005728,74,1.000000000000,1181647.000000,1181647.000000
HAYWARD - T 0003,HAYWARD - T 0003,113,55113005729,005729,74,1.000000000000,41012438.000000,41012438.000000
HAYWARD - T 0007,HAYWARD - T 0007,113,55113005730,005730,74,1.000000000000,4826047.000000,4826047.000000
HAYWARD - T 0001,HAYWARD - T 0001,113,55113005731,005731,74,1.000000000000,14736455.000000,14736455.000000
ROUND LAKE - T 0002,ROUND LAKE - T 0002,113,55113005732,005732,74,1.000000000000,224756344.000000,224756344.000000
ROUND LAKE - T 0001,ROUND LAKE - T 0001,113,55113005733,005733,74,1.000000000000,81192124.000000,81192124.000000
LENROOT - T 0002,LENROOT - T 0002,113,55113005734,005734,74,1.000000000000,72842227.000000,72842227.000000
SPIDER LAKE - T 0001,SPIDER LAKE - T 0001,113,55113005735,005735,74,1.000000000000,282189502.000000,282189502.000000
LENROOT - T 0001,LENROOT - T 0001,113,55113005736,005736,74,1.000000000000,154843669.000000,154843669.000000
ANIWA - T 0001,ANIWA - T 0001,115,55115005737,005737,35,1.000000000000,86180419.000000,86180419.000000
HUTCHINS - T 0001,HUTCHINS - T 0001,115,55115005738,005738,35,1.000000000000,87002039.000000,87002039.000000
ANIWA - V 0001,Aniwa - V 0001,115,55115005739,005739,35,1.000000000000,5597161.000000,5597161.000000
MATTOON - V 0001,Mattoon - V 0001,115,55115005740,005740,35,1.000000000000,4245017.000000,4245017.000000
BIRNAMWOOD - T 0001,BIRNAMWOOD - T 0001,115,55115005741,005741,87,1.000000000000,81532207.000000,81532207.000000
BIRNAMWOOD - V 0001,Birnamwood - V 0001,115,55115005742,005742,87,1.000000000000,5543919.000000,5543919.000000
ALMON - T 0001,ALMON - T 0001,115,55115005743,005743,87,1.000000000000,91060306.000000,91060306.000000
RED SPRINGS - T 0001,RED SPRINGS - T 0001,115,55115005744,005744,6,1.000000000000,60073448.000000,60073448.000000
BARTELME - T 0001,BARTELME - T 0001,115,55115005745,005745,6,1.000000000000,92227459.000000,92227459.000000
ELAND - V 0001,Eland - V 0001,115,55115005746,005746,87,1.000000000000,5714561.000000,5714561.000000
RICHMOND - T 0002,RICHMOND - T 0002,115,55115005747,005747,6,1.000000000000,31959437.000000,31959437.000000
WESCOTT - T 0002,WESCOTT - T 0002,115,55115005748,005748,6,1.000000000000,22397700.000000,22397700.000000
HERMAN - T 0001,HERMAN - T 0001,115,55115005749,005749,6,1.000000000000,60987532.000000,60987532.000000
GRESHAM - V 0001,Gresham - V 0001,115,55115005750,005750,6,1.000000000000,3138810.000000,3138810.000000
WASHINGTON - T 0003,WASHINGTON - T 0003,115,55115005751,005751,6,1.000000000000,59398068.000000,59398068.000000
GREEN VALLEY - T 0001,GREEN VALLEY - T 0001,115,55115005752,005752,6,1.000000000000,47382132.000000,47382132.000000
CECIL - V 0001,Cecil - V 0001,115,55115005753,005753,6,1.000000000000,4664668.000000,4664668.000000
GERMANIA - T 0002,GERMANIA - T 0002,115,55115005754,005754,87,1.000000000000,57105663.000000,57105663.000000
PELLA - T 0001,PELLA - T 0001,115,55115005755,005755,6,1.000000000000,95236193.000000,95236193.000000
BONDUEL - V 0001,Bonduel - V 0001,115,55115005756,005756,6,1.000000000000,3287867.000000,3287867.000000
NAVARINO - T 0001,NAVARINO - T 0001,115,55115005757,005757,6,1.000000000000,92614730.000000,92614730.000000
LESSOR - T 0001,LESSOR - T 0001,115,55115005758,005758,6,1.000000000000,71705067.000000,71705067.000000
PULASKI - V 0004,Pulaski - V 0004,115,55115005759,005759,6,1.000000000000,314732.000000,314732.000000
MAPLE GROVE - T 0001,MAPLE GROVE - T 0001,115,55115005760,005760,6,1.000000000000,91327635.000000,91327635.000000
ANGELICA - T 0002,ANGELICA - T 0002,115,55115005761,005761,6,1.000000000000,50444667.000000,50444667.000000
HARTLAND - T 0001,HARTLAND - T 0001,115,55115005762,005762,6,1.000000000000,89953272.000000,89953272.000000
MORRIS - T 0001,MORRIS - T 0001,115,55115005763,005763,87,1.000000000000,93692514.000000,93692514.000000
WAUKECHON - T 0001,WAUKECHON - T 0001,115,55115005764,005764,6,1.000000000000,64284161.000000,64284161.000000
SHAWANO - C 0010,Shawano - C 0010,115,55115005765,005765,6,1.000000000000,8634567.000000,8634567.000000
BELLE PLAINE - T 0003,BELLE PLAINE - T 0003,115,55115005766,005766,6,1.000000000000,27921834.000000,27921834.000000
PULASKI - V 0007,Pulaski - V 0007,115,55115005767,005767,6,1.000000000000,139920.000000,139920.000000
GRANT - T 0002,GRANT - T 0002,115,55115005768,005768,87,1.000000000000,60594302.000000,60594302.000000
MARION - C 0004,Marion - C 0004,115,55115005769,005769,87,1.000000000000,800648.000000,800648.000000
SENECA - T 0001,SENECA - T 0001,115,55115005770,005770,6,1.000000000000,94768823.000000,94768823.000000
BOWLER - V 0001,Bowler - V 0001,115,55115005771,005771,6,1.000000000000,2685318.000000,2685318.000000
FAIRBANKS - T 0001,FAIRBANKS - T 0001,115,55115005772,005772,87,1.000000000000,88745758.000000,88745758.000000
TIGERTON - V 0001,Tigerton - V 0001,115,55115005773,005773,87,1.000000000000,4788876.000000,4788876.000000
WITTENBERG - T 0001,WITTENBERG - T 0001,115,55115005774,005774,87,1.000000000000,47594290.000000,47594290.000000
WITTENBERG - V 0001,Wittenberg - V 0001,115,55115005775,005775,87,1.000000000000,2596149.000000,2596149.000000
SHAWANO - C 0001,Shawano - C 0001,115,55115005776,005776,6,1.000000000000,673561.000000,673561.000000
SHAWANO - C 0002,Shawano - C 0002,115,55115005777,005777,6,1.000000000000,1520302.000000,1520302.000000
SHAWANO - C 0009,Shawano - C 0009,115,55115005778,005778,6,1.000000000000,2323285.000000,2323285.000000
SHAWANO - C 0003,Shawano - C 0003,115,55115005779,005779,6,1.000000000000,496624.000000,496624.000000
SHAWANO - C 0005,Shawano - C 0005,115,55115005780,005780,6,1.000000000000,595888.000000,595888.000000
SHAWANO - C 0004,Shawano - C 0004,115,55115005781,005781,6,1.000000000000,596243.000000,596243.000000
SHAWANO - C 0006,Shawano - C 0006,115,55115005782,005782,6,1.000000000000,624510.000000,624510.000000
SHAWANO - C 0011,Shawano - C 0011,115,55115005783,005783,6,1.000000000000,505821.000000,505821.000000
SHAWANO - C 0012,Shawano - C 0012,115,55115005784,005784,6,1.000000000000,526282.000000,526282.000000
SHAWANO - C 0008,Shawano - C 0008,115,55115005785,005785,6,1.000000000000,1028306.000000,1028306.000000
SHAWANO - C 0007,Shawano - C 0007,115,55115005786,005786,6,1.000000000000,436237.000000,436237.000000
WESCOTT - T 0004,WESCOTT - T 0004,115,55115005787,005787,6,1.000000000000,30871101.000000,30871101.000000
WESCOTT - T 0001,WESCOTT - T 0001,115,55115005788,005788,6,1.000000000000,13665482.000000,13665482.000000
WESCOTT - T 0003,WESCOTT - T 0003,115,55115005789,005789,6,1.000000000000,11868575.000000,11868575.000000
WASHINGTON - T 0001,WASHINGTON - T 0001,115,55115005790,005790,6,1.000000000000,21010465.000000,21010465.000000
WASHINGTON - T 0002,WASHINGTON - T 0002,115,55115005791,005791,6,1.000000000000,19723000.000000,19723000.000000
GREEN VALLEY - T 0002,GREEN VALLEY - T 0002,115,55115005792,005792,6,1.000000000000,45421502.000000,45421502.000000
ANGELICA - T 0001,ANGELICA - T 0001,115,55115005793,005793,6,1.000000000000,11828437.000000,11828437.000000
ANGELICA - T 0003,ANGELICA - T 0003,115,55115005794,005794,6,1.000000000000,32576191.000000,32576191.000000
LESSOR - T 0002,LESSOR - T 0002,115,55115005795,005795,6,1.000000000000,21891567.000000,21891567.000000
BONDUEL - V 0002,Bonduel - V 0002,115,55115005796,005796,6,1.000000000000,2564992.000000,2564992.000000
WAUKECHON - T 0002,WAUKECHON - T 0002,115,55115005797,005797,6,1.000000000000,27386881.000000,27386881.000000
BELLE PLAINE - T 0001,BELLE PLAINE - T 0001,115,55115005798,005798,6,1.000000000000,46118006.000000,46118006.000000
BELLE PLAINE - T 0002,BELLE PLAINE - T 0002,115,55115005799,005799,6,1.000000000000,27316362.000000,27316362.000000
RED SPRINGS - T 0002,RED SPRINGS - T 0002,115,55115005800,005800,6,1.000000000000,34233859.000000,34233859.000000
RICHMOND - T 0001,RICHMOND - T 0001,115,55115005801,005801,6,1.000000000000,37429683.000000,37429683.000000
RICHMOND - T 0003,RICHMOND - T 0003,115,55115005802,005802,6,1.000000000000,18715999.000000,18715999.000000
HERMAN - T 0002,HERMAN - T 0002,115,55115005803,005803,6,1.000000000000,30838841.000000,30838841.000000
GRANT - T 0001,GRANT - T 0001,115,55115005804,005804,87,1.000000000000,34151564.000000,34151564.000000
GERMANIA - T 0001,GERMANIA - T 0001,115,55115005805,005805,87,1.000000000000,36841403.000000,36841403.000000
WITTENBERG - T 0002,WITTENBERG - T 0002,115,55115005806,005806,87,1.000000000000,40667308.000000,40667308.000000
WITTENBERG - V 0002,Wittenberg - V 0002,115,55115005807,005807,87,1.000000000000,2096609.000000,2096609.000000
MARION - C 0006,Marion - C 0006,115,55115005808,005808,87,1.000000000000,119150.000000,119150.000000
MARION - C 0005,Marion - C 0005,115,55115005809,005809,87,1.000000000000,318903.000000,318903.000000
SHEBOYGAN - C 0002,Sheboygan - C 0002,117,55117005810,005810,26,1.000000000000,1226658.000000,1226658.000000
SHEBOYGAN - C 0012,Sheboygan - C 0012,117,55117005811,005811,26,1.000000000000,739840.000000,739840.000000
SHEBOYGAN - C 0003,Sheboygan - C 0003,117,55117005812,005812,26,1.000000000000,2498012.000000,2498012.000000
SHEBOYGAN - C 0013,Sheboygan - C 0013,117,55117005813,005813,26,1.000000000000,2375426.000000,2375426.000000
SHEBOYGAN - C 0004,Sheboygan - C 0004,117,55117005814,005814,26,1.000000000000,955023.000000,955023.000000
SHEBOYGAN - C 0007,Sheboygan - C 0007,117,55117005815,005815,26,1.000000000000,141129.000000,141129.000000
SHEBOYGAN - C 0009,Sheboygan - C 0009,117,55117005816,005816,26,1.000000000000,146189.000000,146189.000000
SHEBOYGAN - C 0008,Sheboygan - C 0008,117,55117005817,005817,26,1.000000000000,380152.000000,380152.000000
SHEBOYGAN - C 0014,Sheboygan - C 0014,117,55117005818,005818,26,1.000000000000,1290266.000000,1290266.000000
SHEBOYGAN - C 0015,Sheboygan - C 0015,117,55117005819,005819,26,1.000000000000,2303416.000000,2303416.000000
SHEBOYGAN - C 0019,Sheboygan - C 0019,117,55117005820,005820,26,1.000000000000,1289664.000000,1289664.000000
SHEBOYGAN - C 0018,Sheboygan - C 0018,117,55117005821,005821,26,1.000000000000,2126492.000000,2126492.000000
HERMAN - T 0003,HERMAN - T 0003,117,55117005822,005822,27,1.000000000000,15950743.000000,15950743.000000
HERMAN - T 0002,HERMAN - T 0002,117,55117005823,005823,27,1.000000000000,31205627.000000,31205627.000000
SHEBOYGAN - C 0005,Sheboygan - C 0005,117,55117005824,005824,26,1.000000000000,1434873.000000,1434873.000000
SHEBOYGAN - C 0022,Sheboygan - C 0022,117,55117005825,005825,26,1.000000000000,3376054.000000,3376054.000000
SHEBOYGAN - C 0006,Sheboygan - C 0006,117,55117005826,005826,26,1.000000000000,502352.000000,502352.000000
SHEBOYGAN - C 0021,Sheboygan - C 0021,117,55117005827,005827,26,1.000000000000,552094.000000,552094.000000
SHEBOYGAN - C 0020,Sheboygan - C 0020,117,55117005828,005828,26,1.000000000000,926140.000000,926140.000000
SHEBOYGAN - C 0010,Sheboygan - C 0010,117,55117005829,005829,26,1.000000000000,712119.000000,712119.000000
SHEBOYGAN - C 0011,Sheboygan - C 0011,117,55117005830,005830,26,1.000000000000,642659.000000,642659.000000
RUSSELL - T 0001,RUSSELL - T 0001,117,55117005831,005831,27,1.000000000000,62474988.000000,62474988.000000
RHINE - T 0002,RHINE - T 0002,117,55117005832,005832,27,1.000000000000,20786617.000000,20786617.000000
GREENBUSH - T 0002,GREENBUSH - T 0002,117,55117005833,005833,27,1.000000000000,20705945.000000,20705945.000000
HOWARDS GROVE - V 0002,Howards Grove - V 0002,117,55117005834,005834,27,1.000000000000,1019722.000000,1019722.000000
HOWARDS GROVE - V 0003,Howards Grove - V 0003,117,55117005835,005835,27,1.000000000000,1563837.000000,1563837.000000
HOWARDS GROVE - V 0004,Howards Grove - V 0004,117,55117005836,005836,27,1.000000000000,1396259.000000,1396259.000000
HOWARDS GROVE - V 0001,Howards Grove - V 0001,117,55117005837,005837,27,1.000000000000,1848217.000000,1848217.000000
HERMAN - T 0001,HERMAN - T 0001,117,55117005838,005838,27,1.000000000000,41029566.000000,41029566.000000
ELKHART LAKE - V 0001,Elkhart Lake - V 0001,117,55117005839,005839,27,1.000000000000,2068478.000000,2068478.000000
GREENBUSH - T 0001,GREENBUSH - T 0001,117,55117005840,005840,27,1.000000000000,56963726.000000,56963726.000000
GLENBEULAH - V 0001,Glenbeulah - V 0001,117,55117005841,005841,27,1.000000000000,1669710.000000,1669710.000000
PLYMOUTH - T 0002,PLYMOUTH - T 0002,117,55117005842,005842,27,1.000000000000,10825363.000000,10825363.000000
SHEBOYGAN FALLS - C 0004,Sheboygan Falls - C 0004,117,55117005843,005843,27,1.000000000000,2598800.000000,2598800.000000
SHEBOYGAN - T 0001,SHEBOYGAN - T 0001,117,55117005844,005844,26,1.000000000000,4159728.000000,4159728.000000
SHEBOYGAN - C 0001,Sheboygan - C 0001,117,55117005845,005845,26,1.000000000000,3833354.000000,3833354.000000
SHEBOYGAN - T 0002,SHEBOYGAN - T 0002,117,55117005846,005846,26,1.000000000000,3461870.000000,3461870.000000
SHEBOYGAN - T 0003,SHEBOYGAN - T 0003,117,55117005847,005847,25,0.000252339725,565.000000,2239045.000000
SHEBOYGAN - T 0003,SHEBOYGAN - T 0003,117,55117005847,005847,26,0.999747660275,2238480.000000,2239045.000000
SHEBOYGAN - T 0005,SHEBOYGAN - T 0005,117,55117005848,005848,26,1.000000000000,1029251.000000,1029251.000000
SHEBOYGAN FALLS - T 0003,SHEBOYGAN FALLS - T 0003,117,55117005849,005849,27,1.000000000000,10384540.000000,10384540.000000
SHEBOYGAN FALLS - C 0005,Sheboygan Falls - C 0005,117,55117005850,005850,27,1.000000000000,800737.000000,800737.000000
SHEBOYGAN - C 0025,Sheboygan - C 0025,117,55117005851,005851,26,1.000000000000,1027306.000000,1027306.000000
SHEBOYGAN - C 0024,Sheboygan - C 0024,117,55117005852,005852,26,1.000000000000,3862903.000000,3862903.000000
LIMA - T 0004,LIMA - T 0004,117,55117005853,005853,27,1.000000000000,16833495.000000,16833495.000000
ADELL - V 0001,Adell - V 0001,117,55117005854,005854,59,1.000000000000,1475145.000000,1475145.000000
WALDO - V 0001,Waldo - V 0001,117,55117005855,005855,27,1.000000000000,2628674.000000,2628674.000000
MITCHELL - T 0002,MITCHELL - T 0002,117,55117005856,005856,27,1.000000000000,25291860.000000,25291860.000000
SCOTT - T 0003,SCOTT - T 0003,117,55117005857,005857,59,1.000000000000,20895184.000000,20895184.000000
SCOTT - T 0002,SCOTT - T 0002,117,55117005858,005858,59,1.000000000000,21458975.000000,21458975.000000
SCOTT - T 0001,SCOTT - T 0001,117,55117005859,005859,59,1.000000000000,52295874.000000,52295874.000000
RANDOM LAKE - V 0002,Random Lake - V 0002,117,55117005860,005860,59,1.000000000000,1254822.000000,1254822.000000
SHERMAN - T 0001,SHERMAN - T 0001,117,55117005861,005861,59,1.000000000000,61681006.000000,61681006.000000
CEDAR GROVE - V 0002,Cedar Grove - V 0002,117,55117005862,005862,59,1.000000000000,1215536.000000,1215536.000000
CEDAR GROVE - V 0001,Cedar Grove - V 0001,117,55117005863,005863,59,1.000000000000,2129360.000000,2129360.000000
OOSTBURG - V 0004,Oostburg - V 0004,117,55117005864,005864,27,1.000000000000,1343204.000000,1343204.000000
OOSTBURG - V 0003,Oostburg - V 0003,117,55117005865,005865,27,1.000000000000,2112141.000000,2112141.000000
PLYMOUTH - C 0002,Plymouth - C 0002,117,55117005866,005866,27,1.000000000000,885373.000000,885373.000000
PLYMOUTH - C 0004,Plymouth - C 0004,117,55117005867,005867,27,1.000000000000,673935.000000,673935.000000
PLYMOUTH - C 0003,Plymouth - C 0003,117,55117005868,005868,27,1.000000000000,434104.000000,434104.000000
PLYMOUTH - C 0010,Plymouth - C 0010,117,55117005869,005869,27,1.000000000000,436934.000000,436934.000000
PLYMOUTH - C 0011,Plymouth - C 0011,117,55117005870,005870,27,1.000000000000,292999.000000,292999.000000
SHERMAN - T 0002,SHERMAN - T 0002,117,55117005871,005871,59,1.000000000000,26646436.000000,26646436.000000
LYNDON - T 0001,LYNDON - T 0001,117,55117005872,005872,27,1.000000000000,34624223.000000,34624223.000000
SHEBOYGAN FALLS - C 0008,Sheboygan Falls - C 0008,117,55117005873,005873,27,1.000000000000,530901.000000,530901.000000
RHINE - T 0003,RHINE - T 0003,117,55117005874,005874,27,1.000000000000,46844501.000000,46844501.000000
SHEBOYGAN FALLS - T 0002,SHEBOYGAN FALLS - T 0002,117,55117005875,005875,27,1.000000000000,34685955.000000,34685955.000000
PLYMOUTH - C 0006,Plymouth - C 0006,117,55117005876,005876,27,1.000000000000,1820326.000000,1820326.000000
PLYMOUTH - T 0004,PLYMOUTH - T 0004,117,55117005877,005877,27,1.000000000000,20431345.000000,20431345.000000
SHEBOYGAN FALLS - C 0002,Sheboygan Falls - C 0002,117,55117005878,005878,27,1.000000000000,1237037.000000,1237037.000000
LIMA - T 0002,LIMA - T 0002,117,55117005879,005879,27,1.000000000000,31182204.000000,31182204.000000
SHEBOYGAN - T 0004,SHEBOYGAN - T 0004,117,55117005880,005880,25,1.000000000000,4023463.000000,4023463.000000
SHEBOYGAN - T 0006,SHEBOYGAN - T 0006,117,55117005881,005881,25,1.000000000000,4077014.000000,4077014.000000
LIMA - T 0001,LIMA - T 0001,117,55117005882,005882,27,1.000000000000,30454511.000000,30454511.000000
WILSON - T 0002,WILSON - T 0002,117,55117005883,005883,26,0.999663887473,991462468.000000,991795823.000000
WILSON - T 0002,WILSON - T 0002,117,55117005883,005883,59,0.000336112527,333355.000000,991795823.000000
CEDAR GROVE - V 0003,Cedar Grove - V 0003,117,55117005884,005884,59,1.000000000000,2398720.000000,2398720.000000
HOLLAND - T 0002,HOLLAND - T 0002,117,55117005885,005885,26,0.938270793593,462189623.000000,492597261.000000
HOLLAND - T 0002,HOLLAND - T 0002,117,55117005885,005885,59,0.061729206407,30407638.000000,492597261.000000
HOLLAND - T 0001,HOLLAND - T 0001,117,55117005886,005886,59,1.000000000000,38344862.000000,38344862.000000
OOSTBURG - V 0001,Oostburg - V 0001,117,55117005887,005887,27,1.000000000000,1000636.000000,1000636.000000
KOHLER - V 0003,Kohler - V 0003,117,55117005888,005888,27,1.000000000000,3144665.000000,3144665.000000
PLYMOUTH - C 0012,Plymouth - C 0012,117,55117005889,005889,27,1.000000000000,1603686.000000,1603686.000000
PLYMOUTH - C 0005,Plymouth - C 0005,117,55117005890,005890,27,1.000000000000,726445.000000,726445.000000
PLYMOUTH - C 0008,Plymouth - C 0008,117,55117005891,005891,27,1.000000000000,1234977.000000,1234977.000000
PLYMOUTH - C 0009,Plymouth - C 0009,117,55117005892,005892,27,1.000000000000,1244069.000000,1244069.000000
SHEBOYGAN FALLS - C 0007,Sheboygan Falls - C 0007,117,55117005893,005893,27,1.000000000000,2925836.000000,2925836.000000
SHEBOYGAN FALLS - C 0003,Sheboygan Falls - C 0003,117,55117005894,005894,27,1.000000000000,490085.000000,490085.000000
SHEBOYGAN FALLS - C 0006,Sheboygan Falls - C 0006,117,55117005895,005895,27,1.000000000000,607749.000000,607749.000000
SHEBOYGAN - T 0007,SHEBOYGAN - T 0007,117,55117005896,005896,25,1.000000000000,2116435.000000,2116435.000000
SHEBOYGAN - T 0008,SHEBOYGAN - T 0008,117,55117005897,005897,26,1.000000000000,3613768.000000,3613768.000000
SHEBOYGAN - T 0009,SHEBOYGAN - T 0009,117,55117005898,005898,26,1.000000000000,1418935.000000,1418935.000000
SHEBOYGAN FALLS - T 0001,SHEBOYGAN FALLS - T 0001,117,55117005899,005899,27,1.000000000000,35858217.000000,35858217.000000
MOSEL - T 0001,MOSEL - T 0001,117,55117005900,005900,25,0.106905119100,60726880.000000,568044641.000000
MOSEL - T 0001,MOSEL - T 0001,117,55117005900,005900,26,0.893094880900,507317761.000000,568044641.000000
LIMA - T 0003,LIMA - T 0003,117,55117005901,005901,27,1.000000000000,14281468.000000,14281468.000000
LYNDON - T 0002,LYNDON - T 0002,117,55117005902,005902,27,1.000000000000,28920217.000000,28920217.000000
RHINE - T 0001,RHINE - T 0001,117,55117005903,005903,27,1.000000000000,22146651.000000,22146651.000000
ELKHART LAKE - V 0002,Elkhart Lake - V 0002,117,55117005904,005904,27,1.000000000000,1272210.000000,1272210.000000
KOHLER - V 0002,Kohler - V 0002,117,55117005905,005905,27,1.000000000000,1001378.000000,1001378.000000
RANDOM LAKE - V 0001,Random Lake - V 0001,117,55117005906,005906,59,1.000000000000,3319763.000000,3319763.000000
MITCHELL - T 0003,MITCHELL - T 0003,117,55117005907,005907,27,1.000000000000,955220.000000,955220.000000
GREENBUSH - T 0003,GREENBUSH - T 0003,117,55117005908,005908,27,1.000000000000,45171728.000000,45171728.000000
MITCHELL - T 0001,MITCHELL - T 0001,117,55117005909,005909,27,1.000000000000,67397667.000000,67397667.000000
SHEBOYGAN FALLS - C 0001,Sheboygan Falls - C 0001,117,55117005910,005910,27,1.000000000000,430541.000000,430541.000000
SHEBOYGAN FALLS - C 0009,Sheboygan Falls - C 0009,117,55117005911,005911,27,1.000000000000,4467077.000000,4467077.000000
HOLLAND - T 0003,HOLLAND - T 0003,117,55117005912,005912,59,1.000000000000,43237682.000000,43237682.000000
OOSTBURG - V 0002,Oostburg - V 0002,117,55117005913,005913,27,1.000000000000,626578.000000,626578.000000
WILSON - T 0003,WILSON - T 0003,117,55117005914,005914,26,1.000000000000,3131390.000000,3131390.000000
SHEBOYGAN - C 0023,Sheboygan - C 0023,117,55117005915,005915,26,1.000000000000,8125003.000000,8125003.000000
SHEBOYGAN - C 0027,Sheboygan - C 0027,117,55117005916,005916,26,1.000000000000,710079.000000,710079.000000
SHEBOYGAN - C 0017,Sheboygan - C 0017,117,55117005917,005917,26,1.000000000000,2088577.000000,2088577.000000
KOHLER - V 0001,Kohler - V 0001,117,55117005918,005918,27,1.000000000000,10187298.000000,10187298.000000
SHEBOYGAN - C 0016,Sheboygan - C 0016,117,55117005919,005919,26,1.000000000000,2113243.000000,2113243.000000
PLYMOUTH - T 0001,PLYMOUTH - T 0001,117,55117005920,005920,27,1.000000000000,19773298.000000,19773298.000000
PLYMOUTH - C 0001,Plymouth - C 0001,117,55117005921,005921,27,1.000000000000,1405710.000000,1405710.000000
WILSON - T 0001,WILSON - T 0001,117,55117005922,005922,26,1.000000000000,10000108.000000,10000108.000000
SHEBOYGAN - T 0010,SHEBOYGAN - T 0010,117,55117005923,005923,26,1.000000000000,2335213.000000,2335213.000000
SHEBOYGAN - C 0026,Sheboygan - C 0026,117,55117005924,005924,26,1.000000000000,1839839.000000,1839839.000000
SHEBOYGAN - C 0028,Sheboygan - C 0028,117,55117005925,005925,26,1.000000000000,2261.000000,2261.000000
SHEBOYGAN - C 0031,Sheboygan - C 0031,117,55117005926,005926,26,1.000000000000,10124.000000,10124.000000
SHEBOYGAN - C 0029,Sheboygan - C 0029,117,55117005927,005927,26,1.000000000000,3988.000000,3988.000000
SHEBOYGAN - C 0030,Sheboygan - C 0030,117,55117005928,005928,26,1.000000000000,3175.000000,3175.000000
WILSON - T 0004,WILSON - T 0004,117,55117005929,005929,26,1.000000000000,13588848.000000,13588848.000000
GLENBEULAH - V 0001,Glenbeulah - V 0001,117,55117005930,005930,27,1.000000000000,197842.000000,197842.000000
SHEBOYGAN FALLS - C 0011,Sheboygan Falls - C 0011,117,55117005931,005931,27,1.000000000000,99500.000000,99500.000000
SHEBOYGAN FALLS - C 0010,Sheboygan Falls - C 0010,117,55117005932,005932,27,1.000000000000,146630.000000,146630.000000
PLYMOUTH - T 0003,PLYMOUTH - T 0003,117,55117005933,005933,27,1.000000000000,27555681.000000,27555681.000000
PLYMOUTH - C 0007,Plymouth - C 0007,117,55117005934,005934,27,1.000000000000,3239989.000000,3239989.000000
CASCADE - V 0001,Cascade - V 0001,117,55117005935,005935,27,1.000000000000,2162844.000000,2162844.000000
LYNDON - T 0003,LYNDON - T 0003,117,55117005936,005936,27,1.000000000000,24961653.000000,24961653.000000
MCKINLEY - T 0001,MCKINLEY - T 0001,119,55119005937,005937,68,1.000000000000,93025516.000000,93025516.000000
JUMP RIVER - T 0001,JUMP RIVER - T 0001,119,55119005938,005938,68,1.000000000000,93011635.000000,93011635.000000
PERSHING - T 0001,PERSHING - T 0001,119,55119005939,005939,68,1.000000000000,92344708.000000,92344708.000000
CLEVELAND - T 0001,CLEVELAND - T 0001,119,55119005940,005940,68,1.000000000000,92608899.000000,92608899.000000
WESTBORO - T 0001,WESTBORO - T 0001,119,55119005941,005941,68,1.000000000000,324788259.000000,324788259.000000
GROVER - T 0001,GROVER - T 0001,119,55119005942,005942,68,1.000000000000,184886964.000000,184886964.000000
MOLITOR - T 0001,MOLITOR - T 0001,119,55119005943,005943,68,1.000000000000,93374022.000000,93374022.000000
AURORA - T 0001,AURORA - T 0001,119,55119005944,005944,68,1.000000000000,88858052.000000,88858052.000000
FORD - T 0001,FORD - T 0001,119,55119005945,005945,68,1.000000000000,90939561.000000,90939561.000000
GILMAN - V 0001,Gilman - V 0001,119,55119005946,005946,68,1.000000000000,6061095.000000,6061095.000000
TAFT - T 0001,TAFT - T 0001,119,55119005947,005947,68,1.000000000000,94910642.000000,94910642.000000
ROOSEVELT - T 0001,ROOSEVELT - T 0001,119,55119005948,005948,68,1.000000000000,89204511.000000,89204511.000000
LUBLIN - V 0001,Lublin - V 0001,119,55119005949,005949,68,1.000000000000,3947258.000000,3947258.000000
MAPLEHURST - T 0001,MAPLEHURST - T 0001,119,55119005950,005950,68,1.000000000000,93028546.000000,93028546.000000
GOODRICH - T 0001,GOODRICH - T 0001,119,55119005951,005951,69,1.000000000000,94077638.000000,94077638.000000
BROWNING - T 0001,BROWNING - T 0001,119,55119005952,005952,69,1.000000000000,94459618.000000,94459618.000000
GREENWOOD - T 0001,GREENWOOD - T 0001,119,55119005953,005953,68,1.000000000000,140828078.000000,140828078.000000
CHELSEA - T 0001,CHELSEA - T 0001,119,55119005954,005954,68,1.000000000000,105797674.000000,105797674.000000
HOLWAY - T 0001,HOLWAY - T 0001,119,55119005955,005955,68,1.000000000000,94076405.000000,94076405.000000
DEER CREEK - T 0001,DEER CREEK - T 0001,119,55119005956,005956,69,1.000000000000,88667756.000000,88667756.000000
STETSONVILLE - V 0001,Stetsonville - V 0001,119,55119005957,005957,69,1.000000000000,1011964.000000,1011964.000000
LITTLE BLACK - T 0001,LITTLE BLACK - T 0001,119,55119005958,005958,69,1.000000000000,45069954.000000,45069954.000000
LITTLE BLACK - T 0002,LITTLE BLACK - T 0002,119,55119005959,005959,69,1.000000000000,44308503.000000,44308503.000000
HAMMEL - T 0002,HAMMEL - T 0002,119,55119005960,005960,68,1.000000000000,46691116.000000,46691116.000000
HAMMEL - T 0001,HAMMEL - T 0001,119,55119005961,005961,68,1.000000000000,45914659.000000,45914659.000000
MEDFORD - T 0003,MEDFORD - T 0003,119,55119005962,005962,69,1.000000000000,33416549.000000,33416549.000000
MEDFORD - T 0002,MEDFORD - T 0002,119,55119005963,005963,69,1.000000000000,29397445.000000,29397445.000000
MEDFORD - T 0001,MEDFORD - T 0001,119,55119005964,005964,69,1.000000000000,33596225.000000,33596225.000000
RIB LAKE - V 0001,Rib Lake - V 0001,119,55119005965,005965,68,1.000000000000,5718377.000000,5718377.000000
RIB LAKE - T 0001,RIB LAKE - T 0001,119,55119005966,005966,68,1.000000000000,46645378.000000,46645378.000000
RIB LAKE - T 0002,RIB LAKE - T 0002,119,55119005967,005967,68,1.000000000000,147623589.000000,147623589.000000
MEDFORD - C 0008,Medford - C 0008,119,55119005969,005969,69,1.000000000000,494419.000000,494419.000000
MEDFORD - C 0004,Medford - C 0004,119,55119005970,005970,69,1.000000000000,3631754.000000,3631754.000000
MEDFORD - C 0007,Medford - C 0007,119,55119005971,005971,69,1.000000000000,1687590.000000,1687590.000000
MEDFORD - C 0003,Medford - C 0003,119,55119005972,005972,69,1.000000000000,455877.000000,455877.000000
MEDFORD - C 0002,Medford - C 0002,119,55119005973,005973,69,1.000000000000,2164056.000000,2164056.000000
MEDFORD - C 0005,Medford - C 0005,119,55119005974,005974,69,1.000000000000,1904892.000000,1904892.000000
MEDFORD - C 0006,Medford - C 0006,119,55119005975,005975,69,1.000000000000,823427.000000,823427.000000
MEDFORD - C 0001,Medford - C 0001,119,55119005976,005976,69,1.000000000000,552566.000000,552566.000000
DODGE - T 0001,DODGE - T 0001,121,55121005977,005977,29,1.000000000000,55431686.000000,55431686.000000
HALE - T 0001,HALE - T 0001,121,55121005978,005978,29,1.000000000000,180947260.000000,180947260.000000
CHIMNEY ROCK - T 0001,CHIMNEY ROCK - T 0001,121,55121005979,005979,29,1.000000000000,93608471.000000,93608471.000000
ETTRICK - T 0001,ETTRICK - T 0001,121,55121005980,005980,94,1.000000000000,110680428.000000,110680428.000000
ETTRICK - T 0002,ETTRICK - T 0002,121,55121005981,005981,94,1.000000000000,88561137.000000,88561137.000000
CALEDONIA - T 0002,CALEDONIA - T 0002,121,55121005982,005982,94,1.000000000000,12873484.000000,12873484.000000
ETTRICK - V 0001,Ettrick - V 0001,121,55121005983,005983,94,1.000000000000,1914883.000000,1914883.000000
OSSEO - C 0003,Osseo - C 0003,121,55121005984,005984,93,1.000000000000,1465677.000000,1465677.000000
ALBION - T 0002,ALBION - T 0002,121,55121005985,005985,93,1.000000000000,39125335.000000,39125335.000000
PIGEON - T 0001,PIGEON - T 0001,121,55121005986,005986,29,1.000000000000,70777104.000000,70777104.000000
CALEDONIA - T 0001,CALEDONIA - T 0001,121,55121005987,005987,94,1.000000000000,42324198.000000,42324198.000000
BURNSIDE - T 0002,BURNSIDE - T 0002,121,55121005988,005988,29,1.000000000000,59464600.000000,59464600.000000
BLAIR - C 0003,Blair - C 0003,121,55121005989,005989,29,1.000000000000,440474.000000,440474.000000
ARCADIA - T 0002,ARCADIA - T 0002,121,55121005990,005990,29,1.000000000000,73812948.000000,73812948.000000
ARCADIA - C 0002,Arcadia - C 0002,121,55121005991,005991,29,1.000000000000,1326162.000000,1326162.000000
PRESTON - T 0002,PRESTON - T 0002,121,55121005992,005992,29,1.000000000000,28272567.000000,28272567.000000
PRESTON - T 0003,PRESTON - T 0003,121,55121005993,005993,29,1.000000000000,82226465.000000,82226465.000000
OSSEO - C 0001,Osseo - C 0001,121,55121005994,005994,93,1.000000000000,2614901.000000,2614901.000000
OSSEO - C 0002,Osseo - C 0002,121,55121005995,005995,93,1.000000000000,1283816.000000,1283816.000000
SUMNER - T 0001,SUMNER - T 0001,121,55121005996,005996,93,1.000000000000,87654686.000000,87654686.000000
GALESVILLE - C 0003,Galesville - C 0003,121,55121005997,005997,94,1.000000000000,949385.000000,949385.000000
BLAIR - C 0002,Blair - C 0002,121,55121005998,005998,29,1.000000000000,6840995.000000,6840995.000000
ARCADIA - C 0001,Arcadia - C 0001,121,55121005999,005999,29,1.000000000000,3610267.000000,3610267.000000
GALE - T 0001,GALE - T 0001,121,55121006000,006000,94,1.000000000000,8460078.000000,8460078.000000
GALESVILLE - C 0002,Galesville - C 0002,121,55121006001,006001,94,1.000000000000,1347127.000000,1347127.000000
TREMPEALEAU - T 0001,TREMPEALEAU - T 0001,121,55121006002,006002,29,1.000000000000,105995701.000000,105995701.000000
TREMPEALEAU - V 0001,Trempealeau - V 0001,121,55121006003,006003,29,1.000000000000,4130386.000000,4130386.000000
TREMPEALEAU - V 0002,Trempealeau - V 0002,121,55121006004,006004,29,1.000000000000,1707557.000000,1707557.000000
TREMPEALEAU - T 0002,TREMPEALEAU - T 0002,121,55121006005,006005,29,1.000000000000,39883733.000000,39883733.000000
WHITEHALL - C 0002,Whitehall - C 0002,121,55121006006,006006,29,1.000000000000,6792871.000000,6792871.000000
WHITEHALL - C 0003,Whitehall - C 0003,121,55121006007,006007,29,1.000000000000,820438.000000,820438.000000
LINCOLN - T 0001,LINCOLN - T 0001,121,55121006008,006008,29,1.000000000000,63390277.000000,63390277.000000
INDEPENDENCE - C 0002,Independence - C 0002,121,55121006009,006009,29,1.000000000000,8405790.000000,8405790.000000
STRUM - V 0002,Strum - V 0002,121,55121006010,006010,93,1.000000000000,1290317.000000,1290317.000000
GALE - T 0003,GALE - T 0003,121,55121006011,006011,94,1.000000000000,112722843.000000,112722843.000000
GALESVILLE - C 0001,Galesville - C 0001,121,55121006012,006012,94,1.000000000000,1463870.000000,1463870.000000
GALE - T 0002,GALE - T 0002,121,55121006013,006013,94,1.000000000000,36033225.000000,36033225.000000
STRUM - V 0001,Strum - V 0001,121,55121006014,006014,93,1.000000000000,2151540.000000,2151540.000000
UNITY - T 0002,UNITY - T 0002,121,55121006015,006015,93,1.000000000000,49597170.000000,49597170.000000
UNITY - T 0001,UNITY - T 0001,121,55121006016,006016,93,1.000000000000,39551397.000000,39551397.000000
PIGEON - T 0002,PIGEON - T 0002,121,55121006017,006017,29,1.000000000000,29330613.000000,29330613.000000
PIGEON FALLS - V 0001,Pigeon Falls - V 0001,121,55121006018,006018,29,1.000000000000,1124122.000000,1124122.000000
WHITEHALL - C 0001,Whitehall - C 0001,121,55121006019,006019,29,1.000000000000,2250307.000000,2250307.000000
INDEPENDENCE - C 0003,Independence - C 0003,121,55121006020,006020,29,1.000000000000,949712.000000,949712.000000
BLAIR - C 0001,Blair - C 0001,121,55121006021,006021,29,1.000000000000,4065316.000000,4065316.000000
PRESTON - T 0001,PRESTON - T 0001,121,55121006022,006022,29,1.000000000000,34433565.000000,34433565.000000
ARCADIA - T 0004,ARCADIA - T 0004,121,55121006023,006023,29,1.000000000000,29683290.000000,29683290.000000
ARCADIA - T 0003,ARCADIA - T 0003,121,55121006024,006024,29,1.000000000000,91901923.000000,91901923.000000
ALBION - T 0001,ALBION - T 0001,121,55121006025,006025,93,1.000000000000,52140770.000000,52140770.000000
ELEVA - V 0001,Eleva - V 0001,121,55121006026,006026,93,1.000000000000,1544074.000000,1544074.000000
LINCOLN - T 0002,LINCOLN - T 0002,121,55121006027,006027,29,1.000000000000,3170496.000000,3170496.000000
INDEPENDENCE - C 0001,Independence - C 0001,121,55121006028,006028,29,1.000000000000,1589055.000000,1589055.000000
BURNSIDE - T 0001,BURNSIDE - T 0001,121,55121006029,006029,29,1.000000000000,30897918.000000,30897918.000000
ARCADIA - C 0003,Arcadia - C 0003,121,55121006030,006030,29,1.000000000000,3534933.000000,3534933.000000
ARCADIA - T 0001,ARCADIA - T 0001,121,55121006031,006031,29,1.000000000000,105137877.000000,105137877.000000
READSTOWN - V 0001,Readstown - V 0001,123,55123006032,006032,96,1.000000000000,4486013.000000,4486013.000000
VIROQUA - C 0006,Viroqua - C 0006,123,55123006033,006033,96,1.000000000000,727831.000000,727831.000000
VIROQUA - C 0007,Viroqua - C 0007,123,55123006034,006034,96,1.000000000000,882005.000000,882005.000000
VIROQUA - C 0004,Viroqua - C 0004,123,55123006035,006035,96,1.000000000000,309949.000000,309949.000000
VIROQUA - C 0008,Viroqua - C 0008,123,55123006036,006036,96,1.000000000000,2300611.000000,2300611.000000
VIROQUA - C 0005,Viroqua - C 0005,123,55123006037,006037,96,1.000000000000,1008782.000000,1008782.000000
VIROQUA - C 0003,Viroqua - C 0003,123,55123006038,006038,96,1.000000000000,381286.000000,381286.000000
VIROQUA - T 0004,VIROQUA - T 0004,123,55123006039,006039,96,1.000000000000,7378376.000000,7378376.000000
VIROQUA - C 0001,Viroqua - C 0001,123,55123006040,006040,96,1.000000000000,763905.000000,763905.000000
VIROQUA - C 0002,Viroqua - C 0002,123,55123006041,006041,96,1.000000000000,608039.000000,608039.000000
VIROQUA - T 0003,VIROQUA - T 0003,123,55123006042,006042,96,1.000000000000,41299498.000000,41299498.000000
VIROQUA - C 0009,Viroqua - C 0009,123,55123006043,006043,96,1.000000000000,4302682.000000,4302682.000000
JEFFERSON - T 0001,JEFFERSON - T 0001,123,55123006044,006044,96,1.000000000000,13403256.000000,13403256.000000
VIROQUA - T 0001,VIROQUA - T 0001,123,55123006045,006045,96,1.000000000000,25409591.000000,25409591.000000
BERGEN - T 0003,BERGEN - T 0003,123,55123006046,006046,96,1.000000000000,7555072.000000,7555072.000000
WESTBY - C 0005,Westby - C 0005,123,55123006047,006047,96,1.000000000000,214057.000000,214057.000000
WESTBY - C 0003,Westby - C 0003,123,55123006048,006048,96,1.000000000000,1644796.000000,1644796.000000
HILLSBORO - C 0003,Hillsboro - C 0003,123,55123006049,006049,96,1.000000000000,520023.000000,520023.000000
HILLSBORO - C 0002,Hillsboro - C 0002,123,55123006050,006050,96,1.000000000000,214850.000000,214850.000000
HILLSBORO - C 0004,Hillsboro - C 0004,123,55123006051,006051,96,1.000000000000,1626160.000000,1626160.000000
BERGEN - T 0002,BERGEN - T 0002,123,55123006052,006052,96,1.000000000000,45573807.000000,45573807.000000
HILLSBORO - C 0001,Hillsboro - C 0001,123,55123006053,006053,96,1.000000000000,1375972.000000,1375972.000000
WESTBY - C 0002,Westby - C 0002,123,55123006054,006054,96,1.000000000000,1084773.000000,1084773.000000
WESTBY - C 0001,Westby - C 0001,123,55123006055,006055,96,1.000000000000,2934940.000000,2934940.000000
WESTBY - C 0004,Westby - C 0004,123,55123006056,006056,96,1.000000000000,1100087.000000,1100087.000000
COON - T 0002,COON - T 0002,123,55123006057,006057,96,1.000000000000,9336101.000000,9336101.000000
COON VALLEY - V 0001,Coon Valley - V 0001,123,55123006058,006058,96,1.000000000000,2894801.000000,2894801.000000
HILLSBORO - T 0003,HILLSBORO - T 0003,123,55123006059,006059,96,1.000000000000,4994104.000000,4994104.000000
HILLSBORO - T 0002,HILLSBORO - T 0002,123,55123006060,006060,96,1.000000000000,23638365.000000,23638365.000000
HILLSBORO - T 0001,HILLSBORO - T 0001,123,55123006061,006061,96,1.000000000000,63230874.000000,63230874.000000
UNION - T 0003,UNION - T 0003,123,55123006062,006062,96,1.000000000000,19463077.000000,19463077.000000
UNION - T 0002,UNION - T 0002,123,55123006063,006063,96,1.000000000000,20607434.000000,20607434.000000
UNION - T 0001,UNION - T 0001,123,55123006064,006064,96,1.000000000000,52508623.000000,52508623.000000
LA FARGE - V 0001,La Farge - V 0001,123,55123006065,006065,96,1.000000000000,2680151.000000,2680151.000000
STARK - T 0002,STARK - T 0002,123,55123006066,006066,96,1.000000000000,34787073.000000,34787073.000000
STARK - T 0001,STARK - T 0001,123,55123006067,006067,96,1.000000000000,54152043.000000,54152043.000000
ONTARIO - V 0001,Ontario - V 0001,123,55123006068,006068,96,1.000000000000,2609677.000000,2609677.000000
CLINTON - T 0002,CLINTON - T 0002,123,55123006069,006069,96,1.000000000000,19370799.000000,19370799.000000
CLINTON - T 0001,CLINTON - T 0001,123,55123006070,006070,96,1.000000000000,73719281.000000,73719281.000000
WEBSTER - T 0002,WEBSTER - T 0002,123,55123006071,006071,96,1.000000000000,40066063.000000,40066063.000000
WEBSTER - T 0001,WEBSTER - T 0001,123,55123006072,006072,96,1.000000000000,51401716.000000,51401716.000000
VIOLA - V 0001,Viola - V 0001,123,55123006073,006073,41,1.000000000000,1634576.000000,1634576.000000
CHRISTIANA - T 0002,CHRISTIANA - T 0002,123,55123006074,006074,96,1.000000000000,8556581.000000,8556581.000000
CHRISTIANA - T 0001,CHRISTIANA - T 0001,123,55123006075,006075,96,1.000000000000,77666474.000000,77666474.000000
VIROQUA - T 0002,VIROQUA - T 0002,123,55123006076,006076,96,1.000000000000,48610584.000000,48610584.000000
FRANKLIN - T 0002,FRANKLIN - T 0002,123,55123006077,006077,96,1.000000000000,22481737.000000,22481737.000000
JEFFERSON - T 0004,JEFFERSON - T 0004,123,55123006078,006078,96,1.000000000000,22661288.000000,22661288.000000
FRANKLIN - T 0001,FRANKLIN - T 0001,123,55123006079,006079,96,1.000000000000,111087570.000000,111087570.000000
COON - T 0001,COON - T 0001,123,55123006080,006080,96,1.000000000000,81048534.000000,81048534.000000
HARMONY - T 0003,HARMONY - T 0003,123,55123006081,006081,96,1.000000000000,10932251.000000,10932251.000000
HARMONY - T 0001,HARMONY - T 0001,123,55123006082,006082,96,1.000000000000,75211114.000000,75211114.000000
JEFFERSON - T 0002,JEFFERSON - T 0002,123,55123006083,006083,96,1.000000000000,54487643.000000,54487643.000000
JEFFERSON - T 0003,JEFFERSON - T 0003,123,55123006084,006084,96,1.000000000000,31227016.000000,31227016.000000
HAMBURG - T 0001,HAMBURG - T 0001,123,55123006085,006085,96,1.000000000000,73901343.000000,73901343.000000
HAMBURG - T 0002,HAMBURG - T 0002,123,55123006086,006086,96,1.000000000000,18203805.000000,18203805.000000
HARMONY - T 0002,HARMONY - T 0002,123,55123006087,006087,96,1.000000000000,25095827.000000,25095827.000000
STERLING - T 0001,STERLING - T 0001,123,55123006088,006088,96,1.000000000000,118098687.000000,118098687.000000
DE SOTO - V 0001,De Soto - V 0001,123,55123006089,006089,49,1.000000000000,2409593.000000,2409593.000000
GENOA - V 0001,Genoa - V 0001,123,55123006090,006090,96,1.000000000000,934111.000000,934111.000000
GENOA - T 0001,GENOA - T 0001,123,55123006091,006091,96,1.000000000000,64077370.000000,64077370.000000
GENOA - T 0002,GENOA - T 0002,123,55123006092,006092,96,1.000000000000,30414579.000000,30414579.000000
WHEATLAND - T 0001,WHEATLAND - T 0001,123,55123006093,006093,96,1.000000000000,71309942.000000,71309942.000000
STODDARD - V 0001,Stoddard - V 0001,123,55123006094,006094,96,1.000000000000,1843175.000000,1843175.000000
BERGEN - T 0001,BERGEN - T 0001,123,55123006095,006095,96,1.000000000000,83077760.000000,83077760.000000
GREENWOOD - T 0001,GREENWOOD - T 0001,123,55123006096,006096,96,1.000000000000,92826086.000000,92826086.000000
FOREST - T 0001,FOREST - T 0001,123,55123006097,006097,96,1.000000000000,92987514.000000,92987514.000000
WHITESTOWN - T 0001,WHITESTOWN - T 0001,123,55123006098,006098,96,1.000000000000,90790522.000000,90790522.000000
LIBERTY - T 0001,LIBERTY - T 0001,123,55123006099,006099,96,1.000000000000,59771134.000000,59771134.000000
KICKAPOO - T 0001,KICKAPOO - T 0001,123,55123006100,006100,96,1.000000000000,98303471.000000,98303471.000000
CHASEBURG - V 0001,Chaseburg - V 0001,123,55123006101,006101,96,1.000000000000,2208398.000000,2208398.000000
PHELPS - T 0002,PHELPS - T 0002,125,55125006102,006102,34,1.000000000000,167417258.000000,167417258.000000
WASHINGTON - T 0002,WASHINGTON - T 0002,125,55125006103,006103,34,1.000000000000,64320697.000000,64320697.000000
LINCOLN - T 0004,LINCOLN - T 0004,125,55125006104,006104,34,1.000000000000,17505051.000000,17505051.000000
LINCOLN - T 0001,LINCOLN - T 0001,125,55125006105,006105,34,1.000000000000,11009035.000000,11009035.000000
CONOVER - T 0001,CONOVER - T 0001,125,55125006106,006106,34,1.000000000000,151221113.000000,151221113.000000
ST. GERMAIN - T 0002,ST. GERMAIN - T 0002,125,55125006107,006107,34,1.000000000000,45168038.000000,45168038.000000
ST. GERMAIN - T 0001,ST. GERMAIN - T 0001,125,55125006108,006108,34,1.000000000000,58984304.000000,58984304.000000
ARBOR VITAE - T 0005,ARBOR VITAE - T 0005,125,55125006109,006109,34,1.000000000000,6817364.000000,6817364.000000
ARBOR VITAE - T 0006,ARBOR VITAE - T 0006,125,55125006110,006110,34,1.000000000000,4004859.000000,4004859.000000
CLOVERLAND - T 0001,CLOVERLAND - T 0001,125,55125006111,006111,34,1.000000000000,48627151.000000,48627151.000000
CLOVERLAND - T 0002,CLOVERLAND - T 0002,125,55125006112,006112,34,1.000000000000,42141331.000000,42141331.000000
LAC DU FLAMBEAU - T 0001,LAC DU FLAMBEAU - T 0001,125,55125006113,006113,34,1.000000000000,83937411.000000,83937411.000000
ARBOR VITAE - T 0001,ARBOR VITAE - T 0001,125,55125006114,006114,34,1.000000000000,29267031.000000,29267031.000000
EAGLE RIVER - C 0001,Eagle River - C 0001,125,55125006115,006115,34,1.000000000000,717490.000000,717490.000000
LAC DU FLAMBEAU - T 0007,LAC DU FLAMBEAU - T 0007,125,55125006116,006116,34,1.000000000000,55839085.000000,55839085.000000
LAC DU FLAMBEAU - T 0004,LAC DU FLAMBEAU - T 0004,125,55125006117,006117,34,1.000000000000,12049389.000000,12049389.000000
ARBOR VITAE - T 0004,ARBOR VITAE - T 0004,125,55125006118,006118,34,1.000000000000,8092478.000000,8092478.000000
ARBOR VITAE - T 0003,ARBOR VITAE - T 0003,125,55125006119,006119,34,1.000000000000,17172890.000000,17172890.000000
WASHINGTON - T 0003,WASHINGTON - T 0003,125,55125006120,006120,34,1.000000000000,8790627.000000,8790627.000000
LAND O'LAKES - T 0001,LAND O'LAKES - T 0001,125,55125006121,006121,34,1.000000000000,255278916.000000,255278916.000000
PLUM LAKE - T 0002,PLUM LAKE - T 0002,125,55125006122,006122,34,1.000000000000,184010894.000000,184010894.000000
PRESQUE ISLE - T 0001,PRESQUE ISLE - T 0001,125,55125006123,006123,34,1.000000000000,198473572.000000,198473572.000000
WINCHESTER - T 0001,WINCHESTER - T 0001,125,55125006124,006124,34,1.000000000000,140419522.000000,140419522.000000
PLUM LAKE - T 0001,PLUM LAKE - T 0001,125,55125006125,006125,34,1.000000000000,70322441.000000,70322441.000000
ARBOR VITAE - T 0002,ARBOR VITAE - T 0002,125,55125006126,006126,34,1.000000000000,99876195.000000,99876195.000000
ARBOR VITAE - T 0007,ARBOR VITAE - T 0007,125,55125006127,006127,34,1.000000000000,18534680.000000,18534680.000000
LAC DU FLAMBEAU - T 0002,LAC DU FLAMBEAU - T 0002,125,55125006128,006128,34,1.000000000000,3410444.000000,3410444.000000
LAC DU FLAMBEAU - T 0003,LAC DU FLAMBEAU - T 0003,125,55125006129,006129,34,1.000000000000,4295232.000000,4295232.000000
LAC DU FLAMBEAU - T 0005,LAC DU FLAMBEAU - T 0005,125,55125006130,006130,34,1.000000000000,73053724.000000,73053724.000000
CONOVER - T 0002,CONOVER - T 0002,125,55125006131,006131,34,1.000000000000,71372482.000000,71372482.000000
PHELPS - T 0001,PHELPS - T 0001,125,55125006132,006132,34,1.000000000000,113410432.000000,113410432.000000
WASHINGTON - T 0001,WASHINGTON - T 0001,125,55125006133,006133,34,1.000000000000,49828882.000000,49828882.000000
MANITOWISH WATERS - T 0001,MANITOWISH WATERS - T 0001,125,55125006134,006134,34,1.000000000000,92814674.000000,92814674.000000
BOULDER JUNCTION - T 0002,BOULDER JUNCTION - T 0002,125,55125006135,006135,34,1.000000000000,242897682.000000,242897682.000000
BOULDER JUNCTION - T 0001,BOULDER JUNCTION - T 0001,125,55125006136,006136,34,1.000000000000,12736535.000000,12736535.000000
LAC DU FLAMBEAU - T 0006,LAC DU FLAMBEAU - T 0006,125,55125006137,006137,34,1.000000000000,98184372.000000,98184372.000000
EAGLE RIVER - C 0004,Eagle River - C 0004,125,55125006138,006138,34,1.000000000000,477457.000000,477457.000000
LINCOLN - T 0003,LINCOLN - T 0003,125,55125006139,006139,34,1.000000000000,47518887.000000,47518887.000000
EAGLE RIVER - C 0002,Eagle River - C 0002,125,55125006140,006140,34,1.000000000000,1428209.000000,1428209.000000
EAGLE RIVER - C 0005,Eagle River - C 0005,125,55125006141,006141,34,1.000000000000,5282337.000000,5282337.000000
LINCOLN - T 0005,LINCOLN - T 0005,125,55125006142,006142,34,1.000000000000,1518575.000000,1518575.000000
LINCOLN - T 0002,LINCOLN - T 0002,125,55125006143,006143,34,1.000000000000,16714566.000000,16714566.000000
EAGLE RIVER - C 0003,Eagle River - C 0003,125,55125006144,006144,34,1.000000000000,930570.000000,930570.000000
FONTANA-ON-GENEVA LAKE - V 0002,Fontana-On-Geneva Lake - V 0002,127,55127006149,006149,31,1.000000000000,1634651.000000,1634651.000000
FONTANA-ON-GENEVA LAKE - V 0001,Fontana-On-Geneva Lake - V 0001,127,55127006150,006150,31,1.000000000000,3170462.000000,3170462.000000
FONTANA-ON-GENEVA LAKE - V 0003,Fontana-On-Geneva Lake - V 0003,127,55127006151,006151,31,1.000000000000,3961319.000000,3961319.000000
WILLIAMS BAY - V 0001,Williams Bay - V 0001,127,55127006152,006152,31,1.000000000000,1920185.000000,1920185.000000
WILLIAMS BAY - V 0002,Williams Bay - V 0002,127,55127006153,006153,31,1.000000000000,1827072.000000,1827072.000000
WILLIAMS BAY - V 0003,Williams Bay - V 0003,127,55127006154,006154,31,1.000000000000,2324696.000000,2324696.000000
WILLIAMS BAY - V 0004,Williams Bay - V 0004,127,55127006155,006155,31,1.000000000000,1127545.000000,1127545.000000
WALWORTH - V 0001,Walworth - V 0001,127,55127006156,006156,31,1.000000000000,897387.000000,897387.000000
WALWORTH - V 0003,Walworth - V 0003,127,55127006157,006157,31,1.000000000000,1552902.000000,1552902.000000
SHARON - V 0002,Sharon - V 0002,127,55127006158,006158,31,1.000000000000,1875007.000000,1875007.000000
SHARON - V 0001,Sharon - V 0001,127,55127006159,006159,31,1.000000000000,2595513.000000,2595513.000000
MUKWONAGO - V 0011,Mukwonago - V 0011,127,55127006160,006160,84,1.000000000000,4677425.000000,4677425.000000
DARIEN - V 0002,Darien - V 0002,127,55127006161,006161,31,1.000000000000,2314882.000000,2314882.000000
DARIEN - V 0001,Darien - V 0001,127,55127006162,006162,31,1.000000000000,1027872.000000,1027872.000000
WALWORTH - T 0002,WALWORTH - T 0002,127,55127006163,006163,31,1.000000000000,32859519.000000,32859519.000000
WALWORTH - T 0001,WALWORTH - T 0001,127,55127006164,006164,31,1.000000000000,27607708.000000,27607708.000000
SUGAR CREEK - T 0002,SUGAR CREEK - T 0002,127,55127006165,006165,31,1.000000000000,5979976.000000,5979976.000000
SUGAR CREEK - T 0005,SUGAR CREEK - T 0005,127,55127006166,006166,31,1.000000000000,21043409.000000,21043409.000000
SUGAR CREEK - T 0004,SUGAR CREEK - T 0004,127,55127006167,006167,31,1.000000000000,41968238.000000,41968238.000000
SUGAR CREEK - T 0001,SUGAR CREEK - T 0001,127,55127006168,006168,31,1.000000000000,13516941.000000,13516941.000000
SUGAR CREEK - T 0003,SUGAR CREEK - T 0003,127,55127006169,006169,31,1.000000000000,4925947.000000,4925947.000000
SPRING PRAIRIE - T 0002,SPRING PRAIRIE - T 0002,127,55127006170,006170,33,1.000000000000,34427543.000000,34427543.000000
SPRING PRAIRIE - T 0003,SPRING PRAIRIE - T 0003,127,55127006171,006171,33,1.000000000000,8720844.000000,8720844.000000
SPRING PRAIRIE - T 0001,SPRING PRAIRIE - T 0001,127,55127006172,006172,33,1.000000000000,13307421.000000,13307421.000000
SHARON - T 0001,SHARON - T 0001,127,55127006173,006173,31,1.000000000000,90081515.000000,90081515.000000
RICHMOND - T 0003,RICHMOND - T 0003,127,55127006174,006174,43,1.000000000000,43869188.000000,43869188.000000
RICHMOND - T 0001,RICHMOND - T 0001,127,55127006175,006175,43,1.000000000000,21846268.000000,21846268.000000
RICHMOND - T 0002,RICHMOND - T 0002,127,55127006176,006176,43,1.000000000000,27481323.000000,27481323.000000
LYONS - T 0001,LYONS - T 0001,127,55127006177,006177,33,1.000000000000,4245914.000000,4245914.000000
LYONS - T 0004,LYONS - T 0004,127,55127006178,006178,33,1.000000000000,8212411.000000,8212411.000000
LINN - T 0001,LINN - T 0001,127,55127006179,006179,31,1.000000000000,9625281.000000,9625281.000000
LINN - T 0006,LINN - T 0006,127,55127006180,006180,33,1.000000000000,228781.000000,228781.000000
LINN - T 0005,LINN - T 0005,127,55127006181,006181,31,1.000000000000,12100220.000000,12100220.000000
LINN - T 0002,LINN - T 0002,127,55127006182,006182,31,1.000000000000,33133046.000000,33133046.000000
LAFAYETTE - T 0001,LAFAYETTE - T 0001,127,55127006183,006183,31,1.000000000000,15348934.000000,15348934.000000
LAFAYETTE - T 0003,LAFAYETTE - T 0003,127,55127006184,006184,31,1.000000000000,51912980.000000,51912980.000000
LAFAYETTE - T 0002,LAFAYETTE - T 0002,127,55127006185,006185,31,1.000000000000,21309835.000000,21309835.000000
GENEVA - T 0004,GENEVA - T 0004,127,55127006186,006186,31,1.000000000000,8138389.000000,8138389.000000
GENEVA - T 0008,GENEVA - T 0008,127,55127006187,006187,33,1.000000000000,19109959.000000,19109959.000000
GENEVA - T 0006,GENEVA - T 0006,127,55127006188,006188,31,1.000000000000,6464890.000000,6464890.000000
GENEVA - T 0005,GENEVA - T 0005,127,55127006189,006189,31,0.994925854429,4535469.000000,4558600.000000
GENEVA - T 0005,GENEVA - T 0005,127,55127006189,006189,33,0.005074145571,23131.000000,4558600.000000
GENEVA - T 0007,GENEVA - T 0007,127,55127006190,006190,31,1.000000000000,7643278.000000,7643278.000000
GENEVA - T 0002,GENEVA - T 0002,127,55127006191,006191,31,1.000000000000,1108775.000000,1108775.000000
GENEVA - T 0001,GENEVA - T 0001,127,55127006192,006192,31,1.000000000000,878322.000000,878322.000000
EAST TROY - T 0005,EAST TROY - T 0005,127,55127006193,006193,33,1.000000000000,9605701.000000,9605701.000000
EAST TROY - T 0002,EAST TROY - T 0002,127,55127006194,006194,33,1.000000000000,6446126.000000,6446126.000000
EAST TROY - T 0003,EAST TROY - T 0003,127,55127006195,006195,33,1.000000000000,1895067.000000,1895067.000000
DELAVAN - T 0003,DELAVAN - T 0003,127,55127006196,006196,31,1.000000000000,6448422.000000,6448422.000000
DELAVAN - T 0004,DELAVAN - T 0004,127,55127006197,006197,31,1.000000000000,8115566.000000,8115566.000000
DELAVAN - T 0008,DELAVAN - T 0008,127,55127006198,006198,31,1.000000000000,11526219.000000,11526219.000000
DELAVAN - T 0009,DELAVAN - T 0009,127,55127006199,006199,31,1.000000000000,1461805.000000,1461805.000000
DELAVAN - T 0011,DELAVAN - T 0011,127,55127006200,006200,31,1.000000000000,809436.000000,809436.000000
DELAVAN - T 0010,DELAVAN - T 0010,127,55127006201,006201,31,1.000000000000,4672287.000000,4672287.000000
DELAVAN - T 0002,DELAVAN - T 0002,127,55127006202,006202,31,1.000000000000,2988874.000000,2988874.000000
DELAVAN - T 0005,DELAVAN - T 0005,127,55127006203,006203,31,1.000000000000,6592975.000000,6592975.000000
DELAVAN - T 0006,DELAVAN - T 0006,127,55127006204,006204,31,1.000000000000,7538922.000000,7538922.000000
DELAVAN - T 0001,DELAVAN - T 0001,127,55127006205,006205,31,1.000000000000,5584593.000000,5584593.000000
DELAVAN - T 0007,DELAVAN - T 0007,127,55127006206,006206,31,1.000000000000,15696020.000000,15696020.000000
DARIEN - T 0002,DARIEN - T 0002,127,55127006207,006207,31,1.000000000000,36494393.000000,36494393.000000
DARIEN - T 0001,DARIEN - T 0001,127,55127006208,006208,31,1.000000000000,50875621.000000,50875621.000000
LAKE GENEVA - C 0005,Lake Geneva - C 0005,127,55127006209,006209,33,1.000000000000,2980964.000000,2980964.000000
LAKE GENEVA - C 0002,Lake Geneva - C 0002,127,55127006210,006210,33,1.000000000000,1165199.000000,1165199.000000
LAKE GENEVA - C 0001,Lake Geneva - C 0001,127,55127006211,006211,33,1.000000000000,940427.000000,940427.000000
LAKE GENEVA - C 0004,Lake Geneva - C 0004,127,55127006212,006212,33,1.000000000000,513665.000000,513665.000000
LAKE GENEVA - C 0003,Lake Geneva - C 0003,127,55127006213,006213,33,1.000000000000,1159265.000000,1159265.000000
ELKHORN - C 0006,Elkhorn - C 0006,127,55127006214,006214,31,1.000000000000,1236776.000000,1236776.000000
ELKHORN - C 0004,Elkhorn - C 0004,127,55127006215,006215,31,1.000000000000,1384705.000000,1384705.000000
ELKHORN - C 0005,Elkhorn - C 0005,127,55127006216,006216,31,1.000000000000,4387835.000000,4387835.000000
ELKHORN - C 0003,Elkhorn - C 0003,127,55127006217,006217,31,1.000000000000,2430956.000000,2430956.000000
ELKHORN - C 0001,Elkhorn - C 0001,127,55127006218,006218,31,1.000000000000,3698449.000000,3698449.000000
ELKHORN - C 0007,Elkhorn - C 0007,127,55127006219,006219,31,1.000000000000,4393549.000000,4393549.000000
ELKHORN - C 0008,Elkhorn - C 0008,127,55127006220,006220,31,1.000000000000,753624.000000,753624.000000
DELAVAN - C 0006,Delavan - C 0006,127,55127006221,006221,31,1.000000000000,294321.000000,294321.000000
DELAVAN - C 0009,Delavan - C 0009,127,55127006222,006222,31,1.000000000000,314907.000000,314907.000000
DELAVAN - C 0011,Delavan - C 0011,127,55127006223,006223,31,1.000000000000,593101.000000,593101.000000
DELAVAN - C 0003,Delavan - C 0003,127,55127006224,006224,31,1.000000000000,549674.000000,549674.000000
DELAVAN - C 0001,Delavan - C 0001,127,55127006225,006225,31,1.000000000000,690095.000000,690095.000000
DELAVAN - C 0008,Delavan - C 0008,127,55127006226,006226,31,1.000000000000,1248520.000000,1248520.000000
DELAVAN - C 0004,Delavan - C 0004,127,55127006227,006227,31,1.000000000000,384621.000000,384621.000000
DELAVAN - C 0002,Delavan - C 0002,127,55127006228,006228,31,1.000000000000,820397.000000,820397.000000
DELAVAN - C 0010,Delavan - C 0010,127,55127006229,006229,31,1.000000000000,312987.000000,312987.000000
DELAVAN - C 0013,Delavan - C 0013,127,55127006230,006230,31,1.000000000000,3726523.000000,3726523.000000
DELAVAN - C 0007,Delavan - C 0007,127,55127006231,006231,31,1.000000000000,885793.000000,885793.000000
DELAVAN - C 0014,Delavan - C 0014,127,55127006232,006232,31,1.000000000000,7595350.000000,7595350.000000
DELAVAN - C 0012,Delavan - C 0012,127,55127006233,006233,31,1.000000000000,296228.000000,296228.000000
BLOOMFIELD - V 0004,Bloomfield - V 0004,127,55127006235,006235,32,1.000000000000,7458280.000000,7458280.000000
BLOOMFIELD - V 0002,Bloomfield - V 0002,127,55127006236,006236,32,1.000000000000,907618.000000,907618.000000
BLOOMFIELD - V 0001,Bloomfield - V 0001,127,55127006237,006237,32,1.000000000000,1567395.000000,1567395.000000
BLOOMFIELD - V 0005,Bloomfield - V 0005,127,55127006238,006238,32,1.000000000000,12393795.000000,12393795.000000
GENOA CITY - V 0002,Genoa City - V 0002,127,55127006239,006239,32,1.000000000000,883912.000000,883912.000000
GENOA CITY - V 0001,Genoa City - V 0001,127,55127006240,006240,32,1.000000000000,1270790.000000,1270790.000000
GENOA CITY - V 0003,Genoa City - V 0003,127,55127006241,006241,32,1.000000000000,936490.000000,936490.000000
GENOA CITY - V GENOAV - V?,Genoa City - V GENOAV - V?,127,55127006242,006242,32,1.000000000000,63707.000000,63707.000000
LAKE GENEVA - C 0008,Lake Geneva - C 0008,127,55127006243,006243,33,1.000000000000,1448140.000000,1448140.000000
LAKE GENEVA - C 0011,Lake Geneva - C 0011,127,55127006244,006244,32,1.000000000000,49954.000000,49954.000000
LAKE GENEVA - C 0006,Lake Geneva - C 0006,127,55127006245,006245,33,1.000000000000,959727.000000,959727.000000
LYONS - T 0006,LYONS - T 0006,127,55127006247,006247,33,1.000000000000,206759.000000,206759.000000
LAKE GENEVA - C 0010,Lake Geneva - C 0010,127,55127006248,006248,33,1.000000000000,1826470.000000,1826470.000000
SPRING PRAIRIE - T 0004,SPRING PRAIRIE - T 0004,127,55127006249,006249,33,1.000000000000,36310339.000000,36310339.000000
LAKE GENEVA - C 0009,Lake Geneva - C 0009,127,55127006250,006250,32,1.000000000000,1754550.000000,1754550.000000
LYONS - T 0003,LYONS - T 0003,127,55127006251,006251,33,1.000000000000,15220757.000000,15220757.000000
LINN - T 0004,LINN - T 0004,127,55127006252,006252,31,1.000000000000,21185811.000000,21185811.000000
LAKE GENEVA - C 0007,Lake Geneva - C 0007,127,55127006253,006253,33,1.000000000000,4802797.000000,4802797.000000
BLOOMFIELD - V 0003,Bloomfield - V 0003,127,55127006256,006256,32,1.000000000000,11354598.000000,11354598.000000
DELAVAN - C 0005,Delavan - C 0005,127,55127006257,006257,31,1.000000000000,1511425.000000,1511425.000000
DARIEN - T 0003,DARIEN - T 0003,127,55127006258,006258,31,1.000000000000,537303.000000,537303.000000
DELAVAN - C 0015,Delavan - C 0015,127,55127006259,006259,31,1.000000000000,30985.000000,30985.000000
LINN - T 0003,LINN - T 0003,127,55127006260,006260,33,1.000000000000,9945093.000000,9945093.000000
BURLINGTON - C 0010,Burlington - C 0010,127,55127006261,006261,33,1.000000000000,327249.000000,327249.000000
LYONS - T 0002,LYONS - T 0002,127,55127006262,006262,33,1.000000000000,9622876.000000,9622876.000000
LYONS - T 0007,LYONS - T 0007,127,55127006263,006263,33,1.000000000000,15352757.000000,15352757.000000
WALWORTH - T 0003,WALWORTH - T 0003,127,55127006264,006264,31,1.000000000000,19066649.000000,19066649.000000
WALWORTH - V 0002,Walworth - V 0002,127,55127006265,006265,31,1.000000000000,2009665.000000,2009665.000000
BLOOMFIELD - T 0001,BLOOMFIELD - T 0001,127,55127006266,006266,32,1.000000000000,11381432.000000,11381432.000000
WHITEWATER - C 0009,Whitewater - C 0009,127,55127006267,006267,43,1.000000000000,533106.000000,533106.000000
WHITEWATER - T 0003,WHITEWATER - T 0003,127,55127006268,006268,43,1.000000000000,539052.000000,539052.000000
WHITEWATER - C 0006,Whitewater - C 0006,127,55127006269,006269,43,1.000000000000,4392293.000000,4392293.000000
WHITEWATER - C 0005,Whitewater - C 0005,127,55127006270,006270,43,1.000000000000,500426.000000,500426.000000
WHITEWATER - C 0004,Whitewater - C 0004,127,55127006271,006271,43,1.000000000000,1348719.000000,1348719.000000
WHITEWATER - C 0008,Whitewater - C 0008,127,55127006273,006273,43,1.000000000000,1339543.000000,1339543.000000
WHITEWATER - C 0007,Whitewater - C 0007,127,55127006274,006274,43,1.000000000000,278357.000000,278357.000000
WHITEWATER - C 0003,Whitewater - C 0003,127,55127006275,006275,43,1.000000000000,466332.000000,466332.000000
WHITEWATER - C 0002,Whitewater - C 0002,127,55127006276,006276,43,1.000000000000,1226925.000000,1226925.000000
WHITEWATER - C 0001,Whitewater - C 0001,127,55127006277,006277,43,1.000000000000,6185156.000000,6185156.000000
WHITEWATER - T 0001,WHITEWATER - T 0001,127,55127006278,006278,43,1.000000000000,62567236.000000,62567236.000000
WHITEWATER - T 0002,WHITEWATER - T 0002,127,55127006279,006279,43,1.000000000000,13693882.000000,13693882.000000
LA GRANGE - T 0001,LA GRANGE - T 0001,127,55127006280,006280,31,1.000000000000,65732355.000000,65732355.000000
LA GRANGE - T 0002,LA GRANGE - T 0002,127,55127006281,006281,31,1.000000000000,14625746.000000,14625746.000000
LA GRANGE - T 0003,LA GRANGE - T 0003,127,55127006282,006282,31,1.000000000000,12195212.000000,12195212.000000
TROY - T 0002,TROY - T 0002,127,55127006283,006283,33,1.000000000000,27029387.000000,27029387.000000
TROY - T 0001,TROY - T 0001,127,55127006284,006284,33,1.000000000000,25505873.000000,25505873.000000
TROY - T 0003,TROY - T 0003,127,55127006285,006285,33,1.000000000000,39448657.000000,39448657.000000
EAST TROY - T 0004,EAST TROY - T 0004,127,55127006286,006286,33,1.000000000000,14264958.000000,14264958.000000
EAST TROY - T 0006,EAST TROY - T 0006,127,55127006287,006287,33,1.000000000000,4543073.000000,4543073.000000
EAST TROY - V 0002,East Troy - V 0002,127,55127006288,006288,33,1.000000000000,1184893.000000,1184893.000000
EAST TROY - V 0004,East Troy - V 0004,127,55127006289,006289,33,1.000000000000,649792.000000,649792.000000
EAST TROY - V 0005,East Troy - V 0005,127,55127006290,006290,33,1.000000000000,1197127.000000,1197127.000000
EAST TROY - V 0001,East Troy - V 0001,127,55127006291,006291,33,1.000000000000,785291.000000,785291.000000
EAST TROY - V 0003,East Troy - V 0003,127,55127006292,006292,33,1.000000000000,7987713.000000,7987713.000000
EAST TROY - T 0001,EAST TROY - T 0001,127,55127006293,006293,33,1.000000000000,39720621.000000,39720621.000000
ELKHORN - C 0002,Elkhorn - C 0002,127,55127006294,006294,31,1.000000000000,2743972.000000,2743972.000000
GENEVA - T 0003,GENEVA - T 0003,127,55127006295,006295,31,1.000000000000,30155948.000000,30155948.000000
BLOOMFIELD - T 0002,BLOOMFIELD - T 0002,127,55127006296,006296,32,1.000000000000,40116919.000000,40116919.000000
GENOA CITY - V 0004,Genoa City - V 0004,127,55127006297,006297,32,1.000000000000,3120480.000000,3120480.000000
LYONS - T 0005,LYONS - T 0005,127,55127006298,006298,33,1.000000000000,36342685.000000,36342685.000000
LAKE GENEVA - C 0013,Lake Geneva - C 0013,127,55127008060,008060,33,1.000000000000,101190.000000,101190.000000
LAKE GENEVA - C 0014,Lake Geneva - C 0014,127,55127008061,008061,33,1.000000000000,13948.000000,13948.000000
BURLINGTON - C 0009,Burlington - C 0009,127,55127008062,008062,33,1.000000000000,319048.000000,319048.000000
LAKE GENEVA - C 0012,Lake Geneva - C 0012,127,55127008063,008063,32,1.000000000000,61831.000000,61831.000000
SPOONER - C 0002,Spooner - C 0002,129,55129006299,006299,74,1.000000000000,1649591.000000,1649591.000000
SPOONER - T 0003,SPOONER - T 0003,129,55129006300,006300,74,1.000000000000,995003.000000,995003.000000
SPOONER - C 0004,Spooner - C 0004,129,55129006301,006301,74,1.000000000000,1537249.000000,1537249.000000
SPOONER - C 0003,Spooner - C 0003,129,55129006302,006302,74,1.000000000000,2732311.000000,2732311.000000
BEAVER BROOK - T 0003,BEAVER BROOK - T 0003,129,55129006303,006303,74,1.000000000000,721087.000000,721087.000000
MINONG - T 0001,MINONG - T 0001,129,55129006304,006304,74,1.000000000000,162121900.000000,162121900.000000
MINONG - T 0002,MINONG - T 0002,129,55129006305,006305,74,1.000000000000,21446340.000000,21446340.000000
MINONG - V 0001,Minong - V 0001,129,55129006306,006306,74,1.000000000000,3977373.000000,3977373.000000
FROG CREEK - T 0001,FROG CREEK - T 0001,129,55129006307,006307,74,1.000000000000,185134279.000000,185134279.000000
STINNETT - T 0001,STINNETT - T 0001,129,55129006308,006308,74,1.000000000000,92554701.000000,92554701.000000
GULL LAKE - T 0001,GULL LAKE - T 0001,129,55129006309,006309,74,1.000000000000,93831128.000000,93831128.000000
BROOKLYN - T 0001,BROOKLYN - T 0001,129,55129006310,006310,74,1.000000000000,94211234.000000,94211234.000000
CHICOG - T 0002,CHICOG - T 0002,129,55129006311,006311,74,1.000000000000,97459070.000000,97459070.000000
CASEY - T 0001,CASEY - T 0001,129,55129006312,006312,74,1.000000000000,88413695.000000,88413695.000000
TREGO - T 0001,TREGO - T 0001,129,55129006313,006313,74,1.000000000000,65912013.000000,65912013.000000
SPRINGBROOK - T 0001,SPRINGBROOK - T 0001,129,55129006314,006314,74,1.000000000000,89758882.000000,89758882.000000
BASS LAKE - T 0001,BASS LAKE - T 0001,129,55129006315,006315,74,1.000000000000,85698962.000000,85698962.000000
STONE LAKE - T 0001,STONE LAKE - T 0001,129,55129006316,006316,74,1.000000000000,90502998.000000,90502998.000000
CRYSTAL - T 0002,CRYSTAL - T 0002,129,55129006317,006317,74,1.000000000000,68579378.000000,68579378.000000
CRYSTAL - T 0001,CRYSTAL - T 0001,129,55129006318,006318,74,1.000000000000,23664015.000000,23664015.000000
TREGO - T 0002,TREGO - T 0002,129,55129006319,006319,74,1.000000000000,29464613.000000,29464613.000000
SPOONER - C 0005,Spooner - C 0005,129,55129006320,006320,74,1.000000000000,99720.000000,99720.000000
EVERGREEN - T 0002,EVERGREEN - T 0002,129,55129006321,006321,74,1.000000000000,45145363.000000,45145363.000000
EVERGREEN - T 0001,EVERGREEN - T 0001,129,55129006322,006322,74,1.000000000000,45316898.000000,45316898.000000
BASHAW - T 0001,BASHAW - T 0001,129,55129006323,006323,74,1.000000000000,79168037.000000,79168037.000000
BARRONETT - T 0001,BARRONETT - T 0001,129,55129006324,006324,74,1.000000000000,87258521.000000,87258521.000000
SARONA - T 0001,SARONA - T 0001,129,55129006325,006325,74,1.000000000000,77353276.000000,77353276.000000
SARONA - T 0002,SARONA - T 0002,129,55129006326,006326,74,1.000000000000,9033637.000000,9033637.000000
LONG LAKE - T 0001,LONG LAKE - T 0001,129,55129006327,006327,74,1.000000000000,97738967.000000,97738967.000000
BIRCHWOOD - T 0001,BIRCHWOOD - T 0001,129,55129006328,006328,74,1.000000000000,91425203.000000,91425203.000000
BIRCHWOOD - V 0001,Birchwood - V 0001,129,55129006329,006329,74,1.000000000000,3228472.000000,3228472.000000
BIRCHWOOD - T 0003,BIRCHWOOD - T 0003,129,55129006330,006330,74,1.000000000000,52814572.000000,52814572.000000
BIRCHWOOD - T 0002,BIRCHWOOD - T 0002,129,55129006331,006331,74,1.000000000000,37192690.000000,37192690.000000
MADGE - T 0001,MADGE - T 0001,129,55129006332,006332,74,1.000000000000,34955769.000000,34955769.000000
MADGE - T 0002,MADGE - T 0002,129,55129006333,006333,74,1.000000000000,36026760.000000,36026760.000000
MADGE - T 0003,MADGE - T 0003,129,55129006334,006334,74,1.000000000000,17464636.000000,17464636.000000
SHELL LAKE - C 0002,Shell Lake - C 0002,129,55129006335,006335,74,1.000000000000,19228211.000000,19228211.000000
SHELL LAKE - C 0001,Shell Lake - C 0001,129,55129006336,006336,74,1.000000000000,7300162.000000,7300162.000000
BEAVER BROOK - T 0002,BEAVER BROOK - T 0002,129,55129006337,006337,74,1.000000000000,12710046.000000,12710046.000000
BEAVER BROOK - T 0001,BEAVER BROOK - T 0001,129,55129006338,006338,74,1.000000000000,71808264.000000,71808264.000000
BASHAW - T 0002,BASHAW - T 0002,129,55129006339,006339,74,1.000000000000,5917416.000000,5917416.000000
BASHAW - T 0003,BASHAW - T 0003,129,55129006340,006340,74,1.000000000000,2815251.000000,2815251.000000
CHICOG - T 0001,CHICOG - T 0001,129,55129006341,006341,74,1.000000000000,20697305.000000,20697305.000000
SPOONER - C 0006,Spooner - C 0006,129,55129006342,006342,74,1.000000000000,1210526.000000,1210526.000000
SPOONER - T 0001,SPOONER - T 0001,129,55129006343,006343,74,1.000000000000,46240567.000000,46240567.000000
SPOONER - C 0001,Spooner - C 0001,129,55129006344,006344,74,1.000000000000,3828955.000000,3828955.000000
SPOONER - T 0002,SPOONER - T 0002,129,55129006345,006345,74,1.000000000000,3734794.000000,3734794.000000
WEST BEND - C 0034,West Bend - C 0034,131,55131003015,003015,58,1.000000000000,257074.000000,257074.000000
WEST BEND - C 0036,West Bend - C 0036,131,55131003017,003017,58,1.000000000000,96166.000000,96166.000000
JACKSON - V 0013,Jackson - V 0013,131,55131003018,003018,58,1.000000000000,373201.000000,373201.000000
JACKSON - V 0012,Jackson - V 0012,131,55131003019,003019,58,1.000000000000,24320.000000,24320.000000
WEST BEND - 0035,West Bend - 0035,131,55131003020,003020,58,1.000000000000,627172.000000,627172.000000
HARTFORD - C 0036,Hartford - C 0036,131,55131003021,003021,98,1.000000000000,37545.000000,37545.000000
RICHFIELD - V 0007,Richfield - V 0007,131,55131006349,006349,98,1.000000000000,7047722.000000,7047722.000000
GERMANTOWN - V 0011,Germantown - V 0011,131,55131006350,006350,24,1.000000000000,1391988.000000,1391988.000000
WEST BEND - T 0001,WEST BEND - T 0001,131,55131006351,006351,58,1.000000000000,12699873.000000,12699873.000000
GERMANTOWN - V 0009,Germantown - V 0009,131,55131006352,006352,24,1.000000000000,915806.000000,915806.000000
WEST BEND - T 0007,WEST BEND - T 0007,131,55131006353,006353,58,1.000000000000,2659855.000000,2659855.000000
HARTFORD - C 0007,Hartford - C 0007,131,55131006354,006354,98,1.000000000000,251210.000000,251210.000000
JACKSON - T 0002,JACKSON - T 0002,131,55131006355,006355,58,1.000000000000,12814307.000000,12814307.000000
HARTFORD - C 0005,Hartford - C 0005,131,55131006356,006356,98,1.000000000000,1294098.000000,1294098.000000
WEST BEND - C 0008,West Bend - C 0008,131,55131006357,006357,58,1.000000000000,5211360.000000,5211360.000000
HARTFORD - T 0005,HARTFORD - T 0005,131,55131006358,006358,58,1.000000000000,2230708.000000,2230708.000000
WEST BEND - C 0002,West Bend - C 0002,131,55131006359,006359,58,1.000000000000,1074806.000000,1074806.000000
GERMANTOWN - V 0015,Germantown - V 0015,131,55131006360,006360,98,1.000000000000,7451390.000000,7451390.000000
ERIN - T 0003,ERIN - T 0003,131,55131006361,006361,98,1.000000000000,19365135.000000,19365135.000000
WEST BEND - T 0003,WEST BEND - T 0003,131,55131006362,006362,58,1.000000000000,5518390.000000,5518390.000000
GERMANTOWN - V 0016,Germantown - V 0016,131,55131006363,006363,24,1.000000000000,2535099.000000,2535099.000000
NEWBURG - V 0001,Newburg - V 0001,131,55131006364,006364,58,1.000000000000,1274191.000000,1274191.000000
WAYNE - T 0002,WAYNE - T 0002,131,55131006365,006365,59,1.000000000000,28771309.000000,28771309.000000
HARTFORD - T 0001,HARTFORD - T 0001,131,55131006366,006366,98,1.000000000000,12343076.000000,12343076.000000
WEST BEND - C 0014,West Bend - C 0014,131,55131006367,006367,58,1.000000000000,1093627.000000,1093627.000000
GERMANTOWN - V 0001,Germantown - V 0001,131,55131006368,006368,22,1.000000000000,23782123.000000,23782123.000000
KEWASKUM - V 0002,Kewaskum - V 0002,131,55131006369,006369,59,1.000000000000,818789.000000,818789.000000
TRENTON - T 0003,TRENTON - T 0003,131,55131006370,006370,58,1.000000000000,12978398.000000,12978398.000000
WEST BEND - C 0020,West Bend - C 0020,131,55131006371,006371,58,1.000000000000,1904518.000000,1904518.000000
JACKSON - V 0005,Jackson - V 0005,131,55131006372,006372,58,1.000000000000,513945.000000,513945.000000
WEST BEND - C 0006,West Bend - C 0006,131,55131006373,006373,58,1.000000000000,559659.000000,559659.000000
JACKSON - V 0002,Jackson - V 0002,131,55131006374,006374,58,1.000000000000,616545.000000,616545.000000
POLK - T 0004,POLK - T 0004,131,55131006375,006375,58,1.000000000000,13650270.000000,13650270.000000
KEWASKUM - T 0002,KEWASKUM - T 0002,131,55131006376,006376,59,1.000000000000,35140017.000000,35140017.000000
WEST BEND - C 0016,West Bend - C 0016,131,55131006377,006377,58,1.000000000000,3901985.000000,3901985.000000
NEWBURG - V 0002,Newburg - V 0002,131,55131006378,006378,58,1.000000000000,840565.000000,840565.000000
RICHFIELD - V 0008,Richfield - V 0008,131,55131006379,006379,98,1.000000000000,8370635.000000,8370635.000000
WEST BEND - C 0015,West Bend - C 0015,131,55131006380,006380,58,1.000000000000,845920.000000,845920.000000
BARTON - T 0004,BARTON - T 0004,131,55131006381,006381,59,1.000000000000,21615717.000000,21615717.000000
GERMANTOWN - V 0003,Germantown - V 0003,131,55131006382,006382,24,1.000000000000,4431618.000000,4431618.000000
FARMINGTON - T 0004,FARMINGTON - T 0004,131,55131006383,006383,59,1.000000000000,9194733.000000,9194733.000000
ERIN - T 0002,ERIN - T 0002,131,55131006384,006384,98,1.000000000000,32261015.000000,32261015.000000
WEST BEND - C 0025,West Bend - C 0025,131,55131006385,006385,58,1.000000000000,4555.000000,4555.000000
TRENTON - T 0001,TRENTON - T 0001,131,55131006386,006386,58,1.000000000000,3055542.000000,3055542.000000
WEST BEND - C 0024,West Bend - C 0024,131,55131006387,006387,59,1.000000000000,2946521.000000,2946521.000000
FARMINGTON - T 0003,FARMINGTON - T 0003,131,55131006388,006388,59,1.000000000000,24771076.000000,24771076.000000
RICHFIELD - V 0001,Richfield - V 0001,131,55131006389,006389,98,1.000000000000,5763115.000000,5763115.000000
WEST BEND - C 0019,West Bend - C 0019,131,55131006390,006390,58,1.000000000000,329915.000000,329915.000000
WEST BEND - C 0005,West Bend - C 0005,131,55131006391,006391,58,1.000000000000,861818.000000,861818.000000
WEST BEND - T 0006,WEST BEND - T 0006,131,55131006392,006392,58,1.000000000000,2946336.000000,2946336.000000
WEST BEND - T 0005,WEST BEND - T 0005,131,55131006393,006393,58,1.000000000000,6660359.000000,6660359.000000
RICHFIELD - V 0002,Richfield - V 0002,131,55131006394,006394,98,1.000000000000,14325211.000000,14325211.000000
RICHFIELD - V 0006,Richfield - V 0006,131,55131006395,006395,22,0.000230069605,2945.000000,12800474.000000
RICHFIELD - V 0006,Richfield - V 0006,131,55131006395,006395,98,0.999769930395,12797529.000000,12800474.000000
SLINGER - V 0006,Slinger - V 0006,131,55131006396,006396,58,1.000000000000,642119.000000,642119.000000
HARTFORD - C 0012,Hartford - C 0012,131,55131006397,006397,98,1.000000000000,2440684.000000,2440684.000000
KEWASKUM - V 0001,Kewaskum - V 0001,131,55131006398,006398,59,1.000000000000,1405686.000000,1405686.000000
WEST BEND - C 0017,West Bend - C 0017,131,55131006399,006399,58,1.000000000000,1611884.000000,1611884.000000
WEST BEND - T 0004,WEST BEND - T 0004,131,55131006400,006400,58,1.000000000000,6994819.000000,6994819.000000
RICHFIELD - V 0005,Richfield - V 0005,131,55131006401,006401,98,1.000000000000,11357322.000000,11357322.000000
HARTFORD - C 0001,Hartford - C 0001,131,55131006402,006402,98,1.000000000000,2620015.000000,2620015.000000
GERMANTOWN - V 0014,Germantown - V 0014,131,55131006403,006403,24,1.000000000000,4476923.000000,4476923.000000
WEST BEND - C 0001,West Bend - C 0001,131,55131006404,006404,58,1.000000000000,1151379.000000,1151379.000000
GERMANTOWN - T 0001,GERMANTOWN - T 0001,131,55131006405,006405,22,1.000000000000,4703764.000000,4703764.000000
TRENTON - T 0004,TRENTON - T 0004,131,55131006406,006406,58,1.000000000000,13526514.000000,13526514.000000
JACKSON - V 0001,Jackson - V 0001,131,55131006407,006407,58,1.000000000000,1040925.000000,1040925.000000
MILWAUKEE - C 0318,Milwaukee - C 0318,131,55131006408,006408,24,1.000000000000,56196.000000,56196.000000
POLK - T 0002,POLK - T 0002,131,55131006409,006409,58,1.000000000000,16634012.000000,16634012.000000
GERMANTOWN - V 0007,Germantown - V 0007,131,55131006410,006410,24,1.000000000000,650175.000000,650175.000000
RICHFIELD - V 0003,Richfield - V 0003,131,55131006411,006411,98,1.000000000000,8226593.000000,8226593.000000
JACKSON - V 0003,Jackson - V 0003,131,55131006412,006412,58,1.000000000000,2240684.000000,2240684.000000
WEST BEND - C 0003,West Bend - C 0003,131,55131006413,006413,59,1.000000000000,408595.000000,408595.000000
JACKSON - V 0008,Jackson - V 0008,131,55131006414,006414,58,1.000000000000,679245.000000,679245.000000
JACKSON - V 0009,Jackson - V 0009,131,55131006415,006415,58,1.000000000000,390259.000000,390259.000000
HARTFORD - C 0009,Hartford - C 0009,131,55131006416,006416,98,1.000000000000,1171378.000000,1171378.000000
GERMANTOWN - V 0017,Germantown - V 0017,131,55131006417,006417,24,1.000000000000,646506.000000,646506.000000
ADDISON - T 0001,ADDISON - T 0001,131,55131006418,006418,59,1.000000000000,9763410.000000,9763410.000000
HARTFORD - C 0011,Hartford - C 0011,131,55131006419,006419,98,1.000000000000,189713.000000,189713.000000
FARMINGTON - T 0001,FARMINGTON - T 0001,131,55131006420,006420,59,1.000000000000,26062094.000000,26062094.000000
SLINGER - V 0001,Slinger - V 0001,131,55131006421,006421,58,1.000000000000,2155042.000000,2155042.000000
GERMANTOWN - V 0005,Germantown - V 0005,131,55131006422,006422,24,1.000000000000,5134979.000000,5134979.000000
TRENTON - T 0006,TRENTON - T 0006,131,55131006423,006423,58,1.000000000000,21051571.000000,21051571.000000
HARTFORD - C 0002,Hartford - C 0002,131,55131006424,006424,98,1.000000000000,453096.000000,453096.000000
JACKSON - V 0004,Jackson - V 0004,131,55131006425,006425,58,1.000000000000,470827.000000,470827.000000
POLK - T 0005,POLK - T 0005,131,55131006426,006426,58,1.000000000000,24041080.000000,24041080.000000
WEST BEND - C 0012,West Bend - C 0012,131,55131006427,006427,58,1.000000000000,613523.000000,613523.000000
HARTFORD - C 0010,Hartford - C 0010,131,55131006428,006428,98,1.000000000000,2442376.000000,2442376.000000
WEST BEND - C 0011,West Bend - C 0011,131,55131006429,006429,58,1.000000000000,927608.000000,927608.000000
TRENTON - T 0005,TRENTON - T 0005,131,55131006430,006430,58,1.000000000000,15751670.000000,15751670.000000
SLINGER - V 0004,Slinger - V 0004,131,55131006431,006431,58,1.000000000000,1337138.000000,1337138.000000
JACKSON - T 0006,JACKSON - T 0006,131,55131006432,006432,58,1.000000000000,21900222.000000,21900222.000000
WEST BEND - C 0023,West Bend - C 0023,131,55131006433,006433,59,1.000000000000,3043193.000000,3043193.000000
GERMANTOWN - V 0013,Germantown - V 0013,131,55131006434,006434,24,1.000000000000,1886653.000000,1886653.000000
GERMANTOWN - V 0010,Germantown - V 0010,131,55131006435,006435,24,1.000000000000,7702543.000000,7702543.000000
ERIN - T 0001,ERIN - T 0001,131,55131006436,006436,98,1.000000000000,21771497.000000,21771497.000000
FARMINGTON - T 0002,FARMINGTON - T 0002,131,55131006437,006437,59,1.000000000000,27053518.000000,27053518.000000
BARTON - T 0001,BARTON - T 0001,131,55131006438,006438,59,1.000000000000,14762912.000000,14762912.000000
GERMANTOWN - V 0004,Germantown - V 0004,131,55131006439,006439,24,1.000000000000,4298128.000000,4298128.000000
ADDISON - T 0005,ADDISON - T 0005,131,55131006440,006440,59,1.000000000000,10261150.000000,10261150.000000
POLK - T 0003,POLK - T 0003,131,55131006441,006441,58,1.000000000000,9113003.000000,9113003.000000
SLINGER - V 0005,Slinger - V 0005,131,55131006442,006442,58,1.000000000000,843023.000000,843023.000000
WEST BEND - C 0021,West Bend - C 0021,131,55131006443,006443,58,1.000000000000,1325705.000000,1325705.000000
RICHFIELD - V 0009,Richfield - V 0009,131,55131006444,006444,98,1.000000000000,6680716.000000,6680716.000000
WEST BEND - C 0022,West Bend - C 0022,131,55131006445,006445,59,1.000000000000,629937.000000,629937.000000
KEWASKUM - V 0004,Kewaskum - V 0004,131,55131006446,006446,59,1.000000000000,709397.000000,709397.000000
JACKSON - T 0001,JACKSON - T 0001,131,55131006447,006447,58,1.000000000000,10350015.000000,10350015.000000
HARTFORD - C 0004,Hartford - C 0004,131,55131006448,006448,98,1.000000000000,810308.000000,810308.000000
KEWASKUM - V 0005,Kewaskum - V 0005,131,55131006449,006449,59,1.000000000000,1436774.000000,1436774.000000
FARMINGTON - T 0005,FARMINGTON - T 0005,131,55131006450,006450,59,1.000000000000,8221636.000000,8221636.000000
TRENTON - T 0008,TRENTON - T 0008,131,55131006451,006451,58,1.000000000000,395207.000000,395207.000000
ADDISON - T 0002,ADDISON - T 0002,131,55131006452,006452,59,1.000000000000,8094325.000000,8094325.000000
ADDISON - T 0004,ADDISON - T 0004,131,55131006453,006453,59,1.000000000000,20294352.000000,20294352.000000
KEWASKUM - T 0001,KEWASKUM - T 0001,131,55131006454,006454,59,1.000000000000,22010702.000000,22010702.000000
JACKSON - T 0004,JACKSON - T 0004,131,55131006455,006455,58,1.000000000000,18494002.000000,18494002.000000
WEST BEND - T 0002,WEST BEND - T 0002,131,55131006456,006456,58,1.000000000000,4795851.000000,4795851.000000
SLINGER - V 0008,Slinger - V 0008,131,55131006457,006457,58,1.000000000000,2916124.000000,2916124.000000
HARTFORD - C 0013,Hartford - C 0013,131,55131006458,006458,98,1.000000000000,1427936.000000,1427936.000000
RICHFIELD - V 0004,Richfield - V 0004,131,55131006459,006459,98,1.000000000000,19831742.000000,19831742.000000
GERMANTOWN - V 0002,Germantown - V 0002,131,55131006460,006460,22,1.000000000000,21386374.000000,21386374.000000
BARTON - T 0003,BARTON - T 0003,131,55131006461,006461,59,1.000000000000,14196.000000,14196.000000
WEST BEND - C 0007,West Bend - C 0007,131,55131006462,006462,58,1.000000000000,1838102.000000,1838102.000000
WAYNE - T 0003,WAYNE - T 0003,131,55131006463,006463,59,1.000000000000,31304098.000000,31304098.000000
HARTFORD - T 0004,HARTFORD - T 0004,131,55131006464,006464,98,1.000000000000,19951735.000000,19951735.000000
WEST BEND - C 0009,West Bend - C 0009,131,55131006465,006465,58,1.000000000000,3853730.000000,3853730.000000
TRENTON - T 0002,TRENTON - T 0002,131,55131006466,006466,58,1.000000000000,2257828.000000,2257828.000000
GERMANTOWN - V 0012,Germantown - V 0012,131,55131006467,006467,24,1.000000000000,1226507.000000,1226507.000000
HARTFORD - C 0006,Hartford - C 0006,131,55131006468,006468,98,1.000000000000,136363.000000,136363.000000
JACKSON - V 0007,Jackson - V 0007,131,55131006469,006469,58,1.000000000000,917963.000000,917963.000000
WEST BEND - C 0013,West Bend - C 0013,131,55131006470,006470,58,1.000000000000,1571943.000000,1571943.000000
SLINGER - V 0007,Slinger - V 0007,131,55131006471,006471,58,1.000000000000,1459196.000000,1459196.000000
WEST BEND - C 0004,West Bend - C 0004,131,55131006472,006472,58,1.000000000000,1816486.000000,1816486.000000
KEWASKUM - V 0003,Kewaskum - V 0003,131,55131006473,006473,59,1.000000000000,1559480.000000,1559480.000000
BARTON - T 0002,BARTON - T 0002,131,55131006474,006474,59,1.000000000000,13716071.000000,13716071.000000
WEST BEND - C 0018,West Bend - C 0018,131,55131006475,006475,58,1.000000000000,168397.000000,168397.000000
WAYNE - T 0001,WAYNE - T 0001,131,55131006476,006476,59,1.000000000000,32699368.000000,32699368.000000
ADDISON - T 0006,ADDISON - T 0006,131,55131006477,006477,59,1.000000000000,20708959.000000,20708959.000000
ERIN - T 0004,ERIN - T 0004,131,55131006478,006478,98,1.000000000000,20261759.000000,20261759.000000
GERMANTOWN - V 0008,Germantown - V 0008,131,55131006479,006479,24,1.000000000000,560178.000000,560178.000000
HARTFORD - C 0003,Hartford - C 0003,131,55131006480,006480,98,1.000000000000,616647.000000,616647.000000
GERMANTOWN - V 0006,Germantown - V 0006,131,55131006481,006481,24,1.000000000000,632283.000000,632283.000000
JACKSON - V 0006,Jackson - V 0006,131,55131006482,006482,58,1.000000000000,1017091.000000,1017091.000000
HARTFORD - C 0014,Hartford - C 0014,131,55131006483,006483,98,1.000000000000,2369586.000000,2369586.000000
WEST BEND - C 0010,West Bend - C 0010,131,55131006484,006484,58,1.000000000000,1260956.000000,1260956.000000
HARTFORD - C 0015,Hartford - C 0015,131,55131006485,006485,98,1.000000000000,13221.000000,13221.000000
HARTFORD - C 0016,Hartford - C 0016,131,55131006486,006486,98,1.000000000000,59963.000000,59963.000000
WEST BEND - T 0008,WEST BEND - T 0008,131,55131006487,006487,58,1.000000000000,2962.000000,2962.000000
WEST BEND - C 0026,West Bend - C 0026,131,55131006488,006488,58,1.000000000000,462494.000000,462494.000000
HARTFORD - C 0020,Hartford - C 0020,131,55131006489,006489,98,1.000000000000,4300.000000,4300.000000
TRENTON - T 0007,TRENTON - T 0007,131,55131006490,006490,58,1.000000000000,15067483.000000,15067483.000000
HARTFORD - C 0021,Hartford - C 0021,131,55131006491,006491,98,1.000000000000,4963.000000,4963.000000
JACKSON - V 0010,Jackson - V 0010,131,55131006492,006492,58,1.000000000000,213159.000000,213159.000000
HARTFORD - C 0023,Hartford - C 0023,131,55131006494,006494,98,1.000000000000,11964.000000,11964.000000
WEST BEND - C 0027,West Bend - C 0027,131,55131006495,006495,58,1.000000000000,5568.000000,5568.000000
KEWASKUM - V 0007,Kewaskum - V 0007,131,55131006496,006496,59,1.000000000000,3548.000000,3548.000000
JACKSON - T 0005,JACKSON - T 0005,131,55131006497,006497,58,1.000000000000,11878352.000000,11878352.000000
JACKSON - T 0003,JACKSON - T 0003,131,55131006498,006498,58,1.000000000000,11329664.000000,11329664.000000
ADDISON - T 0003,ADDISON - T 0003,131,55131006499,006499,59,1.000000000000,24197160.000000,24197160.000000
POLK - T 0006,POLK - T 0006,131,55131006500,006500,58,1.000000000000,4947408.000000,4947408.000000
HARTFORD - C 0024,Hartford - C 0024,131,55131006501,006501,98,1.000000000000,234402.000000,234402.000000
HARTFORD - C 0025,Hartford - C 0025,131,55131006502,006502,98,1.000000000000,5381.000000,5381.000000
WEST BEND - C 0031,West Bend - C 0031,131,55131006505,006505,58,1.000000000000,21201.000000,21201.000000
WEST BEND - C 0032,West Bend - C 0032,131,55131006507,006507,58,1.000000000000,13014.000000,13014.000000
SLINGER - V 0003,Slinger - V 0003,131,55131006508,006508,58,1.000000000000,1384014.000000,1384014.000000
HARTFORD - C 0026,Hartford - C 0026,131,55131006509,006509,98,1.000000000000,79966.000000,79966.000000
POLK - T 0001,POLK - T 0001,131,55131006510,006510,58,1.000000000000,12941233.000000,12941233.000000
SLINGER - V 0002,Slinger - V 0002,131,55131006511,006511,58,1.000000000000,2878103.000000,2878103.000000
HARTFORD - C 0028,Hartford - C 0028,131,55131006512,006512,98,1.000000000000,63965.000000,63965.000000
HARTFORD - C 0027,Hartford - C 0027,131,55131006513,006513,98,1.000000000000,3197.000000,3197.000000
HARTFORD - C 0030,Hartford - C 0030,131,55131006515,006515,98,1.000000000000,5288.000000,5288.000000
HARTFORD - C 0031,Hartford - C 0031,131,55131006516,006516,98,1.000000000000,9633.000000,9633.000000
HARTFORD - C 0032,Hartford - C 0032,131,55131006517,006517,98,1.000000000000,273789.000000,273789.000000
HARTFORD - C 0029,Hartford - C 0029,131,55131006518,006518,98,1.000000000000,2011.000000,2011.000000
HARTFORD - T 0003,HARTFORD - T 0003,131,55131006520,006520,98,1.000000000000,16590028.000000,16590028.000000
HARTFORD - C 0008,Hartford - C 0008,131,55131006522,006522,98,1.000000000000,3124479.000000,3124479.000000
HARTFORD - T 0002,HARTFORD - T 0002,131,55131006524,006524,98,1.000000000000,20734308.000000,20734308.000000
JACKSON - V 0011,Jackson - V 0011,131,55131008064,008064,58,1.000000000000,307581.000000,307581.000000
HARTFORD - C 0033,Hartford - C 0033,131,55131008065,008065,98,1.000000000000,10755.000000,10755.000000
HARTFORD - C 0035,Hartford - C 0035,131,55131008066,008066,98,1.000000000000,34127.000000,34127.000000
HARTFORD - C 0034,Hartford - C 0034,131,55131008067,008067,98,1.000000000000,350708.000000,350708.000000
HARTFORD - C 0022,Hartford - C 0022,131,55131008068,008068,98,1.000000000000,5705.000000,5705.000000
HARTLAND - V 0015,Hartland - V 0015,133,55133003022,003022,99,1.000000000000,165411.000000,165411.000000
MERTON - V 0006,Merton - V 0006,133,55133003023,003023,98,1.000000000000,512801.000000,512801.000000
SUSSEX - V 0011,Sussex - V 0011,133,55133003024,003024,98,1.000000000000,440667.000000,440667.000000
NORTH PRAIRIE - V 0004,North Prairie - V 0004,133,55133003025,003025,97,1.000000000000,49659.000000,49659.000000
WAUKESHA - C 0052,Waukesha - C 0052,133,55133003026,003026,82,1.000000000000,20670.000000,20670.000000
WAUKESHA - C 0051,Waukesha - C 0051,133,55133003027,003027,82,1.000000000000,22128.000000,22128.000000
EAGLE - V 0002,Eagle - V 0002,133,55133006526,006526,97,1.000000000000,1358471.000000,1358471.000000
MUKWONAGO - T 0011,MUKWONAGO - T 0011,133,55133006527,006527,84,1.000000000000,9487550.000000,9487550.000000
VERNON - T 0008,VERNON - T 0008,133,55133006528,006528,84,1.000000000000,20807724.000000,20807724.000000
EAGLE - V 0001,Eagle - V 0001,133,55133006529,006529,97,1.000000000000,2246836.000000,2246836.000000
VERNON - T 0001,VERNON - T 0001,133,55133006530,006530,84,1.000000000000,8729267.000000,8729267.000000
MUKWONAGO - T 0010,MUKWONAGO - T 0010,133,55133006531,006531,97,1.000000000000,5452541.000000,5452541.000000
MUKWONAGO - T 0001,MUKWONAGO - T 0001,133,55133006532,006532,97,1.000000000000,3612241.000000,3612241.000000
VERNON - T 0004,VERNON - T 0004,133,55133006533,006533,84,1.000000000000,4635484.000000,4635484.000000
VERNON - T 0009,VERNON - T 0009,133,55133006534,006534,84,1.000000000000,2085306.000000,2085306.000000
VERNON - T 0002,VERNON - T 0002,133,55133006535,006535,84,1.000000000000,18263835.000000,18263835.000000
NORTH PRAIRIE - V 0003,North Prairie - V 0003,133,55133006536,006536,97,1.000000000000,1519661.000000,1519661.000000
VERNON - T 0007,VERNON - T 0007,133,55133006537,006537,84,1.000000000000,3069129.000000,3069129.000000
MUKWONAGO - T 0007,MUKWONAGO - T 0007,133,55133006538,006538,97,1.000000000000,3945264.000000,3945264.000000
VERNON - T 0003,VERNON - T 0003,133,55133006539,006539,84,1.000000000000,2572607.000000,2572607.000000
MUKWONAGO - T 0009,MUKWONAGO - T 0009,133,55133006540,006540,97,1.000000000000,6236212.000000,6236212.000000
MUKWONAGO - T 0008,MUKWONAGO - T 0008,133,55133006541,006541,97,1.000000000000,2537407.000000,2537407.000000
MUKWONAGO - T 0006,MUKWONAGO - T 0006,133,55133006542,006542,97,1.000000000000,9081539.000000,9081539.000000
MUKWONAGO - T 0005,MUKWONAGO - T 0005,133,55133006543,006543,84,0.000060669409,1181.000000,19466153.000000
MUKWONAGO - T 0005,MUKWONAGO - T 0005,133,55133006543,006543,97,0.999939330591,19464972.000000,19466153.000000
VERNON - T 0005,VERNON - T 0005,133,55133006544,006544,84,1.000000000000,10717873.000000,10717873.000000
SUMMIT - V 0001,Summit - V 0001,133,55133006545,006545,97,0.991434752490,18674086.000000,18835416.000000
SUMMIT - V 0001,Summit - V 0001,133,55133006545,006545,99,0.008565247510,161330.000000,18835416.000000
SUMMIT - V 0004,Summit - V 0004,133,55133006546,006546,97,1.000000000000,5181434.000000,5181434.000000
SUMMIT - V 0003,Summit - V 0003,133,55133006547,006547,97,1.000000000000,9557484.000000,9557484.000000
VERNON - T 0010,VERNON - T 0010,133,55133006548,006548,84,1.000000000000,4066133.000000,4066133.000000
NORTH PRAIRIE - V 0001,North Prairie - V 0001,133,55133006549,006549,97,1.000000000000,1393956.000000,1393956.000000
NORTH PRAIRIE - V 0002,North Prairie - V 0002,133,55133006550,006550,97,1.000000000000,4233526.000000,4233526.000000
GENESEE - T 0007,GENESEE - T 0007,133,55133006551,006551,97,1.000000000000,8197429.000000,8197429.000000
GENESEE - T 0004,GENESEE - T 0004,133,55133006552,006552,97,1.000000000000,5713774.000000,5713774.000000
GENESEE - T 0008,GENESEE - T 0008,133,55133006553,006553,97,1.000000000000,12770828.000000,12770828.000000
GENESEE - T 0005,GENESEE - T 0005,133,55133006554,006554,97,1.000000000000,5467655.000000,5467655.000000
GENESEE - T 0003,GENESEE - T 0003,133,55133006555,006555,97,1.000000000000,4060345.000000,4060345.000000
GENESEE - T 0010,GENESEE - T 0010,133,55133006556,006556,97,1.000000000000,3053971.000000,3053971.000000
WALES - V 0003,Wales - V 0003,133,55133006557,006557,97,1.000000000000,2418075.000000,2418075.000000
GENESEE - T 0002,GENESEE - T 0002,133,55133006558,006558,97,1.000000000000,7963382.000000,7963382.000000
WALES - V 0001,Wales - V 0001,133,55133006559,006559,97,1.000000000000,2012505.000000,2012505.000000
DELAFIELD - C 0014,Delafield - C 0014,133,55133006560,006560,97,1.000000000000,1453365.000000,1453365.000000
DELAFIELD - C 0013,Delafield - C 0013,133,55133006561,006561,97,1.000000000000,2773656.000000,2773656.000000
MENOMONEE FALLS - V 0007,Menomonee Falls - V 0007,133,55133006562,006562,24,1.000000000000,7481146.000000,7481146.000000
MENOMONEE FALLS - V 0018,Menomonee Falls - V 0018,133,55133006563,006563,24,1.000000000000,5087797.000000,5087797.000000
BROOKFIELD - C 0002,Brookfield - C 0002,133,55133006564,006564,13,0.999492382592,5081957.000000,5084538.000000
BROOKFIELD - C 0002,Brookfield - C 0002,133,55133006564,006564,24,0.000507617408,2581.000000,5084538.000000
BROOKFIELD - C 0024,Brookfield - C 0024,133,55133006565,006565,15,1.000000000000,2040171.000000,2040171.000000
NEW BERLIN - C 0016,New Berlin - C 0016,133,55133006566,006566,83,1.000000000000,2797315.000000,2797315.000000
BUTLER - V 0001,Butler - V 0001,133,55133006567,006567,24,1.000000000000,1062207.000000,1062207.000000
EAGLE - T 0004,EAGLE - T 0004,133,55133006568,006568,97,1.000000000000,14866006.000000,14866006.000000
DELAFIELD - T 0008,DELAFIELD - T 0008,133,55133006569,006569,97,1.000000000000,7178848.000000,7178848.000000
DELAFIELD - T 0010,DELAFIELD - T 0010,133,55133006570,006570,97,1.000000000000,7093996.000000,7093996.000000
DELAFIELD - T 0011,DELAFIELD - T 0011,133,55133006571,006571,97,1.000000000000,4570821.000000,4570821.000000
ELM GROVE - V 0004,Elm Grove - V 0004,133,55133006572,006572,13,1.000000000000,860812.000000,860812.000000
DELAFIELD - T 0009,DELAFIELD - T 0009,133,55133006573,006573,97,1.000000000000,3034078.000000,3034078.000000
ELM GROVE - V 0005,Elm Grove - V 0005,133,55133006574,006574,13,1.000000000000,968598.000000,968598.000000
ELM GROVE - V 0003,Elm Grove - V 0003,133,55133006575,006575,13,1.000000000000,1034690.000000,1034690.000000
DELAFIELD - T 0007,DELAFIELD - T 0007,133,55133006576,006576,97,1.000000000000,8705395.000000,8705395.000000
PEWAUKEE - C 0007,Pewaukee - C 0007,133,55133006577,006577,15,1.000000000000,2783017.000000,2783017.000000
ELM GROVE - V 0006,Elm Grove - V 0006,133,55133006578,006578,13,1.000000000000,747955.000000,747955.000000
ELM GROVE - V 0001,Elm Grove - V 0001,133,55133006579,006579,13,1.000000000000,1078964.000000,1078964.000000
DELAFIELD - T 0006,DELAFIELD - T 0006,133,55133006580,006580,97,1.000000000000,2764058.000000,2764058.000000
ELM GROVE - V 0008,Elm Grove - V 0008,133,55133006581,006581,13,1.000000000000,976736.000000,976736.000000
ELM GROVE - V 0002,Elm Grove - V 0002,133,55133006582,006582,13,1.000000000000,1640939.000000,1640939.000000
ELM GROVE - V 0007,Elm Grove - V 0007,133,55133006583,006583,13,1.000000000000,1185167.000000,1185167.000000
PEWAUKEE - C 0006,Pewaukee - C 0006,133,55133006584,006584,15,1.000000000000,3662912.000000,3662912.000000
DELAFIELD - T 0001,DELAFIELD - T 0001,133,55133006585,006585,97,1.000000000000,2868555.000000,2868555.000000
DELAFIELD - T 0005,DELAFIELD - T 0005,133,55133006586,006586,97,1.000000000000,5598719.000000,5598719.000000
PEWAUKEE - C 0010,Pewaukee - C 0010,133,55133006587,006587,15,1.000000000000,1924247.000000,1924247.000000
PEWAUKEE - C 0005,Pewaukee - C 0005,133,55133006588,006588,15,1.000000000000,4575419.000000,4575419.000000
PEWAUKEE - C 0004,Pewaukee - C 0004,133,55133006589,006589,15,1.000000000000,1653054.000000,1653054.000000
PEWAUKEE - C 0009,Pewaukee - C 0009,133,55133006590,006590,15,1.000000000000,12609705.000000,12609705.000000
PEWAUKEE - C 0008,Pewaukee - C 0008,133,55133006591,006591,15,1.000000000000,6261715.000000,6261715.000000
DELAFIELD - T 0002,DELAFIELD - T 0002,133,55133006592,006592,97,1.000000000000,2575492.000000,2575492.000000
PEWAUKEE - C 0001,Pewaukee - C 0001,133,55133006593,006593,15,1.000000000000,1788207.000000,1788207.000000
PEWAUKEE - C 0003,Pewaukee - C 0003,133,55133006594,006594,15,1.000000000000,9124335.000000,9124335.000000
DELAFIELD - T 0003,DELAFIELD - T 0003,133,55133006595,006595,97,1.000000000000,5464769.000000,5464769.000000
LISBON - T 0001,LISBON - T 0001,133,55133006596,006596,98,1.000000000000,16260837.000000,16260837.000000
DELAFIELD - T 0004,DELAFIELD - T 0004,133,55133006597,006597,97,0.999002051779,3771979.000000,3775747.000000
DELAFIELD - T 0004,DELAFIELD - T 0004,133,55133006597,006597,99,0.000997948221,3768.000000,3775747.000000
PEWAUKEE - C 0002,Pewaukee - C 0002,133,55133006598,006598,15,1.000000000000,10619133.000000,10619133.000000
OCONOMOWOC LAKE - V 0001,Oconomowoc Lake - V 0001,133,55133006599,006599,97,1.000000000000,8381098.000000,8381098.000000
MILWAUKEE - C 0319,Milwaukee - C 0319,133,55133006600,006600,24,1.000000000000,191567.000000,191567.000000
LAC LA BELLE - V 0001,Lac La Belle - V 0001,133,55133006601,006601,99,1.000000000000,1895609.000000,1895609.000000
MERTON - T 0003,MERTON - T 0003,133,55133006602,006602,99,1.000000000000,13309285.000000,13309285.000000
MERTON - T 0005,MERTON - T 0005,133,55133006603,006603,99,1.000000000000,9607635.000000,9607635.000000
MUKWONAGO - V 0009,Mukwonago - V 0009,133,55133006604,006604,84,1.000000000000,1789189.000000,1789189.000000
NASHOTAH - V 0001,Nashotah - V 0001,133,55133006605,006605,99,1.000000000000,2341361.000000,2341361.000000
HARTLAND - V 0007,Hartland - V 0007,133,55133006606,006606,99,1.000000000000,785458.000000,785458.000000
HARTLAND - V 0001,Hartland - V 0001,133,55133006607,006607,99,1.000000000000,4043411.000000,4043411.000000
BIG BEND - V 0002,Big Bend - V 0002,133,55133006608,006608,84,1.000000000000,1146250.000000,1146250.000000
BROOKFIELD - C 0003,Brookfield - C 0003,133,55133006609,006609,13,1.000000000000,3584121.000000,3584121.000000
MENOMONEE FALLS - V 0019,Menomonee Falls - V 0019,133,55133006610,006610,24,1.000000000000,1936672.000000,1936672.000000
LANNON - V 0001,Lannon - V 0001,133,55133006611,006611,24,1.000000000000,4220945.000000,4220945.000000
MENOMONEE FALLS - V 0020,Menomonee Falls - V 0020,133,55133006612,006612,24,1.000000000000,3769922.000000,3769922.000000
MENOMONEE FALLS - V 0001,Menomonee Falls - V 0001,133,55133006613,006613,24,1.000000000000,14626971.000000,14626971.000000
OTTAWA - T 0002,OTTAWA - T 0002,133,55133006614,006614,97,1.000000000000,14621528.000000,14621528.000000
CHENEQUA - V 0001,Chenequa - V 0001,133,55133006615,006615,97,0.001409131294,16899.000000,11992495.000000
CHENEQUA - V 0001,Chenequa - V 0001,133,55133006615,006615,99,0.998590868706,11975596.000000,11992495.000000
VERNON - T 0006,VERNON - T 0006,133,55133006616,006616,84,1.000000000000,1715483.000000,1715483.000000
SUSSEX - V 0004,Sussex - V 0004,133,55133006617,006617,98,1.000000000000,6258175.000000,6258175.000000
NEW BERLIN - C 0001,New Berlin - C 0001,133,55133006618,006618,83,1.000000000000,2335451.000000,2335451.000000
NEW BERLIN - C 0009,New Berlin - C 0009,133,55133006619,006619,83,1.000000000000,4132190.000000,4132190.000000
NEW BERLIN - C 0008,New Berlin - C 0008,133,55133006620,006620,83,1.000000000000,15518041.000000,15518041.000000
BROOKFIELD - C 0020,Brookfield - C 0020,133,55133006621,006621,15,1.000000000000,1908763.000000,1908763.000000
BUTLER - V 0003,Butler - V 0003,133,55133006622,006622,24,1.000000000000,652735.000000,652735.000000
BROOKFIELD - T 0010,BROOKFIELD - T 0010,133,55133006623,006623,15,1.000000000000,742651.000000,742651.000000
BROOKFIELD - T 0003,BROOKFIELD - T 0003,133,55133006624,006624,15,1.000000000000,1449547.000000,1449547.000000
BROOKFIELD - T 0001,BROOKFIELD - T 0001,133,55133006625,006625,15,1.000000000000,2724293.000000,2724293.000000
BROOKFIELD - C 0012,Brookfield - C 0012,133,55133006626,006626,15,1.000000000000,3033853.000000,3033853.000000
BROOKFIELD - C 0011,Brookfield - C 0011,133,55133006627,006627,15,1.000000000000,8938100.000000,8938100.000000
BROOKFIELD - T 0008,BROOKFIELD - T 0008,133,55133006628,006628,15,1.000000000000,715659.000000,715659.000000
GENESEE - T 0006,GENESEE - T 0006,133,55133006629,006629,97,1.000000000000,15678947.000000,15678947.000000
GENESEE - T 0001,GENESEE - T 0001,133,55133006630,006630,97,1.000000000000,5466627.000000,5466627.000000
DELAFIELD - C 0005,Delafield - C 0005,133,55133006631,006631,97,1.000000000000,3098929.000000,3098929.000000
DELAFIELD - C 0006,Delafield - C 0006,133,55133006632,006632,97,1.000000000000,2393948.000000,2393948.000000
DELAFIELD - C 0004,Delafield - C 0004,133,55133006633,006633,97,1.000000000000,2473248.000000,2473248.000000
DELAFIELD - C 0007,Delafield - C 0007,133,55133006634,006634,97,1.000000000000,711229.000000,711229.000000
DELAFIELD - C 0008,Delafield - C 0008,133,55133006635,006635,97,1.000000000000,785695.000000,785695.000000
DELAFIELD - C 0009,Delafield - C 0009,133,55133006636,006636,97,1.000000000000,990566.000000,990566.000000
DELAFIELD - C 0010,Delafield - C 0010,133,55133006637,006637,97,1.000000000000,829567.000000,829567.000000
DELAFIELD - C 0003,Delafield - C 0003,133,55133006638,006638,97,1.000000000000,3042309.000000,3042309.000000
DELAFIELD - C 0011,Delafield - C 0011,133,55133006639,006639,97,1.000000000000,2176953.000000,2176953.000000
DELAFIELD - C 0002,Delafield - C 0002,133,55133006640,006640,97,1.000000000000,2949095.000000,2949095.000000
DELAFIELD - C 0012,Delafield - C 0012,133,55133006641,006641,97,1.000000000000,1518506.000000,1518506.000000
DELAFIELD - C 0001,Delafield - C 0001,133,55133006642,006642,97,1.000000000000,3428156.000000,3428156.000000
WAUKESHA - T 0010,WAUKESHA - T 0010,133,55133006643,006643,83,1.000000000000,4413822.000000,4413822.000000
WAUKESHA - C 0019,Waukesha - C 0019,133,55133006644,006644,83,1.000000000000,2057129.000000,2057129.000000
EAGLE - T 0001,EAGLE - T 0001,133,55133006645,006645,97,1.000000000000,58788494.000000,58788494.000000
NASHOTAH - V 0002,Nashotah - V 0002,133,55133006646,006646,97,0.003290626613,6281.000000,1908755.000000
NASHOTAH - V 0002,Nashotah - V 0002,133,55133006646,006646,99,0.996709373387,1902474.000000,1908755.000000
MERTON - T 0006,MERTON - T 0006,133,55133006647,006647,99,1.000000000000,3834418.000000,3834418.000000
OTTAWA - T 0005,OTTAWA - T 0005,133,55133006648,006648,97,1.000000000000,16150307.000000,16150307.000000
EAGLE - T 0002,EAGLE - T 0002,133,55133006649,006649,97,1.000000000000,10222406.000000,10222406.000000
WAUKESHA - C 0036,Waukesha - C 0036,133,55133006650,006650,82,1.000000000000,5151996.000000,5151996.000000
MERTON - T 0007,MERTON - T 0007,133,55133006651,006651,99,1.000000000000,6316327.000000,6316327.000000
BROOKFIELD - T 0004,BROOKFIELD - T 0004,133,55133006652,006652,15,1.000000000000,812574.000000,812574.000000
BROOKFIELD - T 0007,BROOKFIELD - T 0007,133,55133006653,006653,15,1.000000000000,494183.000000,494183.000000
WAUKESHA - C 0002,Waukesha - C 0002,133,55133006654,006654,15,1.000000000000,2315582.000000,2315582.000000
WAUKESHA - C 0003,Waukesha - C 0003,133,55133006655,006655,82,1.000000000000,5904548.000000,5904548.000000
MUKWONAGO - V 0006,Mukwonago - V 0006,133,55133006656,006656,84,1.000000000000,1208542.000000,1208542.000000
WAUKESHA - T 0011,WAUKESHA - T 0011,133,55133006657,006657,83,1.000000000000,4638261.000000,4638261.000000
WAUKESHA - T 0006,WAUKESHA - T 0006,133,55133006658,006658,82,0.001165072875,3998.000000,3431545.000000
WAUKESHA - T 0006,WAUKESHA - T 0006,133,55133006658,006658,83,0.998834927125,3427547.000000,3431545.000000
WAUKESHA - T 0003,WAUKESHA - T 0003,133,55133006659,006659,82,1.000000000000,2997465.000000,2997465.000000
WAUKESHA - T 0008,WAUKESHA - T 0008,133,55133006660,006660,83,1.000000000000,2260879.000000,2260879.000000
MUKWONAGO - V 0004,Mukwonago - V 0004,133,55133006661,006661,84,1.000000000000,1208689.000000,1208689.000000
WAUKESHA - C 0035,Waukesha - C 0035,133,55133006662,006662,82,1.000000000000,3160368.000000,3160368.000000
OCONOMOWOC - C 0009,Oconomowoc - C 0009,133,55133006663,006663,99,1.000000000000,796933.000000,796933.000000
OCONOMOWOC - C 0008,Oconomowoc - C 0008,133,55133006664,006664,99,1.000000000000,7866875.000000,7866875.000000
OCONOMOWOC - T 0008,OCONOMOWOC - T 0008,133,55133006665,006665,99,1.000000000000,1441768.000000,1441768.000000
HARTLAND - V 0010,Hartland - V 0010,133,55133006666,006666,99,1.000000000000,823353.000000,823353.000000
OTTAWA - T 0003,OTTAWA - T 0003,133,55133006667,006667,97,1.000000000000,20441986.000000,20441986.000000
SUMMIT - V 0005,Summit - V 0005,133,55133006668,006668,97,1.000000000000,5532772.000000,5532772.000000
SUMMIT - V 0006,Summit - V 0006,133,55133006669,006669,97,1.000000000000,15812274.000000,15812274.000000
DOUSMAN - V 0002,Dousman - V 0002,133,55133006670,006670,97,1.000000000000,1107569.000000,1107569.000000
DOUSMAN - V 0003,Dousman - V 0003,133,55133006671,006671,97,1.000000000000,2956216.000000,2956216.000000
OCONOMOWOC - T 0003,OCONOMOWOC - T 0003,133,55133006672,006672,99,1.000000000000,9209392.000000,9209392.000000
OCONOMOWOC - C 0007,Oconomowoc - C 0007,133,55133006673,006673,99,1.000000000000,1065239.000000,1065239.000000
SUSSEX - V 0006,Sussex - V 0006,133,55133006674,006674,98,1.000000000000,2086079.000000,2086079.000000
SUSSEX - V 0005,Sussex - V 0005,133,55133006675,006675,98,1.000000000000,2294556.000000,2294556.000000
SUSSEX - V 0007,Sussex - V 0007,133,55133006676,006676,98,1.000000000000,1464852.000000,1464852.000000
LISBON - T 0006,LISBON - T 0006,133,55133006677,006677,98,1.000000000000,15805464.000000,15805464.000000
MERTON - T 0010,MERTON - T 0010,133,55133006678,006678,99,1.000000000000,1552780.000000,1552780.000000
BIG BEND - V 0001,Big Bend - V 0001,133,55133006679,006679,84,1.000000000000,6204556.000000,6204556.000000
WAUKESHA - C 0014,Waukesha - C 0014,133,55133006680,006680,82,1.000000000000,3514287.000000,3514287.000000
WAUKESHA - C 0015,Waukesha - C 0015,133,55133006681,006681,82,1.000000000000,1893394.000000,1893394.000000
WAUKESHA - C 0032,Waukesha - C 0032,133,55133006682,006682,82,1.000000000000,1930385.000000,1930385.000000
WAUKESHA - C 0020,Waukesha - C 0020,133,55133006683,006683,83,1.000000000000,2114729.000000,2114729.000000
WAUKESHA - C 0017,Waukesha - C 0017,133,55133006684,006684,82,1.000000000000,3516779.000000,3516779.000000
WAUKESHA - C 0008,Waukesha - C 0008,133,55133006685,006685,83,1.000000000000,734673.000000,734673.000000
BROOKFIELD - C 0023,Brookfield - C 0023,133,55133006686,006686,15,1.000000000000,3562733.000000,3562733.000000
BROOKFIELD - C 0018,Brookfield - C 0018,133,55133006687,006687,15,1.000000000000,4494560.000000,4494560.000000
BROOKFIELD - C 0001,Brookfield - C 0001,133,55133006688,006688,13,1.000000000000,2698589.000000,2698589.000000
EAGLE - T 0003,EAGLE - T 0003,133,55133006689,006689,97,1.000000000000,6301730.000000,6301730.000000
MUKWONAGO - V 0001,Mukwonago - V 0001,133,55133006690,006690,84,1.000000000000,1261960.000000,1261960.000000
HARTLAND - V 0006,Hartland - V 0006,133,55133006691,006691,99,1.000000000000,1060821.000000,1060821.000000
HARTLAND - V 0004,Hartland - V 0004,133,55133006692,006692,99,1.000000000000,744183.000000,744183.000000
HARTLAND - V 0002,Hartland - V 0002,133,55133006693,006693,99,1.000000000000,584867.000000,584867.000000
WAUKESHA - C 0013,Waukesha - C 0013,133,55133006694,006694,82,1.000000000000,3774284.000000,3774284.000000
PEWAUKEE - V 0008,Pewaukee - V 0008,133,55133006695,006695,15,1.000000000000,2160531.000000,2160531.000000
PEWAUKEE - V 0009,Pewaukee - V 0009,133,55133006696,006696,15,1.000000000000,1610992.000000,1610992.000000
PEWAUKEE - V 0005,Pewaukee - V 0005,133,55133006697,006697,15,1.000000000000,556063.000000,556063.000000
PEWAUKEE - V 0004,Pewaukee - V 0004,133,55133006698,006698,15,1.000000000000,1769649.000000,1769649.000000
MUSKEGO - C 0011,Muskego - C 0011,133,55133006699,006699,84,1.000000000000,8998332.000000,8998332.000000
MERTON - T 0001,MERTON - T 0001,133,55133006700,006700,99,1.000000000000,4305267.000000,4305267.000000
MERTON - T 0004,MERTON - T 0004,133,55133006701,006701,99,1.000000000000,15966340.000000,15966340.000000
OCONOMOWOC - T 0001,OCONOMOWOC - T 0001,133,55133006702,006702,99,1.000000000000,16954584.000000,16954584.000000
OCONOMOWOC - T 0002,OCONOMOWOC - T 0002,133,55133006703,006703,99,1.000000000000,6707452.000000,6707452.000000
MERTON - V 0003,Merton - V 0003,133,55133006704,006704,98,1.000000000000,1969755.000000,1969755.000000
MERTON - T 0002,MERTON - T 0002,133,55133006705,006705,99,1.000000000000,5589181.000000,5589181.000000
OTTAWA - T 0001,OTTAWA - T 0001,133,55133006706,006706,97,1.000000000000,18111497.000000,18111497.000000
OCONOMOWOC - T 0005,OCONOMOWOC - T 0005,133,55133006707,006707,99,1.000000000000,3252685.000000,3252685.000000
OCONOMOWOC - T 0007,OCONOMOWOC - T 0007,133,55133006708,006708,99,1.000000000000,1403886.000000,1403886.000000
OCONOMOWOC - C 0001,Oconomowoc - C 0001,133,55133006709,006709,99,1.000000000000,4500485.000000,4500485.000000
OCONOMOWOC - C 0005,Oconomowoc - C 0005,133,55133006710,006710,99,1.000000000000,1682958.000000,1682958.000000
OCONOMOWOC - T 0004,OCONOMOWOC - T 0004,133,55133006711,006711,99,1.000000000000,34909785.000000,34909785.000000
OCONOMOWOC - C 0002,Oconomowoc - C 0002,133,55133006712,006712,99,1.000000000000,486796.000000,486796.000000
OCONOMOWOC - C 0004,Oconomowoc - C 0004,133,55133006713,006713,99,1.000000000000,1452670.000000,1452670.000000
OCONOMOWOC - C 0011,Oconomowoc - C 0011,133,55133006714,006714,99,1.000000000000,4673163.000000,4673163.000000
SUSSEX - V 0002,Sussex - V 0002,133,55133006715,006715,98,1.000000000000,1714568.000000,1714568.000000
OCONOMOWOC - C 0006,Oconomowoc - C 0006,133,55133006716,006716,99,1.000000000000,2050943.000000,2050943.000000
OCONOMOWOC - C 0012,Oconomowoc - C 0012,133,55133006717,006717,99,1.000000000000,3103916.000000,3103916.000000
OCONOMOWOC - C 0010,Oconomowoc - C 0010,133,55133006718,006718,99,1.000000000000,2396976.000000,2396976.000000
MENOMONEE FALLS - V 0023,Menomonee Falls - V 0023,133,55133006719,006719,24,1.000000000000,14374701.000000,14374701.000000
LISBON - T 0005,LISBON - T 0005,133,55133006720,006720,98,1.000000000000,10291918.000000,10291918.000000
MERTON - V 0002,Merton - V 0002,133,55133006721,006721,98,1.000000000000,2052430.000000,2052430.000000
SUSSEX - V 0001,Sussex - V 0001,133,55133006722,006722,98,1.000000000000,1450107.000000,1450107.000000
LANNON - V 0002,Lannon - V 0002,133,55133006723,006723,24,1.000000000000,2233725.000000,2233725.000000
MENOMONEE FALLS - V 0003,Menomonee Falls - V 0003,133,55133006724,006724,24,1.000000000000,2433133.000000,2433133.000000
MENOMONEE FALLS - V 0002,Menomonee Falls - V 0002,133,55133006725,006725,24,1.000000000000,3354854.000000,3354854.000000
MENOMONEE FALLS - V 0004,Menomonee Falls - V 0004,133,55133006726,006726,24,1.000000000000,535673.000000,535673.000000
MENOMONEE FALLS - V 0005,Menomonee Falls - V 0005,133,55133006727,006727,24,1.000000000000,872515.000000,872515.000000
MENOMONEE FALLS - V 0014,Menomonee Falls - V 0014,133,55133006728,006728,24,1.000000000000,1769351.000000,1769351.000000
MENOMONEE FALLS - V 0013,Menomonee Falls - V 0013,133,55133006729,006729,24,1.000000000000,1600949.000000,1600949.000000
MENOMONEE FALLS - V 0016,Menomonee Falls - V 0016,133,55133006730,006730,24,1.000000000000,4418099.000000,4418099.000000
MENOMONEE FALLS - V 0006,Menomonee Falls - V 0006,133,55133006731,006731,24,1.000000000000,1531488.000000,1531488.000000
MENOMONEE FALLS - V 0008,Menomonee Falls - V 0008,133,55133006732,006732,24,1.000000000000,1297198.000000,1297198.000000
MENOMONEE FALLS - V 0009,Menomonee Falls - V 0009,133,55133006733,006733,24,1.000000000000,1607590.000000,1607590.000000
MENOMONEE FALLS - V 0011,Menomonee Falls - V 0011,133,55133006734,006734,24,1.000000000000,3108491.000000,3108491.000000
MENOMONEE FALLS - V 0017,Menomonee Falls - V 0017,133,55133006735,006735,24,1.000000000000,2629487.000000,2629487.000000
MENOMONEE FALLS - V 0010,Menomonee Falls - V 0010,133,55133006736,006736,24,1.000000000000,1353285.000000,1353285.000000
MENOMONEE FALLS - V 0012,Menomonee Falls - V 0012,133,55133006737,006737,24,1.000000000000,1226108.000000,1226108.000000
MENOMONEE FALLS - V 0015,Menomonee Falls - V 0015,133,55133006738,006738,24,1.000000000000,2637141.000000,2637141.000000
MENOMONEE FALLS - V 0021,Menomonee Falls - V 0021,133,55133006739,006739,24,1.000000000000,1997132.000000,1997132.000000
MENOMONEE FALLS - V 0022,Menomonee Falls - V 0022,133,55133006740,006740,24,1.000000000000,6597098.000000,6597098.000000
BROOKFIELD - C 0005,Brookfield - C 0005,133,55133006741,006741,13,1.000000000000,2216334.000000,2216334.000000
BROOKFIELD - C 0009,Brookfield - C 0009,133,55133006742,006742,13,1.000000000000,2685340.000000,2685340.000000
BROOKFIELD - C 0008,Brookfield - C 0008,133,55133006743,006743,13,1.000000000000,3233842.000000,3233842.000000
BROOKFIELD - C 0004,Brookfield - C 0004,133,55133006744,006744,13,1.000000000000,1709488.000000,1709488.000000
BROOKFIELD - C 0007,Brookfield - C 0007,133,55133006745,006745,13,1.000000000000,1876927.000000,1876927.000000
BROOKFIELD - C 0010,Brookfield - C 0010,133,55133006746,006746,13,1.000000000000,3173448.000000,3173448.000000
BROOKFIELD - C 0006,Brookfield - C 0006,133,55133006747,006747,13,1.000000000000,1562625.000000,1562625.000000
BROOKFIELD - C 0015,Brookfield - C 0015,133,55133006748,006748,13,0.999455781483,2947578.000000,2949183.000000
BROOKFIELD - C 0015,Brookfield - C 0015,133,55133006748,006748,15,0.000544218517,1605.000000,2949183.000000
BROOKFIELD - C 0017,Brookfield - C 0017,133,55133006749,006749,15,1.000000000000,2481669.000000,2481669.000000
BROOKFIELD - C 0014,Brookfield - C 0014,133,55133006750,006750,15,1.000000000000,2364922.000000,2364922.000000
BROOKFIELD - C 0013,Brookfield - C 0013,133,55133006751,006751,15,1.000000000000,2845375.000000,2845375.000000
BROOKFIELD - C 0016,Brookfield - C 0016,133,55133006752,006752,15,1.000000000000,719129.000000,719129.000000
BROOKFIELD - C 0022,Brookfield - C 0022,133,55133006753,006753,15,1.000000000000,3060537.000000,3060537.000000
BROOKFIELD - C 0021,Brookfield - C 0021,133,55133006754,006754,15,1.000000000000,1615703.000000,1615703.000000
BROOKFIELD - T 0002,BROOKFIELD - T 0002,133,55133006755,006755,15,1.000000000000,993194.000000,993194.000000
NEW BERLIN - C 0002,New Berlin - C 0002,133,55133006756,006756,83,1.000000000000,1547476.000000,1547476.000000
BROOKFIELD - T 0006,BROOKFIELD - T 0006,133,55133006757,006757,15,1.000000000000,924003.000000,924003.000000
WAUKESHA - C 0001,Waukesha - C 0001,133,55133006758,006758,15,1.000000000000,1625052.000000,1625052.000000
BROOKFIELD - T 0005,BROOKFIELD - T 0005,133,55133006759,006759,15,1.000000000000,704401.000000,704401.000000
WAUKESHA - C 0030,Waukesha - C 0030,133,55133006760,006760,82,1.000000000000,1746011.000000,1746011.000000
WAUKESHA - C 0016,Waukesha - C 0016,133,55133006761,006761,82,1.000000000000,1818341.000000,1818341.000000
WAUKESHA - C 0021,Waukesha - C 0021,133,55133006762,006762,83,1.000000000000,2084436.000000,2084436.000000
NEW BERLIN - C 0010,New Berlin - C 0010,133,55133006763,006763,83,1.000000000000,2608800.000000,2608800.000000
NEW BERLIN - C 0004,New Berlin - C 0004,133,55133006764,006764,83,1.000000000000,2366125.000000,2366125.000000
NEW BERLIN - C 0003,New Berlin - C 0003,133,55133006765,006765,83,1.000000000000,2862065.000000,2862065.000000
NEW BERLIN - C 0006,New Berlin - C 0006,133,55133006766,006766,83,1.000000000000,247557.000000,247557.000000
NEW BERLIN - C 0023,New Berlin - C 0023,133,55133006767,006767,83,1.000000000000,957913.000000,957913.000000
NEW BERLIN - C 0022,New Berlin - C 0022,133,55133006768,006768,83,1.000000000000,1094336.000000,1094336.000000
NEW BERLIN - C 0005,New Berlin - C 0005,133,55133006769,006769,83,1.000000000000,2420388.000000,2420388.000000
NEW BERLIN - C 0025,New Berlin - C 0025,133,55133006770,006770,83,1.000000000000,6388061.000000,6388061.000000
NEW BERLIN - C 0007,New Berlin - C 0007,133,55133006771,006771,83,1.000000000000,149059.000000,149059.000000
NEW BERLIN - C 0017,New Berlin - C 0017,133,55133006772,006772,83,1.000000000000,108196.000000,108196.000000
NEW BERLIN - C 0024,New Berlin - C 0024,133,55133006773,006773,83,1.000000000000,2478546.000000,2478546.000000
NEW BERLIN - C 0026,New Berlin - C 0026,133,55133006774,006774,83,1.000000000000,13916977.000000,13916977.000000
NEW BERLIN - C 0011,New Berlin - C 0011,133,55133006775,006775,83,1.000000000000,5000447.000000,5000447.000000
MUSKEGO - C 0007,Muskego - C 0007,133,55133006776,006776,83,1.000000000000,4285048.000000,4285048.000000
MUSKEGO - C 0002,Muskego - C 0002,133,55133006777,006777,83,1.000000000000,1825554.000000,1825554.000000
MUSKEGO - C 0001,Muskego - C 0001,133,55133006778,006778,83,1.000000000000,758685.000000,758685.000000
MUSKEGO - C 0004,Muskego - C 0004,133,55133006779,006779,84,1.000000000000,1788281.000000,1788281.000000
MUSKEGO - C 0003,Muskego - C 0003,133,55133006780,006780,84,1.000000000000,2952279.000000,2952279.000000
MUSKEGO - C 0005,Muskego - C 0005,133,55133006781,006781,84,1.000000000000,1835078.000000,1835078.000000
MUSKEGO - C 0006,Muskego - C 0006,133,55133006782,006782,83,1.000000000000,2537052.000000,2537052.000000
MUSKEGO - C 0008,Muskego - C 0008,133,55133006783,006783,84,1.000000000000,1151559.000000,1151559.000000
MUSKEGO - C 0010,Muskego - C 0010,133,55133006784,006784,83,0.001287054406,3056.000000,2374414.000000
MUSKEGO - C 0010,Muskego - C 0010,133,55133006784,006784,84,0.998712945594,2371358.000000,2374414.000000
MUSKEGO - C 0012,Muskego - C 0012,133,55133006785,006785,84,1.000000000000,2690421.000000,2690421.000000
WAUKESHA - C 0006,Waukesha - C 0006,133,55133006786,006786,15,1.000000000000,1160652.000000,1160652.000000
WAUKESHA - C 0004,Waukesha - C 0004,133,55133006787,006787,82,1.000000000000,1395353.000000,1395353.000000
WAUKESHA - C 0009,Waukesha - C 0009,133,55133006788,006788,82,1.000000000000,1465577.000000,1465577.000000
WAUKESHA - C 0012,Waukesha - C 0012,133,55133006789,006789,82,1.000000000000,1851124.000000,1851124.000000
WAUKESHA - C 0029,Waukesha - C 0029,133,55133006790,006790,82,1.000000000000,348740.000000,348740.000000
WAUKESHA - C 0027,Waukesha - C 0027,133,55133006791,006791,82,1.000000000000,29872.000000,29872.000000
WAUKESHA - C 0037,Waukesha - C 0037,133,55133006792,006792,82,1.000000000000,669200.000000,669200.000000
WAUKESHA - C 0034,Waukesha - C 0034,133,55133006793,006793,82,1.000000000000,444190.000000,444190.000000
WAUKESHA - C 0005,Waukesha - C 0005,133,55133006794,006794,82,1.000000000000,899466.000000,899466.000000
WAUKESHA - C 0038,Waukesha - C 0038,133,55133006795,006795,82,1.000000000000,1693429.000000,1693429.000000
WAUKESHA - C 0026,Waukesha - C 0026,133,55133006796,006796,82,1.000000000000,337913.000000,337913.000000
WAUKESHA - C 0007,Waukesha - C 0007,133,55133006797,006797,82,1.000000000000,1028217.000000,1028217.000000
WAUKESHA - C 0028,Waukesha - C 0028,133,55133006798,006798,82,1.000000000000,594117.000000,594117.000000
WAUKESHA - C 0018,Waukesha - C 0018,133,55133006799,006799,82,1.000000000000,638898.000000,638898.000000
WAUKESHA - C 0033,Waukesha - C 0033,133,55133006800,006800,82,1.000000000000,1321022.000000,1321022.000000
WAUKESHA - C 0010,Waukesha - C 0010,133,55133006801,006801,82,1.000000000000,562430.000000,562430.000000
WAUKESHA - C 0011,Waukesha - C 0011,133,55133006802,006802,82,1.000000000000,439386.000000,439386.000000
WAUKESHA - C 0025,Waukesha - C 0025,133,55133006803,006803,82,1.000000000000,470707.000000,470707.000000
WAUKESHA - C 0022,Waukesha - C 0022,133,55133006804,006804,82,0.992083782843,1091563.000000,1100273.000000
WAUKESHA - C 0022,Waukesha - C 0022,133,55133006804,006804,83,0.007916217157,8710.000000,1100273.000000
WAUKESHA - C 0024,Waukesha - C 0024,133,55133006805,006805,82,1.000000000000,823618.000000,823618.000000
WAUKESHA - C 0023,Waukesha - C 0023,133,55133006806,006806,83,1.000000000000,856843.000000,856843.000000
BUTLER - V 0002,Butler - V 0002,133,55133006807,006807,24,1.000000000000,333974.000000,333974.000000
MUKWONAGO - V 0002,Mukwonago - V 0002,133,55133006808,006808,84,1.000000000000,1665757.000000,1665757.000000
MUKWONAGO - V 0003,Mukwonago - V 0003,133,55133006809,006809,84,1.000000000000,331632.000000,331632.000000
PEWAUKEE - V 0003,Pewaukee - V 0003,133,55133006810,006810,15,1.000000000000,1196412.000000,1196412.000000
PEWAUKEE - V 0007,Pewaukee - V 0007,133,55133006811,006811,15,1.000000000000,1001949.000000,1001949.000000
PEWAUKEE - V 0010,Pewaukee - V 0010,133,55133006812,006812,15,1.000000000000,382303.000000,382303.000000
MERTON - V 0001,Merton - V 0001,133,55133006813,006813,98,1.000000000000,2061422.000000,2061422.000000
MERTON - V 0004,Merton - V 0004,133,55133006814,006814,98,1.000000000000,1861378.000000,1861378.000000
HARTLAND - V 0003,Hartland - V 0003,133,55133006815,006815,99,1.000000000000,279129.000000,279129.000000
HARTLAND - V 0005,Hartland - V 0005,133,55133006816,006816,99,1.000000000000,372387.000000,372387.000000
HARTLAND - V 0008,Hartland - V 0008,133,55133006817,006817,99,1.000000000000,1005137.000000,1005137.000000
BROOKFIELD - C 0019,Brookfield - C 0019,133,55133006818,006818,15,1.000000000000,3831808.000000,3831808.000000
PEWAUKEE - V 0001,Pewaukee - V 0001,133,55133006819,006819,15,1.000000000000,1121905.000000,1121905.000000
PEWAUKEE - V 0002,Pewaukee - V 0002,133,55133006820,006820,15,1.000000000000,842537.000000,842537.000000
MUKWONAGO - V 0008,Mukwonago - V 0008,133,55133006821,006821,84,1.000000000000,783264.000000,783264.000000
HARTLAND - V 0011,Hartland - V 0011,133,55133006822,006822,99,1.000000000000,837718.000000,837718.000000
MUSKEGO - C 0016,Muskego - C 0016,133,55133006823,006823,84,1.000000000000,17643187.000000,17643187.000000
MUSKEGO - C 0013,Muskego - C 0013,133,55133006824,006824,84,1.000000000000,7358179.000000,7358179.000000
MUSKEGO - C 0014,Muskego - C 0014,133,55133006825,006825,84,1.000000000000,25251149.000000,25251149.000000
BIG BEND - V 0003,Big Bend - V 0003,133,55133006826,006826,84,1.000000000000,853804.000000,853804.000000
MUSKEGO - C 0015,Muskego - C 0015,133,55133006827,006827,84,1.000000000000,10011077.000000,10011077.000000
MUSKEGO - C 0009,Muskego - C 0009,133,55133006828,006828,84,1.000000000000,1705960.000000,1705960.000000
WAUKESHA - C 0031,Waukesha - C 0031,133,55133006829,006829,82,1.000000000000,3577306.000000,3577306.000000
PEWAUKEE - V 0006,Pewaukee - V 0006,133,55133006830,006830,15,1.000000000000,1199035.000000,1199035.000000
NEW BERLIN - C 0012,New Berlin - C 0012,133,55133006831,006831,83,0.999555505249,4353571.000000,4355507.000000
NEW BERLIN - C 0012,New Berlin - C 0012,133,55133006831,006831,84,0.000444494751,1936.000000,4355507.000000
NEW BERLIN - C 0013,New Berlin - C 0013,133,55133006832,006832,83,1.000000000000,542157.000000,542157.000000
NEW BERLIN - C 0021,New Berlin - C 0021,133,55133006833,006833,83,1.000000000000,2448876.000000,2448876.000000
NEW BERLIN - C 0020,New Berlin - C 0020,133,55133006834,006834,83,1.000000000000,482085.000000,482085.000000
NEW BERLIN - C 0018,New Berlin - C 0018,133,55133006835,006835,83,1.000000000000,3609480.000000,3609480.000000
NEW BERLIN - C 0019,New Berlin - C 0019,133,55133006836,006836,83,1.000000000000,377904.000000,377904.000000
NEW BERLIN - C 0015,New Berlin - C 0015,133,55133006837,006837,83,1.000000000000,12228056.000000,12228056.000000
NEW BERLIN - C 0027,New Berlin - C 0027,133,55133006838,006838,83,1.000000000000,3111360.000000,3111360.000000
NEW BERLIN - C 0014,New Berlin - C 0014,133,55133006839,006839,83,1.000000000000,1386509.000000,1386509.000000
OCONOMOWOC - T 0009,OCONOMOWOC - T 0009,133,55133006840,006840,99,1.000000000000,2017524.000000,2017524.000000
OCONOMOWOC - T 0010,OCONOMOWOC - T 0010,133,55133006841,006841,99,1.000000000000,100641.000000,100641.000000
WAUKESHA - T 0004,WAUKESHA - T 0004,133,55133006842,006842,82,1.000000000000,2788744.000000,2788744.000000
WAUKESHA - T 0002,WAUKESHA - T 0002,133,55133006843,006843,82,1.000000000000,3658782.000000,3658782.000000
LISBON - T 0004,LISBON - T 0004,133,55133006844,006844,98,0.999805046232,11005592.000000,11007738.000000
LISBON - T 0004,LISBON - T 0004,133,55133006844,006844,99,0.000194953768,2146.000000,11007738.000000
SUMMIT - V 0002,Summit - V 0002,133,55133006845,006845,97,1.000000000000,7406837.000000,7406837.000000
MUKWONAGO - T 0004,MUKWONAGO - T 0004,133,55133006846,006846,97,1.000000000000,3880727.000000,3880727.000000
MUKWONAGO - T 0002,MUKWONAGO - T 0002,133,55133006847,006847,84,1.000000000000,7049985.000000,7049985.000000
OTTAWA - T 0004,OTTAWA - T 0004,133,55133006848,006848,97,1.000000000000,18565995.000000,18565995.000000
DOUSMAN - V 0001,Dousman - V 0001,133,55133006849,006849,97,1.000000000000,2765787.000000,2765787.000000
WAUKESHA - T 0007,WAUKESHA - T 0007,133,55133006850,006850,83,1.000000000000,9150048.000000,9150048.000000
WAUKESHA - T 0005,WAUKESHA - T 0005,133,55133006851,006851,82,1.000000000000,12561844.000000,12561844.000000
WAUKESHA - T 0009,WAUKESHA - T 0009,133,55133006852,006852,82,0.000378042208,2335.000000,6176559.000000
WAUKESHA - T 0009,WAUKESHA - T 0009,133,55133006852,006852,83,0.999621957792,6174224.000000,6176559.000000
WAUKESHA - T 0012,WAUKESHA - T 0012,133,55133006853,006853,83,1.000000000000,45138.000000,45138.000000
SUSSEX - V 0008,Sussex - V 0008,133,55133006854,006854,98,1.000000000000,1807458.000000,1807458.000000
BROOKFIELD - T 0009,BROOKFIELD - T 0009,133,55133006855,006855,15,1.000000000000,3707685.000000,3707685.000000
MERTON - T 0011,MERTON - T 0011,133,55133006856,006856,99,1.000000000000,60055.000000,60055.000000
WAUKESHA - C 0043,Waukesha - C 0043,133,55133006857,006857,83,1.000000000000,402211.000000,402211.000000
MERTON - T 0008,MERTON - T 0008,133,55133006860,006860,99,1.000000000000,5737115.000000,5737115.000000
VERNON - T 0011,VERNON - T 0011,133,55133006861,006861,84,1.000000000000,3697920.000000,3697920.000000
OCONOMOWOC - T 0006,OCONOMOWOC - T 0006,133,55133006862,006862,99,1.000000000000,5583332.000000,5583332.000000
OCONOMOWOC - C 0003,Oconomowoc - C 0003,133,55133006863,006863,99,1.000000000000,1569469.000000,1569469.000000
WAUKESHA - C 0045,Waukesha - C 0045,133,55133006864,006864,82,1.000000000000,51149.000000,51149.000000
WAUKESHA - C 0039,Waukesha - C 0039,133,55133006865,006865,82,1.000000000000,519577.000000,519577.000000
WAUKESHA - C 0044,Waukesha - C 0044,133,55133006866,006866,82,1.000000000000,75563.000000,75563.000000
WAUKESHA - C 0040,Waukesha - C 0040,133,55133006867,006867,82,1.000000000000,158173.000000,158173.000000
WAUKESHA - T 0001,WAUKESHA - T 0001,133,55133006868,006868,82,1.000000000000,1861981.000000,1861981.000000
WAUKESHA - C 0041,Waukesha - C 0041,133,55133006869,006869,82,1.000000000000,306252.000000,306252.000000
HARTLAND - V 0009,Hartland - V 0009,133,55133006870,006870,99,1.000000000000,880628.000000,880628.000000
MERTON - T 0009,MERTON - T 0009,133,55133006871,006871,99,1.000000000000,3934304.000000,3934304.000000
HARTLAND - V 0013,Hartland - V 0013,133,55133006872,006872,99,1.000000000000,411042.000000,411042.000000
HARTLAND - V 0012,Hartland - V 0012,133,55133006873,006873,99,1.000000000000,2059994.000000,2059994.000000
MERTON - V 0005,Merton - V 0005,133,55133006874,006874,98,1.000000000000,324224.000000,324224.000000
WAUKESHA - C 0047,Waukesha - C 0047,133,55133006875,006875,82,1.000000000000,26184.000000,26184.000000
OCONOMOWOC - C 0013,Oconomowoc - C 0013,133,55133006879,006879,99,1.000000000000,267409.000000,267409.000000
MUKWONAGO - V 0005,Mukwonago - V 0005,133,55133006880,006880,84,1.000000000000,2247721.000000,2247721.000000
MUKWONAGO - V 0010,Mukwonago - V 0010,133,55133006881,006881,84,1.000000000000,1500028.000000,1500028.000000
MUKWONAGO - T 0003,MUKWONAGO - T 0003,133,55133006882,006882,84,1.000000000000,9388151.000000,9388151.000000
HARTLAND - V 0014,Hartland - V 0014,133,55133006883,006883,99,1.000000000000,216263.000000,216263.000000
WALES - V 0002,Wales - V 0002,133,55133006884,006884,97,1.000000000000,1749054.000000,1749054.000000
LISBON - T 0002,LISBON - T 0002,133,55133006885,006885,98,1.000000000000,7848525.000000,7848525.000000
SUSSEX - V 0009,Sussex - V 0009,133,55133006886,006886,98,1.000000000000,173086.000000,173086.000000
WAUKESHA - C 0048,Waukesha - C 0048,133,55133006887,006887,83,1.000000000000,82730.000000,82730.000000
MUKWONAGO - V 0007,Mukwonago - V 0007,133,55133006888,006888,84,1.000000000000,4604598.000000,4604598.000000
LISBON - T 0003,LISBON - T 0003,133,55133006889,006889,98,1.000000000000,9089177.000000,9089177.000000
SUSSEX - V 0003,Sussex - V 0003,133,55133006890,006890,98,1.000000000000,2910155.000000,2910155.000000
BIG BEND - V 0004,Big Bend - V 0004,133,55133006891,006891,84,1.000000000000,324192.000000,324192.000000
WAUKESHA - C 0049,Waukesha - C 0049,133,55133006892,006892,82,1.000000000000,50922.000000,50922.000000
SUSSEX - V 0010,Sussex - V 0010,133,55133006893,006893,98,1.000000000000,133415.000000,133415.000000
MUKWONAGO - V 0012,Mukwonago - V 0012,133,55133006894,006894,84,1.000000000000,32643.000000,32643.000000
DOUSMAN - V 0004,Dousman - V 0004,133,55133006896,006896,97,1.000000000000,298379.000000,298379.000000
WALES - V 0005,Wales - V 0005,133,55133006898,006898,97,1.000000000000,59225.000000,59225.000000
WALES - V 0004,Wales - V 0004,133,55133006899,006899,97,1.000000000000,2148095.000000,2148095.000000
GENESEE - T 0009,GENESEE - T 0009,133,55133006900,006900,97,1.000000000000,11413417.000000,11413417.000000
OCONOMOWOC - C 0014,Oconomowoc - C 0014,133,55133006901,006901,99,1.000000000000,121706.000000,121706.000000
WAUKESHA - C 0042,Waukesha - C 0042,133,55133008068,008068,83,1.000000000000,14515.000000,14515.000000
WAUKESHA - C 0046,Waukesha - C 0046,133,55133008069,008069,82,1.000000000000,6147.000000,6147.000000
WAUKESHA- C 0050,Waukesha- C 0050,133,55133008070,008070,82,1.000000000000,3034.000000,3034.000000
BROOKFIELD - C 0025,Brookfield - C 0025,133,55133008071,008071,15,1.000000000000,8825.000000,8825.000000
DOUSMAN - V 0005,Dousman - V 0005,133,55133008072,008072,97,1.000000000000,37799.000000,37799.000000
NASHOTAH - V 0003,Nashotah - V 0003,133,55133008073,008073,97,0.224226895840,12602.000000,56202.000000
NASHOTAH - V 0003,Nashotah - V 0003,133,55133008073,008073,99,0.775773104160,43600.000000,56202.000000
BIG FALLS - V 0001,Big Falls - V 0001,135,55135006905,006905,87,1.000000000000,1297380.000000,1297380.000000
FREMONT - V 0001,Fremont - V 0001,135,55135006906,006906,57,1.000000000000,3016200.000000,3016200.000000
CLINTONVILLE - C 0003,Clintonville - C 0003,135,55135006907,006907,6,1.000000000000,451877.000000,451877.000000
NEW LONDON - C 0007,New London - C 0007,135,55135006908,006908,56,1.000000000000,247075.000000,247075.000000
NEW LONDON - C 0004,New London - C 0004,135,55135006909,006909,56,1.000000000000,381095.000000,381095.000000
WAUPACA - C 0009,Waupaca - C 0009,135,55135006910,006910,57,1.000000000000,249559.000000,249559.000000
WAUPACA - C 0006,Waupaca - C 0006,135,55135006911,006911,57,1.000000000000,624448.000000,624448.000000
DAYTON - T 0003,DAYTON - T 0003,135,55135006913,006913,57,1.000000000000,4844170.000000,4844170.000000
CALEDONIA - T 0002,CALEDONIA - T 0002,135,55135006914,006914,57,1.000000000000,40022183.000000,40022183.000000
LEBANON - T 0002,LEBANON - T 0002,135,55135006915,006915,56,1.000000000000,53118038.000000,53118038.000000
FREMONT - T 0001,FREMONT - T 0001,135,55135006916,006916,57,1.000000000000,28435641.000000,28435641.000000
LEBANON - T 0003,LEBANON - T 0003,135,55135006917,006917,56,1.000000000000,11656225.000000,11656225.000000
LEBANON - T 0001,LEBANON - T 0001,135,55135006918,006918,56,1.000000000000,28633864.000000,28633864.000000
MUKWA - T 0001,MUKWA - T 0001,135,55135006919,006919,56,1.000000000000,17274285.000000,17274285.000000
MUKWA - T 0002,MUKWA - T 0002,135,55135006920,006920,56,1.000000000000,23599150.000000,23599150.000000
NEW LONDON - C 0012,New London - C 0012,135,55135006921,006921,56,1.000000000000,2538972.000000,2538972.000000
NEW LONDON - C 0011,New London - C 0011,135,55135006922,006922,56,1.000000000000,1978692.000000,1978692.000000
NEW LONDON - C 0010,New London - C 0010,135,55135006923,006923,56,1.000000000000,317807.000000,317807.000000
NEW LONDON - C 0009,New London - C 0009,135,55135006924,006924,56,1.000000000000,572046.000000,572046.000000
FARMINGTON - T 0002,FARMINGTON - T 0002,135,55135006925,006925,57,1.000000000000,34221566.000000,34221566.000000
DAYTON - T 0002,DAYTON - T 0002,135,55135006926,006926,57,1.000000000000,10792997.000000,10792997.000000
FREMONT - T 0002,FREMONT - T 0002,135,55135006927,006927,57,1.000000000000,20944920.000000,20944920.000000
CALEDONIA - T 0001,CALEDONIA - T 0001,135,55135006928,006928,57,1.000000000000,32516350.000000,32516350.000000
CLINTONVILLE - C 0006,Clintonville - C 0006,135,55135006929,006929,6,1.000000000000,1089231.000000,1089231.000000
FARMINGTON - T 0003,FARMINGTON - T 0003,135,55135006930,006930,57,1.000000000000,1320784.000000,1320784.000000
WYOMING - T 0001,WYOMING - T 0001,135,55135006931,006931,87,1.000000000000,93914160.000000,93914160.000000
HARRISON - T 0001,HARRISON - T 0001,135,55135006932,006932,87,1.000000000000,95654422.000000,95654422.000000
DUPONT - T 0002,DUPONT - T 0002,135,55135006933,006933,87,1.000000000000,11075441.000000,11075441.000000
HELVETIA - T 0002,HELVETIA - T 0002,135,55135006934,006934,87,1.000000000000,47303034.000000,47303034.000000
IOLA - T 0001,IOLA - T 0001,135,55135006935,006935,87,1.000000000000,72171494.000000,72171494.000000
WAUPACA - C 0003,Waupaca - C 0003,135,55135006936,006936,57,1.000000000000,2364651.000000,2364651.000000
WAUPACA - T 0001,WAUPACA - T 0001,135,55135006937,006937,57,1.000000000000,48556039.000000,48556039.000000
MUKWA - T 0003,MUKWA - T 0003,135,55135006938,006938,56,1.000000000000,29026341.000000,29026341.000000
MARION - C 0002,Marion - C 0002,135,55135006939,006939,87,1.000000000000,1664468.000000,1664468.000000
UNION - T 0001,UNION - T 0001,135,55135006940,006940,87,1.000000000000,64783980.000000,64783980.000000
UNION - T 0002,UNION - T 0002,135,55135006941,006941,87,1.000000000000,28748888.000000,28748888.000000
WAUPACA - C 0001,Waupaca - C 0001,135,55135006942,006942,57,1.000000000000,1759414.000000,1759414.000000
WAUPACA - C 0002,Waupaca - C 0002,135,55135006943,006943,57,1.000000000000,8871771.000000,8871771.000000
ST. LAWRENCE - T 0002,ST. LAWRENCE - T 0002,135,55135006944,006944,57,1.000000000000,37396287.000000,37396287.000000
OGDENSBURG - V 0001,Ogdensburg - V 0001,135,55135006945,006945,57,1.000000000000,2656962.000000,2656962.000000
NEW LONDON - C 0006,New London - C 0006,135,55135006946,006946,56,1.000000000000,518569.000000,518569.000000
CLINTONVILLE - C 0004,Clintonville - C 0004,135,55135006947,006947,6,1.000000000000,1841416.000000,1841416.000000
CLINTONVILLE - C 0007,Clintonville - C 0007,135,55135006948,006948,6,1.000000000000,609952.000000,609952.000000
CLINTONVILLE - C 0008,Clintonville - C 0008,135,55135006949,006949,6,1.000000000000,81664.000000,81664.000000
CLINTONVILLE - C 0001,Clintonville - C 0001,135,55135006950,006950,6,1.000000000000,1582216.000000,1582216.000000
CLINTONVILLE - C 0002,Clintonville - C 0002,135,55135006951,006951,6,1.000000000000,4889994.000000,4889994.000000
CLINTONVILLE - C 0010,Clintonville - C 0010,135,55135006952,006952,6,1.000000000000,8325.000000,8325.000000
CLINTONVILLE - C 0009,Clintonville - C 0009,135,55135006953,006953,6,1.000000000000,7300.000000,7300.000000
MUKWA - T 0004,MUKWA - T 0004,135,55135006955,006955,56,1.000000000000,1719513.000000,1719513.000000
NEW LONDON - C 0008,New London - C 0008,135,55135006956,006956,56,1.000000000000,1382290.000000,1382290.000000
NEW LONDON - C 0003,New London - C 0003,135,55135006957,006957,56,1.000000000000,564196.000000,564196.000000
MUKWA - T 0005,MUKWA - T 0005,135,55135006958,006958,56,1.000000000000,13857027.000000,13857027.000000
MANAWA - C 0002,Manawa - C 0002,135,55135006959,006959,57,1.000000000000,1790036.000000,1790036.000000
MANAWA - C 0003,Manawa - C 0003,135,55135006960,006960,57,1.000000000000,767744.000000,767744.000000
LITTLE WOLF - T 0001,LITTLE WOLF - T 0001,135,55135006961,006961,57,1.000000000000,35295670.000000,35295670.000000
CLINTONVILLE - C 0005,Clintonville - C 0005,135,55135006962,006962,6,1.000000000000,1195523.000000,1195523.000000
LIND - T 0002,LIND - T 0002,135,55135006963,006963,57,1.000000000000,20862461.000000,20862461.000000
WAUPACA - C 0013,Waupaca - C 0013,135,55135006964,006964,57,1.000000000000,164698.000000,164698.000000
MARION - C 0001,Marion - C 0001,135,55135006965,006965,87,1.000000000000,1633173.000000,1633173.000000
MARION - C 0003,Marion - C 0003,135,55135006966,006966,87,1.000000000000,2168743.000000,2168743.000000
LARRABEE - T 0002,LARRABEE - T 0002,135,55135006967,006967,6,1.000000000000,38729789.000000,38729789.000000
DUPONT - T 0001,DUPONT - T 0001,135,55135006968,006968,87,1.000000000000,79675251.000000,79675251.000000
LARRABEE - T 0001,LARRABEE - T 0001,135,55135006969,006969,6,1.000000000000,47592386.000000,47592386.000000
MATTESON - T 0001,MATTESON - T 0001,135,55135006970,006970,6,1.000000000000,96371743.000000,96371743.000000
EMBARRASS - V 0001,Embarrass - V 0001,135,55135006971,006971,6,1.000000000000,3094746.000000,3094746.000000
BEAR CREEK - T 0001,BEAR CREEK - T 0001,135,55135006972,006972,56,1.000000000000,95042849.000000,95042849.000000
IOLA - V 0002,Iola - V 0002,135,55135006973,006973,87,1.000000000000,2315208.000000,2315208.000000
IOLA - V 0001,Iola - V 0001,135,55135006974,006974,87,1.000000000000,2447891.000000,2447891.000000
ST. LAWRENCE - T 0001,ST. LAWRENCE - T 0001,135,55135006975,006975,57,1.000000000000,53196649.000000,53196649.000000
IOLA - T 0002,IOLA - T 0002,135,55135006976,006976,87,1.000000000000,17202261.000000,17202261.000000
HELVETIA - T 0001,HELVETIA - T 0001,135,55135006977,006977,87,1.000000000000,46470335.000000,46470335.000000
SCANDINAVIA - T 0001,SCANDINAVIA - T 0001,135,55135006978,006978,87,1.000000000000,12734225.000000,12734225.000000
SCANDINAVIA - V 0001,Scandinavia - V 0001,135,55135006979,006979,87,1.000000000000,2610559.000000,2610559.000000
LITTLE WOLF - T 0002,LITTLE WOLF - T 0002,135,55135006980,006980,57,1.000000000000,28309534.000000,28309534.000000
MANAWA - C 0001,Manawa - C 0001,135,55135006981,006981,57,1.000000000000,2015230.000000,2015230.000000
LITTLE WOLF - T 0003,LITTLE WOLF - T 0003,135,55135006982,006982,57,1.000000000000,24287265.000000,24287265.000000
SCANDINAVIA - T 0002,SCANDINAVIA - T 0002,135,55135006983,006983,87,1.000000000000,76161487.000000,76161487.000000
FARMINGTON - T 0001,FARMINGTON - T 0001,135,55135006984,006984,57,1.000000000000,44107821.000000,44107821.000000
DAYTON - T 0001,DAYTON - T 0001,135,55135006985,006985,57,1.000000000000,29037935.000000,29037935.000000
WAUPACA - C 0004,Waupaca - C 0004,135,55135006986,006986,57,1.000000000000,1904334.000000,1904334.000000
FARMINGTON - T 0005,FARMINGTON - T 0005,135,55135006987,006987,57,1.000000000000,4736253.000000,4736253.000000
DAYTON - T 0004,DAYTON - T 0004,135,55135006988,006988,57,1.000000000000,49329049.000000,49329049.000000
LIND - T 0001,LIND - T 0001,135,55135006989,006989,57,1.000000000000,37519857.000000,37519857.000000
LIND - T 0003,LIND - T 0003,135,55135006990,006990,57,1.000000000000,34347014.000000,34347014.000000
ROYALTON - T 0001,ROYALTON - T 0001,135,55135006991,006991,57,1.000000000000,69040708.000000,69040708.000000
ROYALTON - T 0002,ROYALTON - T 0002,135,55135006992,006992,57,1.000000000000,24014269.000000,24014269.000000
WEYAUWEGA - C 0003,Weyauwega - C 0003,135,55135006993,006993,57,1.000000000000,2300197.000000,2300197.000000
WEYAUWEGA - C 0001,Weyauwega - C 0001,135,55135006994,006994,57,1.000000000000,1046512.000000,1046512.000000
WEYAUWEGA - C 0002,Weyauwega - C 0002,135,55135006995,006995,57,1.000000000000,951763.000000,951763.000000
WEYAUWEGA - T 0001,WEYAUWEGA - T 0001,135,55135006996,006996,57,1.000000000000,58927934.000000,58927934.000000
WAUPACA - C 0005,Waupaca - C 0005,135,55135006997,006997,57,1.000000000000,1428047.000000,1428047.000000
WAUPACA - T 0002,WAUPACA - T 0002,135,55135006998,006998,57,1.000000000000,27882441.000000,27882441.000000
WAUPACA - C 0010,Waupaca - C 0010,135,55135006999,006999,57,1.000000000000,991996.000000,991996.000000
WAUPACA - C 0007,Waupaca - C 0007,135,55135007000,007000,57,1.000000000000,981482.000000,981482.000000
FARMINGTON - T 0006,FARMINGTON - T 0006,135,55135007001,007001,57,1.000000000000,2065575.000000,2065575.000000
WAUPACA - C 0008,Waupaca - C 0008,135,55135007002,007002,57,1.000000000000,1797271.000000,1797271.000000
FARMINGTON - T 0004,FARMINGTON - T 0004,135,55135007003,007003,57,1.000000000000,3964625.000000,3964625.000000
WAUPACA - C 0012,Waupaca - C 0012,135,55135008074,008074,57,1.000000000000,126682.000000,126682.000000
BERLIN - C 0007,Berlin - C 0007,137,55137007004,007004,39,1.000000000000,2130485.000000,2130485.000000
RICHFORD - T 0001,RICHFORD - T 0001,137,55137007006,007006,57,1.000000000000,20152531.000000,20152531.000000
MARION - T 0002,MARION - T 0002,137,55137007007,007007,57,1.000000000000,21760046.000000,21760046.000000
COLOMA - V 0001,Coloma - V 0001,137,55137007009,007009,57,1.000000000000,3853320.000000,3853320.000000
REDGRANITE - V 0001,Redgranite - V 0001,137,55137007010,007010,57,1.000000000000,1291685.000000,1291685.000000
LOHRVILLE - V 0001,Lohrville - V 0001,137,55137007013,007013,57,1.000000000000,3171707.000000,3171707.000000
REDGRANITE - V 0002,Redgranite - V 0002,137,55137007015,007015,57,1.000000000000,1380974.000000,1380974.000000
MARION - T 0004,MARION - T 0004,137,55137007017,007017,57,1.000000000000,23641175.000000,23641175.000000
MARION - T 0003,MARION - T 0003,137,55137007019,007019,57,1.000000000000,14149649.000000,14149649.000000
COLOMA - T 0001,COLOMA - T 0001,137,55137007021,007021,57,1.000000000000,85061181.000000,85061181.000000
RICHFORD - T 0002,RICHFORD - T 0002,137,55137007022,007022,57,1.000000000000,69682553.000000,69682553.000000
DAKOTA - T 0002,DAKOTA - T 0002,137,55137007023,007023,57,1.000000000000,42953640.000000,42953640.000000
DAKOTA - T 0001,DAKOTA - T 0001,137,55137007024,007024,57,1.000000000000,44097633.000000,44097633.000000
MARION - T 0001,MARION - T 0001,137,55137007025,007025,57,1.000000000000,31202085.000000,31202085.000000
WARREN - T 0001,WARREN - T 0001,137,55137007027,007027,57,1.000000000000,84502433.000000,84502433.000000
AURORA - T 0001,AURORA - T 0001,137,55137007029,007029,57,1.000000000000,89605726.000000,89605726.000000
WAUTOMA - C 0003,Wautoma - C 0003,137,55137007030,007030,57,1.000000000000,3314520.000000,3314520.000000
WAUTOMA - C 0002,Wautoma - C 0002,137,55137007031,007031,57,1.000000000000,2328960.000000,2328960.000000
REDGRANITE - V 0003,Redgranite - V 0003,137,55137007032,007032,57,1.000000000000,3473645.000000,3473645.000000
WAUTOMA - C 0001,Wautoma - C 0001,137,55137007034,007034,57,1.000000000000,1701609.000000,1701609.000000
HANCOCK - V 0001,Hancock - V 0001,137,55137007037,007037,57,1.000000000000,2711787.000000,2711787.000000
LEON - T 0002,LEON - T 0002,137,55137007038,007038,57,1.000000000000,41944069.000000,41944069.000000
HANCOCK - T 0001,HANCOCK - T 0001,137,55137007039,007039,57,1.000000000000,87449801.000000,87449801.000000
DEERFIELD - T 0001,DEERFIELD - T 0001,137,55137007040,007040,57,1.000000000000,90820482.000000,90820482.000000
WAUTOMA - T 0002,WAUTOMA - T 0002,137,55137007041,007041,57,1.000000000000,32332493.000000,32332493.000000
WAUTOMA - T 0001,WAUTOMA - T 0001,137,55137007042,007042,57,1.000000000000,38926031.000000,38926031.000000
WAUTOMA - T 0003,WAUTOMA - T 0003,137,55137007043,007043,57,1.000000000000,16530960.000000,16530960.000000
MOUNT MORRIS - T 0001,MOUNT MORRIS - T 0001,137,55137007044,007044,57,1.000000000000,38365798.000000,38365798.000000
MOUNT MORRIS - T 0002,MOUNT MORRIS - T 0002,137,55137007045,007045,57,1.000000000000,52985753.000000,52985753.000000
LEON - T 0001,LEON - T 0001,137,55137007046,007046,57,1.000000000000,41029438.000000,41029438.000000
LEON - T 0003,LEON - T 0003,137,55137007047,007047,57,1.000000000000,10914910.000000,10914910.000000
POY SIPPI - T 0001,POY SIPPI - T 0001,137,55137007048,007048,57,1.000000000000,93116759.000000,93116759.000000
SPRINGWATER - T 0001,SPRINGWATER - T 0001,137,55137007049,007049,57,1.000000000000,26788603.000000,26788603.000000
WILD ROSE - V 0001,Wild Rose - V 0001,137,55137007050,007050,57,1.000000000000,3826473.000000,3826473.000000
ROSE - T 0001,ROSE - T 0001,137,55137007052,007052,57,1.000000000000,32760347.000000,32760347.000000
PLAINFIELD - V 0001,Plainfield - V 0001,137,55137007053,007053,57,1.000000000000,4034846.000000,4034846.000000
OASIS - T 0001,OASIS - T 0001,137,55137007055,007055,57,1.000000000000,91545322.000000,91545322.000000
ROSE - T 0002,ROSE - T 0002,137,55137007056,007056,57,1.000000000000,57623117.000000,57623117.000000
SPRINGWATER - T 0002,SPRINGWATER - T 0002,137,55137007057,007057,57,1.000000000000,63284569.000000,63284569.000000
PLAINFIELD - T 0001,PLAINFIELD - T 0001,137,55137007058,007058,57,1.000000000000,87059239.000000,87059239.000000
SAXEVILLE - T 0001,SAXEVILLE - T 0001,137,55137007059,007059,57,1.000000000000,94375598.000000,94375598.000000
BLOOMFIELD - T 0002,BLOOMFIELD - T 0002,137,55137007060,007060,57,1.000000000000,26482028.000000,26482028.000000
BLOOMFIELD - T 0001,BLOOMFIELD - T 0001,137,55137007061,007061,57,1.000000000000,66482881.000000,66482881.000000
OSHKOSH - C 0043,Oshkosh - C 0043,139,55139003029,003029,55,1.000000000000,6037.000000,6037.000000
OSHKOSH - C 0042,Oshkosh - C 0042,139,55139003030,003030,54,1.000000000000,24309.000000,24309.000000
FOX CROSSING - V 0014,Fox Crossing - V 0014,139,55139007062,007062,55,1.000000000000,284203.000000,284203.000000
OSHKOSH - C 0007,Oshkosh - C 0007,139,55139007063,007063,54,1.000000000000,2336613.000000,2336613.000000
OSHKOSH - C 0005,Oshkosh - C 0005,139,55139007064,007064,54,1.000000000000,751704.000000,751704.000000
OMRO - T 0001,OMRO - T 0001,139,55139007065,007065,55,1.000000000000,62156342.000000,62156342.000000
WINNECONNE - T 0002,WINNECONNE - T 0002,139,55139007066,007066,55,1.000000000000,3646546.000000,3646546.000000
MENASHA - C 0041,Menasha - C 0041,139,55139007067,007067,53,1.000000000000,1937.000000,1937.000000
NEENAH - C 0011,Neenah - C 0011,139,55139007068,007068,53,1.000000000000,672699.000000,672699.000000
OSHKOSH - C 0015,Oshkosh - C 0015,139,55139007070,007070,54,1.000000000000,1431111.000000,1431111.000000
OSHKOSH - C 023B,Oshkosh - C 023B,139,55139007071,007071,54,1.000000000000,89452.000000,89452.000000
MENASHA - C 0034,Menasha - C 0034,139,55139007072,007072,53,1.000000000000,12802.000000,12802.000000
CLAYTON - T 0003,CLAYTON - T 0003,139,55139007073,007073,55,1.000000000000,7859896.000000,7859896.000000
MENASHA - C 0031,Menasha - C 0031,139,55139007074,007074,53,1.000000000000,5520.000000,5520.000000
OMRO - C 0008,Omro - C 0008,139,55139007075,007075,55,1.000000000000,10819.000000,10819.000000
FOX CROSSING - V 0013,Fox Crossing - V 0013,139,55139007076,007076,53,1.000000000000,2047826.000000,2047826.000000
FOX CROSSING - V 0007,Fox Crossing - V 0007,139,55139007077,007077,55,1.000000000000,5709710.000000,5709710.000000
OSHKOSH - C 0018,Oshkosh - C 0018,139,55139007078,007078,54,1.000000000000,2033923.000000,2033923.000000
NEENAH - C 0007,Neenah - C 0007,139,55139007079,007079,53,1.000000000000,862492.000000,862492.000000
MENASHA - C 0040,Menasha - C 0040,139,55139007080,007080,53,1.000000000000,2885.000000,2885.000000
OSHKOSH - C 029A,Oshkosh - C 029A,139,55139007081,007081,55,1.000000000000,13184058.000000,13184058.000000
OSHKOSH - C 022B,Oshkosh - C 022B,139,55139007082,007082,54,1.000000000000,16833.000000,16833.000000
NEPEUSKUN - T 0001,NEPEUSKUN - T 0001,139,55139007083,007083,39,1.000000000000,93549441.000000,93549441.000000
ALGOMA - T 0007,ALGOMA - T 0007,139,55139007085,007085,55,1.000000000000,3961751.000000,3961751.000000
MENASHA - C 0003,Menasha - C 0003,139,55139007086,007086,53,1.000000000000,421242.000000,421242.000000
OSHKOSH - T 0004,OSHKOSH - T 0004,139,55139007087,007087,54,0.020505123699,2211918.000000,107871478.000000
OSHKOSH - T 0004,OSHKOSH - T 0004,139,55139007087,007087,55,0.979494876301,105659560.000000,107871478.000000
BLACK WOLF - T 0001,BLACK WOLF - T 0001,139,55139007088,007088,55,1.000000000000,15514794.000000,15514794.000000
FOX CROSSING - V 0002,Fox Crossing - V 0002,139,55139007089,007089,55,1.000000000000,1326668.000000,1326668.000000
NEENAH - C 0009,Neenah - C 0009,139,55139007090,007090,53,1.000000000000,856881.000000,856881.000000
MENASHA - C 0038,Menasha - C 0038,139,55139007091,007091,53,1.000000000000,27375.000000,27375.000000
RUSHFORD - T 0001,RUSHFORD - T 0001,139,55139007092,007092,57,1.000000000000,41262657.000000,41262657.000000
NEENAH - C 0018,Neenah - C 0018,139,55139007093,007093,53,1.000000000000,534828.000000,534828.000000
OSHKOSH - C 022A,Oshkosh - C 022A,139,55139007095,007095,54,1.000000000000,2203305.000000,2203305.000000
FOX CROSSING - V 0004,Fox Crossing - V 0004,139,55139007096,007096,55,1.000000000000,2309925.000000,2309925.000000
FOX CROSSING - V 0011,Fox Crossing - V 0011,139,55139007097,007097,53,1.000000000000,436546.000000,436546.000000
BLACK WOLF - T 0003,BLACK WOLF - T 0003,139,55139007098,007098,55,1.000000000000,34874577.000000,34874577.000000
NEENAH - T 0004,NEENAH - T 0004,139,55139007099,007099,53,1.000000000000,5670383.000000,5670383.000000
OSHKOSH - C 028A,Oshkosh - C 028A,139,55139007100,007100,54,1.000000000000,2364687.000000,2364687.000000
OSHKOSH - C 0008,Oshkosh - C 0008,139,55139007101,007101,54,1.000000000000,1214092.000000,1214092.000000
VINLAND - T 0002,VINLAND - T 0002,139,55139007102,007102,54,0.863789842006,35861924.000000,41516955.000000
VINLAND - T 0002,VINLAND - T 0002,139,55139007102,007102,55,0.136210157994,5655031.000000,41516955.000000
NEENAH - C 0001,Neenah - C 0001,139,55139007103,007103,53,1.000000000000,1258616.000000,1258616.000000
NEENAH - C 0025,Neenah - C 0025,139,55139007104,007104,53,1.000000000000,8069.000000,8069.000000
NEENAH - T 0003,NEENAH - T 0003,139,55139007105,007105,53,1.000000000000,4267246.000000,4267246.000000
FOX CROSSING - V 0010,Fox Crossing - V 0010,139,55139007106,007106,53,1.000000000000,1023567.000000,1023567.000000
OSHKOSH - C 0038,Oshkosh - C 0038,139,55139007107,007107,55,1.000000000000,36660.000000,36660.000000
WINNECONNE - T 0004,WINNECONNE - T 0004,139,55139007108,007108,55,1.000000000000,5123771.000000,5123771.000000
MENASHA - C 001A,Menasha - C 001A,139,55139007110,007110,53,1.000000000000,1925909.000000,1925909.000000
NEENAH - C 0004,Neenah - C 0004,139,55139007111,007111,53,1.000000000000,1282538.000000,1282538.000000
OSHKOSH - C 0033,Oshkosh - C 0033,139,55139007112,007112,55,1.000000000000,2060536.000000,2060536.000000
FOX CROSSING - V 0008,Fox Crossing - V 0008,139,55139007113,007113,53,1.000000000000,2296982.000000,2296982.000000
CLAYTON - T 0002,CLAYTON - T 0002,139,55139007114,007114,55,1.000000000000,7488618.000000,7488618.000000
WOLF RIVER - T 002C,WOLF RIVER - T 002C,139,55139007115,007115,55,1.000000000000,226083.000000,226083.000000
APPLETON - C 0032,Appleton - C 0032,139,55139007116,007116,53,1.000000000000,936966.000000,936966.000000
CLAYTON - T 0004,CLAYTON - T 0004,139,55139007117,007117,55,1.000000000000,20995827.000000,20995827.000000
NEENAH - C 0020,Neenah - C 0020,139,55139007119,007119,53,1.000000000000,818455.000000,818455.000000
WINNECONNE - V 0003,Winneconne - V 0003,139,55139007122,007122,55,1.000000000000,1491334.000000,1491334.000000
ALGOMA - T 0003,ALGOMA - T 0003,139,55139007123,007123,55,1.000000000000,930361.000000,930361.000000
CLAYTON - T 0001,CLAYTON - T 0001,139,55139007124,007124,55,1.000000000000,13365386.000000,13365386.000000
OSHKOSH - T 001B,OSHKOSH - T 001B,139,55139007126,007126,54,1.000000000000,126497.000000,126497.000000
MENASHA - C 0010,Menasha - C 0010,139,55139007127,007127,53,1.000000000000,1060811.000000,1060811.000000
FOX CROSSING - V 0006,Fox Crossing - V 0006,139,55139007128,007128,55,1.000000000000,4479268.000000,4479268.000000
ALGOMA - T 0001,ALGOMA - T 0001,139,55139007130,007130,55,1.000000000000,729390.000000,729390.000000
MENASHA - C 0023,Menasha - C 0023,139,55139007131,007131,53,1.000000000000,1212.000000,1212.000000
NEENAH - T 0002,NEENAH - T 0002,139,55139007132,007132,53,1.000000000000,28314676.000000,28314676.000000
VINLAND - T 001B,VINLAND - T 001B,139,55139007133,007133,55,1.000000000000,16800.000000,16800.000000
OSHKOSH - C 0011,Oshkosh - C 0011,139,55139007134,007134,54,1.000000000000,1394075.000000,1394075.000000
MENASHA - C 0024,Menasha - C 0024,139,55139007135,007135,53,1.000000000000,1402.000000,1402.000000
OMRO - C 0007,Omro - C 0007,139,55139007137,007137,55,1.000000000000,1469365.000000,1469365.000000
OSHKOSH - T 0003,OSHKOSH - T 0003,139,55139007139,007139,54,0.041544670795,515055.000000,12397619.000000
OSHKOSH - T 0003,OSHKOSH - T 0003,139,55139007139,007139,55,0.958455329205,11882564.000000,12397619.000000
ALGOMA - T 0006,ALGOMA - T 0006,139,55139007140,007140,55,1.000000000000,2259965.000000,2259965.000000
OSHKOSH - C 0019,Oshkosh - C 0019,139,55139007141,007141,55,1.000000000000,1109484.000000,1109484.000000
MENASHA - C 005A,Menasha - C 005A,139,55139007142,007142,53,1.000000000000,883107.000000,883107.000000
MENASHA - C 0013,Menasha - C 0013,139,55139007143,007143,53,1.000000000000,509410.000000,509410.000000
OSHKOSH - C 0027,Oshkosh - C 0027,139,55139007144,007144,54,1.000000000000,1143428.000000,1143428.000000
CLAYTON - T 0005,CLAYTON - T 0005,139,55139007145,007145,55,1.000000000000,22073137.000000,22073137.000000
OSHKOSH - C 0001,Oshkosh - C 0001,139,55139007146,007146,54,1.000000000000,3659649.000000,3659649.000000
WINNECONNE - T 0001,WINNECONNE - T 0001,139,55139007147,007147,55,1.000000000000,35252858.000000,35252858.000000
WINNECONNE - T 0003,WINNECONNE - T 0003,139,55139007148,007148,55,1.000000000000,42114425.000000,42114425.000000
OSHKOSH - C 025A,Oshkosh - C 025A,139,55139007149,007149,54,1.000000000000,1266459.000000,1266459.000000
OSHKOSH - C 0009,Oshkosh - C 0009,139,55139007150,007150,54,1.000000000000,1177778.000000,1177778.000000
MENASHA - C 0011,Menasha - C 0011,139,55139007151,007151,53,1.000000000000,648705.000000,648705.000000
OMRO - C 0001,Omro - C 0001,139,55139007152,007152,55,1.000000000000,496070.000000,496070.000000
NEENAH - C 0003,Neenah - C 0003,139,55139007153,007153,53,1.000000000000,811679.000000,811679.000000
NEENAH - C 0022,Neenah - C 0022,139,55139007154,007154,53,1.000000000000,545994.000000,545994.000000
MENASHA - C 0009,Menasha - C 0009,139,55139007155,007155,53,1.000000000000,2129399.000000,2129399.000000
OSHKOSH - C 0035,Oshkosh - C 0035,139,55139007156,007156,55,1.000000000000,113667.000000,113667.000000
OSHKOSH - C 0002,Oshkosh - C 0002,139,55139007157,007157,54,1.000000000000,1215127.000000,1215127.000000
NEENAH - C 0023,Neenah - C 0023,139,55139007158,007158,53,1.000000000000,2169659.000000,2169659.000000
NEENAH - C 0021,Neenah - C 0021,139,55139007159,007159,53,1.000000000000,1442875.000000,1442875.000000
MENASHA - C 0042,Menasha - C 0042,139,55139007160,007160,53,1.000000000000,774.000000,774.000000
WINCHESTER - T 0001,WINCHESTER - T 0001,139,55139007161,007161,55,1.000000000000,12193079.000000,12193079.000000
MENASHA - C 0036,Menasha - C 0036,139,55139007162,007162,53,1.000000000000,3015.000000,3015.000000
UTICA - T 0001,UTICA - T 0001,139,55139007163,007163,55,1.000000000000,55470829.000000,55470829.000000
NEKIMI - T 0001,NEKIMI - T 0001,139,55139007164,007164,55,1.000000000000,28205915.000000,28205915.000000
MENASHA - C 0015,Menasha - C 0015,139,55139007165,007165,53,1.000000000000,500496.000000,500496.000000
OSHKOSH - C 0012,Oshkosh - C 0012,139,55139007166,007166,54,1.000000000000,1557577.000000,1557577.000000
MENASHA - C 001B,Menasha - C 001B,139,55139007167,007167,53,1.000000000000,808462.000000,808462.000000
OSHKOSH - C 0034,Oshkosh - C 0034,139,55139007168,007168,54,1.000000000000,5027.000000,5027.000000
OSHKOSH - C 0020,Oshkosh - C 0020,139,55139007169,007169,55,1.000000000000,1025411.000000,1025411.000000
FOX CROSSING - V 0012,Fox Crossing - V 0012,139,55139007170,007170,53,1.000000000000,1154183.000000,1154183.000000
CLAYTON - T 0006,CLAYTON - T 0006,139,55139007171,007171,55,1.000000000000,7866780.000000,7866780.000000
NEENAH - C 0013,Neenah - C 0013,139,55139007172,007172,53,1.000000000000,566208.000000,566208.000000
POYGAN - T 0002,POYGAN - T 0002,139,55139007173,007173,57,1.000000000000,53602153.000000,53602153.000000
MENASHA - C 0039,Menasha - C 0039,139,55139007174,007174,53,1.000000000000,3067.000000,3067.000000
NEENAH - C 0002,Neenah - C 0002,139,55139007175,007175,53,1.000000000000,1064379.000000,1064379.000000
FOX CROSSING - V 0005,Fox Crossing - V 0005,139,55139007176,007176,55,1.000000000000,3472557.000000,3472557.000000
OSHKOSH - C 0031,Oshkosh - C 0031,139,55139007177,007177,54,1.000000000000,609550.000000,609550.000000
NEENAH - C 0012,Neenah - C 0012,139,55139007178,007178,53,1.000000000000,981903.000000,981903.000000
OMRO - T 0002,OMRO - T 0002,139,55139007179,007179,55,1.000000000000,26312082.000000,26312082.000000
MENASHA - C 0004,Menasha - C 0004,139,55139007180,007180,53,1.000000000000,1196712.000000,1196712.000000
OMRO - T 0003,OMRO - T 0003,139,55139007181,007181,55,1.000000000000,3195477.000000,3195477.000000
OSHKOSH - C 0014,Oshkosh - C 0014,139,55139007182,007182,55,1.000000000000,2779662.000000,2779662.000000
NEENAH - T 0001,NEENAH - T 0001,139,55139007183,007183,53,1.000000000000,8273274.000000,8273274.000000
OSHKOSH - C 0016,Oshkosh - C 0016,139,55139007184,007184,55,1.000000000000,2710754.000000,2710754.000000
NEENAH - C 0005,Neenah - C 0005,139,55139007185,007185,53,1.000000000000,795678.000000,795678.000000
CLAYTON - T 0007,CLAYTON - T 0007,139,55139007186,007186,55,1.000000000000,14364939.000000,14364939.000000
OSHKOSH - C 025B,Oshkosh - C 025B,139,55139007187,007187,54,1.000000000000,1505310.000000,1505310.000000
MENASHA - C 0006,Menasha - C 0006,139,55139007188,007188,53,1.000000000000,446377.000000,446377.000000
OSHKOSH - C 0030,Oshkosh - C 0030,139,55139007189,007189,54,1.000000000000,3318322.000000,3318322.000000
WOLF RIVER - T 002A,WOLF RIVER - T 002A,139,55139007190,007190,55,1.000000000000,29543177.000000,29543177.000000
MENASHA - C 0033,Menasha - C 0033,139,55139007191,007191,53,1.000000000000,21019.000000,21019.000000
OSHKOSH - C 028B,Oshkosh - C 028B,139,55139007192,007192,54,1.000000000000,4746222.000000,4746222.000000
WOLF RIVER - T 002B,WOLF RIVER - T 002B,139,55139007193,007193,55,1.000000000000,17703586.000000,17703586.000000
WINCHESTER - T 0002,WINCHESTER - T 0002,139,55139007194,007194,55,1.000000000000,82557111.000000,82557111.000000
POYGAN - T 0001,POYGAN - T 0001,139,55139007195,007195,57,1.000000000000,31512918.000000,31512918.000000
OSHKOSH - T 0005,OSHKOSH - T 0005,139,55139007196,007196,54,1.000000000000,2058652.000000,2058652.000000
OMRO - C 0006,Omro - C 0006,139,55139007197,007197,55,1.000000000000,879451.000000,879451.000000
NEENAH - C 0019,Neenah - C 0019,139,55139007198,007198,53,1.000000000000,615240.000000,615240.000000
OSHKOSH - C 0004,Oshkosh - C 0004,139,55139007199,007199,54,1.000000000000,297670.000000,297670.000000
OSHKOSH - C 0006,Oshkosh - C 0006,139,55139007200,007200,54,1.000000000000,664656.000000,664656.000000
OSHKOSH - C 0021,Oshkosh - C 0021,139,55139007201,007201,54,1.000000000000,1676846.000000,1676846.000000
OMRO - C 0002,Omro - C 0002,139,55139007202,007202,55,1.000000000000,1409471.000000,1409471.000000
ALGOMA - T 0005,ALGOMA - T 0005,139,55139007203,007203,55,1.000000000000,3207469.000000,3207469.000000
NEENAH - C 0017,Neenah - C 0017,139,55139007204,007204,53,1.000000000000,1689404.000000,1689404.000000
OSHKOSH - C 0003,Oshkosh - C 0003,139,55139007205,007205,54,1.000000000000,535903.000000,535903.000000
NEENAH - C 0015,Neenah - C 0015,139,55139007206,007206,53,1.000000000000,2623664.000000,2623664.000000
MENASHA - C 0025,Menasha - C 0025,139,55139007207,007207,53,1.000000000000,2320.000000,2320.000000
VINLAND - T 001A,VINLAND - T 001A,139,55139007208,007208,55,1.000000000000,51975008.000000,51975008.000000
APPLETON - C 0031,Appleton - C 0031,139,55139007209,007209,53,1.000000000000,112881.000000,112881.000000
ALGOMA - T 0004,ALGOMA - T 0004,139,55139007210,007210,55,1.000000000000,3860754.000000,3860754.000000
WINNECONNE - V 0004,Winneconne - V 0004,139,55139007211,007211,55,1.000000000000,727875.000000,727875.000000
OMRO - C 0003,Omro - C 0003,139,55139007212,007212,55,1.000000000000,493079.000000,493079.000000
OSHKOSH - C 0037,Oshkosh - C 0037,139,55139007213,007213,54,1.000000000000,168867.000000,168867.000000
OMRO - C 0005,Omro - C 0005,139,55139007214,007214,55,1.000000000000,382702.000000,382702.000000
OSHKOSH - C 023A,Oshkosh - C 023A,139,55139007215,007215,54,1.000000000000,1271021.000000,1271021.000000
OSHKOSH - C 0024,Oshkosh - C 0024,139,55139007216,007216,54,1.000000000000,1859978.000000,1859978.000000
NEENAH - C 0014,Neenah - C 0014,139,55139007217,007217,53,1.000000000000,678627.000000,678627.000000
WINNECONNE - V 0002,Winneconne - V 0002,139,55139007218,007218,55,1.000000000000,1402200.000000,1402200.000000
FOX CROSSING - V 0003,Fox Crossing - V 0003,139,55139007219,007219,55,1.000000000000,3859812.000000,3859812.000000
NEENAH - C 0024,Neenah - C 0024,139,55139007220,007220,53,1.000000000000,1841340.000000,1841340.000000
WINNECONNE - V 0001,Winneconne - V 0001,139,55139007221,007221,55,1.000000000000,1285832.000000,1285832.000000
BLACK WOLF - T 0002,BLACK WOLF - T 0002,139,55139007222,007222,55,1.000000000000,57420504.000000,57420504.000000
NEENAH - C 0010,Neenah - C 0010,139,55139007223,007223,53,1.000000000000,511840.000000,511840.000000
MENASHA - C 0007,Menasha - C 0007,139,55139007224,007224,53,1.000000000000,224181.000000,224181.000000
OMRO - C 0004,Omro - C 0004,139,55139007225,007225,55,1.000000000000,1505652.000000,1505652.000000
MENASHA - C 0014,Menasha - C 0014,139,55139007226,007226,53,1.000000000000,1483102.000000,1483102.000000
MENASHA - C 005B,Menasha - C 005B,139,55139007227,007227,53,1.000000000000,370614.000000,370614.000000
NEENAH - C 0006,Neenah - C 0006,139,55139007228,007228,53,1.000000000000,444543.000000,444543.000000
OSHKOSH - C 0017,Oshkosh - C 0017,139,55139007229,007229,54,1.000000000000,1346710.000000,1346710.000000
NEENAH - C 0008,Neenah - C 0008,139,55139007230,007230,53,1.000000000000,326362.000000,326362.000000
MENASHA - C 0002,Menasha - C 0002,139,55139007231,007231,53,1.000000000000,2135469.000000,2135469.000000
OSHKOSH - C 0036,Oshkosh - C 0036,139,55139007232,007232,55,1.000000000000,11558.000000,11558.000000
OSHKOSH - T 0002,OSHKOSH - T 0002,139,55139007233,007233,54,1.000000000000,10938730.000000,10938730.000000
FOX CROSSING - V 0001,Fox Crossing - V 0001,139,55139007234,007234,55,1.000000000000,5722008.000000,5722008.000000
UTICA - T 0002,UTICA - T 0002,139,55139007235,007235,55,1.000000000000,37413051.000000,37413051.000000
OSHKOSH - C 0010,Oshkosh - C 0010,139,55139007236,007236,54,1.000000000000,1115176.000000,1115176.000000
WINNECONNE - T 0005,WINNECONNE - T 0005,139,55139007237,007237,55,1.000000000000,1260771.000000,1260771.000000
MENASHA - C 0032,Menasha - C 0032,139,55139007238,007238,53,1.000000000000,1718.000000,1718.000000
NEKIMI - T 0002,NEKIMI - T 0002,139,55139007239,007239,55,1.000000000000,45205935.000000,45205935.000000
OSHKOSH - C 0013,Oshkosh - C 0013,139,55139007240,007240,55,1.000000000000,1214987.000000,1214987.000000
WOLF RIVER - T 0001,WOLF RIVER - T 0001,139,55139007241,007241,55,1.000000000000,54137579.000000,54137579.000000
FOX CROSSING - V 0009,Fox Crossing - V 0009,139,55139007242,007242,53,1.000000000000,1475276.000000,1475276.000000
OSHKOSH - C 029B,Oshkosh - C 029B,139,55139007243,007243,55,1.000000000000,659675.000000,659675.000000
NEENAH - C 0016,Neenah - C 0016,139,55139007244,007244,53,1.000000000000,1630364.000000,1630364.000000
MENASHA - C 0008,Menasha - C 0008,139,55139007245,007245,53,1.000000000000,568189.000000,568189.000000
OSHKOSH - T 001A,OSHKOSH - T 001A,139,55139007246,007246,54,1.000000000000,21187179.000000,21187179.000000
RUSHFORD - T 0002,RUSHFORD - T 0002,139,55139007247,007247,57,1.000000000000,50996089.000000,50996089.000000
MENASHA - C 0012,Menasha - C 0012,139,55139007248,007248,53,1.000000000000,598438.000000,598438.000000
OSHKOSH - C 0026,Oshkosh - C 0026,139,55139007249,007249,54,1.000000000000,4916492.000000,4916492.000000
OSHKOSH - C 0040,Oshkosh - C 0040,139,55139007250,007250,54,1.000000000000,26465.000000,26465.000000
OSHKOSH - C 0039,Oshkosh - C 0039,139,55139007251,007251,54,1.000000000000,93253.000000,93253.000000
ALGOMA - T 0010,ALGOMA - T 0010,139,55139007252,007252,55,1.000000000000,2545317.000000,2545317.000000
ALGOMA - T 0009,ALGOMA - T 0009,139,55139007253,007253,55,1.000000000000,5538302.000000,5538302.000000
ALGOMA - T 0008,ALGOMA - T 0008,139,55139007255,007255,55,1.000000000000,1008416.000000,1008416.000000
ALGOMA - T 0002,ALGOMA - T 0002,139,55139007256,007256,54,0.002651268298,7091.000000,2674569.000000
ALGOMA - T 0002,ALGOMA - T 0002,139,55139007256,007256,55,0.997348731702,2667478.000000,2674569.000000
MENASHA - C 0021,Menasha - C 0021,139,55139080016,080016,53,1.000000000000,1223.000000,1223.000000
NEENAH - C 0027,Neenah - C 0027,139,55139080017,080017,53,1.000000000000,111525.000000,111525.000000
OSHKOSH - C 0041,Oshkosh - C 0041,139,55139080018,080018,55,1.000000000000,143178.000000,143178.000000
MENASHA - C 0022,Menasha - C 0022,139,55139080019,080019,53,1.000000000000,782.000000,782.000000
MENASHA - C 0037,Menasha - C 0037,139,55139080020,080020,53,1.000000000000,1735.000000,1735.000000
OSHKOSH - C 0032,Oshkosh - C 0032,139,55139080021,080021,54,1.000000000000,235652.000000,235652.000000
MENASHA - C 0030,Menasha - C 0030,139,55139080022,080022,53,1.000000000000,6157.000000,6157.000000
MENASHA - C 0027,Menasha - C 0027,139,55139080023,080023,53,1.000000000000,1150.000000,1150.000000
MENASHA - C 0028,Menasha - C 0028,139,55139080024,080024,53,1.000000000000,1841.000000,1841.000000
MENASHA - C 0029,Menasha - C 0029,139,55139080025,080025,53,1.000000000000,923.000000,923.000000
MENASHA - C 0026,Menasha - C 0026,139,55139080026,080026,53,1.000000000000,1302.000000,1302.000000
NEENAH - C 0026,Neenah - C 0026,139,55139080027,080027,53,1.000000000000,6581.000000,6581.000000
ARPIN - V 0001,Arpin - V 0001,141,55141007259,007259,86,1.000000000000,2128067.000000,2128067.000000
ARPIN - T 0001,ARPIN - T 0001,141,55141007260,007260,86,1.000000000000,38822643.000000,38822643.000000
ARPIN - T 0002,ARPIN - T 0002,141,55141007261,007261,86,1.000000000000,15529185.000000,15529185.000000
ARPIN - T 0003,ARPIN - T 0003,141,55141007262,007262,86,1.000000000000,31114237.000000,31114237.000000
AUBURNDALE - V 0001,Auburndale - V 0001,141,55141007263,007263,86,1.000000000000,5364624.000000,5364624.000000
AUBURNDALE - T 0001,AUBURNDALE - T 0001,141,55141007264,007264,86,1.000000000000,83536727.000000,83536727.000000
BIRON - V 0001,Biron - V 0001,141,55141007265,007265,72,1.000000000000,16263631.000000,16263631.000000
CAMERON - T 0001,CAMERON - T 0001,141,55141007266,007266,86,1.000000000000,17885300.000000,17885300.000000
CARY - T 0001,CARY - T 0001,141,55141007267,007267,86,1.000000000000,91094071.000000,91094071.000000
CRANMOOR - T 0001,CRANMOOR - T 0001,141,55141007268,007268,72,1.000000000000,109512975.000000,109512975.000000
DEXTER - T 0001,DEXTER - T 0001,141,55141007269,007269,72,1.000000000000,92110030.000000,92110030.000000
GRAND RAPIDS - T 0001,GRAND RAPIDS - T 0001,141,55141007270,007270,72,1.000000000000,2040726.000000,2040726.000000
GRAND RAPIDS - T 0010,GRAND RAPIDS - T 0010,141,55141007271,007271,72,1.000000000000,18335033.000000,18335033.000000
GRAND RAPIDS - T 0011,GRAND RAPIDS - T 0011,141,55141007272,007272,72,1.000000000000,6025147.000000,6025147.000000
GRAND RAPIDS - T 0002,GRAND RAPIDS - T 0002,141,55141007273,007273,72,1.000000000000,3343712.000000,3343712.000000
GRAND RAPIDS - T 0003,GRAND RAPIDS - T 0003,141,55141007274,007274,72,1.000000000000,1449314.000000,1449314.000000
GRAND RAPIDS - T 0004,GRAND RAPIDS - T 0004,141,55141007275,007275,72,1.000000000000,4799707.000000,4799707.000000
GRAND RAPIDS - T 0005,GRAND RAPIDS - T 0005,141,55141007276,007276,72,1.000000000000,5175791.000000,5175791.000000
GRAND RAPIDS - T 0006,GRAND RAPIDS - T 0006,141,55141007277,007277,72,1.000000000000,3217707.000000,3217707.000000
GRAND RAPIDS - T 0007,GRAND RAPIDS - T 0007,141,55141007278,007278,72,1.000000000000,3326785.000000,3326785.000000
GRAND RAPIDS - T 0008,GRAND RAPIDS - T 0008,141,55141007279,007279,72,1.000000000000,2782017.000000,2782017.000000
GRAND RAPIDS - T 0009,GRAND RAPIDS - T 0009,141,55141007280,007280,72,1.000000000000,2240972.000000,2240972.000000
HANSEN - T 0001,HANSEN - T 0001,141,55141007281,007281,86,1.000000000000,87734537.000000,87734537.000000
HEWITT - V 0001,Hewitt - V 0001,141,55141007282,007282,86,1.000000000000,2410815.000000,2410815.000000
HILES - T 0001,HILES - T 0001,141,55141007283,007283,72,1.000000000000,91303893.000000,91303893.000000
LINCOLN - T 0001,LINCOLN - T 0001,141,55141007284,007284,86,1.000000000000,28635754.000000,28635754.000000
LINCOLN - T 0002,LINCOLN - T 0002,141,55141007285,007285,86,1.000000000000,59757876.000000,59757876.000000
MARSHFIELD - C 0001,Marshfield - C 0001,141,55141007286,007286,86,1.000000000000,1610620.000000,1610620.000000
MARSHFIELD - C 0010,Marshfield - C 0010,141,55141007287,007287,86,1.000000000000,2665177.000000,2665177.000000
MARSHFIELD - C 0011,Marshfield - C 0011,141,55141007288,007288,86,1.000000000000,579767.000000,579767.000000
MARSHFIELD - C 0013,Marshfield - C 0013,141,55141007289,007289,86,1.000000000000,1083100.000000,1083100.000000
MARSHFIELD - C 0014,Marshfield - C 0014,141,55141007290,007290,86,1.000000000000,444090.000000,444090.000000
MARSHFIELD - C 0015,Marshfield - C 0015,141,55141007291,007291,86,1.000000000000,569365.000000,569365.000000
MARSHFIELD - C 0016,Marshfield - C 0016,141,55141007292,007292,86,1.000000000000,258653.000000,258653.000000
MARSHFIELD - C 0017,Marshfield - C 0017,141,55141007293,007293,86,1.000000000000,848131.000000,848131.000000
MARSHFIELD - C 0018,Marshfield - C 0018,141,55141007294,007294,86,1.000000000000,909591.000000,909591.000000
MARSHFIELD - C 0019,Marshfield - C 0019,141,55141007295,007295,86,1.000000000000,350067.000000,350067.000000
MARSHFIELD - C 0002,Marshfield - C 0002,141,55141007296,007296,86,1.000000000000,1393726.000000,1393726.000000
MARSHFIELD - C 0022,Marshfield - C 0022,141,55141007297,007297,86,1.000000000000,129454.000000,129454.000000
MARSHFIELD - C 0023,Marshfield - C 0023,141,55141007298,007298,86,1.000000000000,141709.000000,141709.000000
MARSHFIELD - C 0025,Marshfield - C 0025,141,55141007299,007299,86,1.000000000000,72421.000000,72421.000000
MARSHFIELD - C 0026,Marshfield - C 0026,141,55141007300,007300,86,1.000000000000,372313.000000,372313.000000
MARSHFIELD - C 0027,Marshfield - C 0027,141,55141007301,007301,86,1.000000000000,302903.000000,302903.000000
MARSHFIELD - C 0003,Marshfield - C 0003,141,55141007302,007302,86,1.000000000000,1227773.000000,1227773.000000
MARSHFIELD - C 0004,Marshfield - C 0004,141,55141007303,007303,86,1.000000000000,2023162.000000,2023162.000000
MARSHFIELD - C 0005,Marshfield - C 0005,141,55141007304,007304,86,1.000000000000,3796048.000000,3796048.000000
MARSHFIELD - C 0006,Marshfield - C 0006,141,55141007305,007305,86,1.000000000000,3231260.000000,3231260.000000
MARSHFIELD - C 0007,Marshfield - C 0007,141,55141007306,007306,86,1.000000000000,6060668.000000,6060668.000000
MARSHFIELD - C 0008,Marshfield - C 0008,141,55141007307,007307,86,1.000000000000,1578163.000000,1578163.000000
MARSHFIELD - C 0009,Marshfield - C 0009,141,55141007308,007308,86,1.000000000000,897607.000000,897607.000000
MARSHFIELD - T 0001,MARSHFIELD - T 0001,141,55141007309,007309,86,1.000000000000,42155248.000000,42155248.000000
MILLADORE - V 0001,Milladore - V 0001,141,55141007310,007310,86,1.000000000000,2580195.000000,2580195.000000
MILLADORE - T 0001,MILLADORE - T 0001,141,55141007311,007311,86,1.000000000000,88284506.000000,88284506.000000
NEKOOSA - C 0001,Nekoosa - C 0001,141,55141007312,007312,72,1.000000000000,3230084.000000,3230084.000000
NEKOOSA - C 0002,Nekoosa - C 0002,141,55141007313,007313,72,1.000000000000,1165534.000000,1165534.000000
NEKOOSA - C 0003,Nekoosa - C 0003,141,55141007314,007314,72,1.000000000000,2849540.000000,2849540.000000
NEKOOSA - C 0004,Nekoosa - C 0004,141,55141007315,007315,72,1.000000000000,1568840.000000,1568840.000000
PITTSVILLE - C 0001,Pittsville - C 0001,141,55141007316,007316,86,1.000000000000,5181109.000000,5181109.000000
PORT EDWARDS - V 0001,Port Edwards - V 0001,141,55141007317,007317,72,1.000000000000,11715159.000000,11715159.000000
PORT EDWARDS - V 0002,Port Edwards - V 0002,141,55141007318,007318,72,1.000000000000,1851405.000000,1851405.000000
PORT EDWARDS - V 0003,Port Edwards - V 0003,141,55141007319,007319,72,1.000000000000,3218452.000000,3218452.000000
PORT EDWARDS - T 0001,PORT EDWARDS - T 0001,141,55141007320,007320,72,1.000000000000,24739281.000000,24739281.000000
PORT EDWARDS - T 0002,PORT EDWARDS - T 0002,141,55141007321,007321,72,1.000000000000,6519598.000000,6519598.000000
PORT EDWARDS - T 0003,PORT EDWARDS - T 0003,141,55141007322,007322,72,1.000000000000,10772730.000000,10772730.000000
PORT EDWARDS - T 0004,PORT EDWARDS - T 0004,141,55141007323,007323,72,1.000000000000,60233467.000000,60233467.000000
REMINGTON - T 0001,REMINGTON - T 0001,141,55141007324,007324,72,1.000000000000,184975998.000000,184975998.000000
RICHFIELD - T 0001,RICHFIELD - T 0001,141,55141007325,007325,86,1.000000000000,51961304.000000,51961304.000000
RICHFIELD - T 0002,RICHFIELD - T 0002,141,55141007326,007326,86,1.000000000000,22728049.000000,22728049.000000
RICHFIELD - T 0003,RICHFIELD - T 0003,141,55141007327,007327,86,1.000000000000,15427226.000000,15427226.000000
ROCK - T 0001,ROCK - T 0001,141,55141007328,007328,86,1.000000000000,89434513.000000,89434513.000000
RUDOLPH - V 0001,Rudolph - V 0001,141,55141007329,007329,86,1.000000000000,3118688.000000,3118688.000000
RUDOLPH - T 0001,RUDOLPH - T 0001,141,55141007330,007330,86,1.000000000000,40596570.000000,40596570.000000
RUDOLPH - T 0002,RUDOLPH - T 0002,141,55141007331,007331,86,1.000000000000,36407733.000000,36407733.000000
SARATOGA - T 0001,SARATOGA - T 0001,141,55141007332,007332,72,1.000000000000,15586018.000000,15586018.000000
SARATOGA - T 0002,SARATOGA - T 0002,141,55141007333,007333,72,1.000000000000,27681203.000000,27681203.000000
SARATOGA - T 0003,SARATOGA - T 0003,141,55141007334,007334,72,1.000000000000,13044298.000000,13044298.000000
SARATOGA - T 0004,SARATOGA - T 0004,141,55141007335,007335,72,1.000000000000,2694936.000000,2694936.000000
SARATOGA - T 0005,SARATOGA - T 0005,141,55141007336,007336,72,1.000000000000,6590824.000000,6590824.000000
SARATOGA - T 0006,SARATOGA - T 0006,141,55141007337,007337,72,1.000000000000,9036135.000000,9036135.000000
SARATOGA - T 0007,SARATOGA - T 0007,141,55141007338,007338,72,1.000000000000,21883448.000000,21883448.000000
SARATOGA - T 0008,SARATOGA - T 0008,141,55141007339,007339,72,1.000000000000,35381929.000000,35381929.000000
SARATOGA - T 0009,SARATOGA - T 0009,141,55141007340,007340,72,1.000000000000,1929999.000000,1929999.000000
SENECA - T 0001,SENECA - T 0001,141,55141007341,007341,72,1.000000000000,51527467.000000,51527467.000000
SENECA - T 0002,SENECA - T 0002,141,55141007342,007342,72,1.000000000000,9176025.000000,9176025.000000
SENECA - T 0003,SENECA - T 0003,141,55141007343,007343,72,1.000000000000,23126043.000000,23126043.000000
SHERRY - T 0001,SHERRY - T 0001,141,55141007344,007344,86,1.000000000000,91717483.000000,91717483.000000
SIGEL - T 0001,SIGEL - T 0001,141,55141007345,007345,86,1.000000000000,55594331.000000,55594331.000000
SIGEL - T 0002,SIGEL - T 0002,141,55141007346,007346,86,1.000000000000,14441880.000000,14441880.000000
SIGEL - T 0003,SIGEL - T 0003,141,55141007347,007347,86,1.000000000000,21830538.000000,21830538.000000
VESPER - V 0001,Vesper - V 0001,141,55141007348,007348,86,1.000000000000,2990849.000000,2990849.000000
WISCONSIN RAPIDS - C 0001,Wisconsin Rapids - C 0001,141,55141007349,007349,72,1.000000000000,13015836.000000,13015836.000000
WISCONSIN RAPIDS - C 0010,Wisconsin Rapids - C 0010,141,55141007350,007350,72,1.000000000000,1344481.000000,1344481.000000
WISCONSIN RAPIDS - C 0011,Wisconsin Rapids - C 0011,141,55141007351,007351,72,1.000000000000,162011.000000,162011.000000
WISCONSIN RAPIDS - C 0012,Wisconsin Rapids - C 0012,141,55141007352,007352,72,1.000000000000,3174333.000000,3174333.000000
WISCONSIN RAPIDS - C 0013,Wisconsin Rapids - C 0013,141,55141007353,007353,72,1.000000000000,2411121.000000,2411121.000000
WISCONSIN RAPIDS - C 0014,Wisconsin Rapids - C 0014,141,55141007354,007354,72,1.000000000000,522699.000000,522699.000000
WISCONSIN RAPIDS - C 0015,Wisconsin Rapids - C 0015,141,55141007355,007355,72,1.000000000000,247067.000000,247067.000000
WISCONSIN RAPIDS - C 0016,Wisconsin Rapids - C 0016,141,55141007356,007356,72,1.000000000000,924888.000000,924888.000000
WISCONSIN RAPIDS - C 0017,Wisconsin Rapids - C 0017,141,55141007357,007357,72,1.000000000000,2029229.000000,2029229.000000
WISCONSIN RAPIDS - C 0018,Wisconsin Rapids - C 0018,141,55141007358,007358,72,1.000000000000,937046.000000,937046.000000
WISCONSIN RAPIDS - C 0019,Wisconsin Rapids - C 0019,141,55141007359,007359,72,1.000000000000,795113.000000,795113.000000
WISCONSIN RAPIDS - C 0002,Wisconsin Rapids - C 0002,141,55141007360,007360,72,1.000000000000,2327525.000000,2327525.000000
WISCONSIN RAPIDS - C 0020,Wisconsin Rapids - C 0020,141,55141007361,007361,72,1.000000000000,657207.000000,657207.000000
WISCONSIN RAPIDS - C 0021,Wisconsin Rapids - C 0021,141,55141007362,007362,72,1.000000000000,396312.000000,396312.000000
WISCONSIN RAPIDS - C 0022,Wisconsin Rapids - C 0022,141,55141007363,007363,72,1.000000000000,526800.000000,526800.000000
WISCONSIN RAPIDS - C 0023,Wisconsin Rapids - C 0023,141,55141007364,007364,72,1.000000000000,1619718.000000,1619718.000000
WISCONSIN RAPIDS - C 0024,Wisconsin Rapids - C 0024,141,55141007365,007365,72,1.000000000000,20278.000000,20278.000000
WISCONSIN RAPIDS - C 0025,Wisconsin Rapids - C 0025,141,55141007366,007366,72,1.000000000000,10221.000000,10221.000000
WISCONSIN RAPIDS - C 0026,Wisconsin Rapids - C 0026,141,55141007367,007367,72,1.000000000000,2851.000000,2851.000000
WISCONSIN RAPIDS - C 0027,Wisconsin Rapids - C 0027,141,55141007368,007368,72,1.000000000000,97298.000000,97298.000000
WISCONSIN RAPIDS - C 0028,Wisconsin Rapids - C 0028,141,55141007369,007369,72,1.000000000000,4586.000000,4586.000000
WISCONSIN RAPIDS - C 0029,Wisconsin Rapids - C 0029,141,55141007370,007370,72,1.000000000000,4949.000000,4949.000000
WISCONSIN RAPIDS - C 0003,Wisconsin Rapids - C 0003,141,55141007371,007371,72,1.000000000000,2270493.000000,2270493.000000
WISCONSIN RAPIDS - C 0004,Wisconsin Rapids - C 0004,141,55141007372,007372,72,1.000000000000,634585.000000,634585.000000
WISCONSIN RAPIDS - C 0005,Wisconsin Rapids - C 0005,141,55141007373,007373,72,1.000000000000,860063.000000,860063.000000
WISCONSIN RAPIDS - C 0006,Wisconsin Rapids - C 0006,141,55141007374,007374,72,1.000000000000,1005303.000000,1005303.000000
WISCONSIN RAPIDS - C 0007,Wisconsin Rapids - C 0007,141,55141007375,007375,72,1.000000000000,608181.000000,608181.000000
WISCONSIN RAPIDS - C 0008,Wisconsin Rapids - C 0008,141,55141007376,007376,72,1.000000000000,1193382.000000,1193382.000000
WISCONSIN RAPIDS - C 0009,Wisconsin Rapids - C 0009,141,55141007377,007377,72,1.000000000000,446052.000000,446052.000000
WOOD - T 0001,WOOD - T 0001,141,55141007378,007378,86,1.000000000000,86267690.000000,86267690.000000
